support_size,n,seed_count,rho_active,cross_scale,rho_cross,seed,theta_raw,theta_bin,safe_raw,safe_bin
25,5000,3,0.0,0.0,0.0,6201,0.014340205813950964,0.08012581468489788,1.0,1.0
25,5000,3,0.0,0.0,0.0,6202,0.2757396617728989,0.1055819093399348,1.0,1.0
25,5000,3,0.0,0.0,0.0,6203,0.09054569919438471,0.04056298516322293,1.0,1.0
25,5000,3,0.0,0.05,0.010000000000000002,6201,0.3878513910083674,0.2906525377849153,1.0,1.0
25,5000,3,0.0,0.05,0.010000000000000002,6202,0.3279626276540596,0.23312923523422208,1.0,1.0
25,5000,3,0.0,0.05,0.010000000000000002,6203,0.28298280796787945,0.2354157009752379,1.0,1.0
25,5000,3,0.0,0.1,0.020000000000000004,6201,0.6333160283353028,0.40764902208842646,1.0,1.0
25,5000,3,0.0,0.1,0.020000000000000004,6202,0.5721505813457791,0.46172273913555717,1.0,1.0
25,5000,3,0.0,0.1,0.020000000000000004,6203,0.5313788570592761,0.28406303485572953,1.0,1.0
25,5000,3,0.0,0.15,0.03,6201,0.8772590408117672,0.5511000450135493,1.0,1.0
25,5000,3,0.0,0.15,0.03,6202,0.8170318006632977,0.5990557493201482,1.0,1.0
25,5000,3,0.0,0.15,0.03,6203,0.7786953764288157,0.38791048152362506,1.0,1.0
25,5000,3,0.0,0.2,0.04000000000000001,6201,1.1213435377125838,0.7290253064978766,0.0,1.0
25,5000,3,0.0,0.2,0.04000000000000001,6202,1.0620406214308828,0.7493150244263348,0.0,1.0
25,5000,3,0.0,0.2,0.04000000000000001,6203,1.023850139655092,0.5535458740924197,0.0,1.0
25,5000,3,0.0,0.25,0.05,6201,1.3645386589200907,0.9417921037339569,0.0,1.0
25,5000,3,0.0,0.25,0.05,6202,1.305871943565299,0.8918338001393071,0.0,1.0
25,5000,3,0.0,0.25,0.05,6203,1.2689718497737084,0.699800134460133,0.0,1.0
25,5000,3,0.0,0.3,0.06,6201,1.605000039752198,1.049607330703632,0.0,0.0
25,5000,3,0.0,0.3,0.06,6202,1.5477329591344977,1.1017834238940638,0.0,0.0
25,5000,3,0.0,0.3,0.06,6203,1.5146474868109174,0.875599475529616,0.0,1.0
25,5000,3,0.0,0.35,0.06999999999999999,6201,1.846220082823952,1.155453040711681,0.0,0.0
25,5000,3,0.0,0.35,0.06999999999999999,6202,1.7917396829239132,1.221529784941471,0.0,0.0
25,5000,3,0.0,0.35,0.06999999999999999,6203,1.762509818857212,1.0741871953050777,0.0,0.0
25,5000,3,0.0,0.4,0.08000000000000002,6201,2.085571722360485,1.2666046190783486,0.0,0.0
25,5000,3,0.0,0.4,0.08000000000000002,6202,2.0359644619223944,1.407844753774369,0.0,0.0
25,5000,3,0.0,0.4,0.08000000000000002,6203,2.008728438917899,1.263387750096121,0.0,0.0
25,5000,3,0.0,0.45,0.09000000000000001,6201,2.324728273363628,1.5317269629297452,0.0,0.0
25,5000,3,0.0,0.45,0.09000000000000001,6202,2.2773839081698233,1.4969251678226023,0.0,0.0
25,5000,3,0.0,0.45,0.09000000000000001,6203,2.253518711344535,1.3942938913519605,0.0,0.0
25,5000,3,0.0,0.5,0.1,6201,2.5605640694303986,1.637777694180122,0.0,0.0
25,5000,3,0.0,0.5,0.1,6202,2.5188043745280977,1.6765811974335398,0.0,0.0
25,5000,3,0.0,0.5,0.1,6203,2.4975035979986435,1.5550819578747639,0.0,0.0
25,5000,3,0.0,0.55,0.11000000000000001,6201,2.7985630453327657,1.777771239803002,0.0,0.0
25,5000,3,0.0,0.55,0.11000000000000001,6202,2.75914060895969,1.9027929722585042,0.0,0.0
25,5000,3,0.0,0.55,0.11000000000000001,6203,2.7436218822281355,1.733829139809363,0.0,0.0
25,5000,3,0.0,0.6,0.12,6201,3.0345739776642873,1.956841048745428,0.0,0.0
25,5000,3,0.0,0.6,0.12,6202,3.0020316489734684,1.9365176457922764,0.0,0.0
25,5000,3,0.0,0.6,0.12,6203,2.9899075801002475,1.9149760991018547,0.0,0.0
25,5000,3,0.0,0.65,0.13,6201,3.2693711238719203,2.109235547127848,0.0,0.0
25,5000,3,0.0,0.65,0.13,6202,3.2430273153520988,2.1814120599403077,0.0,0.0
25,5000,3,0.0,0.65,0.13,6203,3.234701879259446,2.073065793608074,0.0,0.0
25,5000,3,0.0,0.7,0.13999999999999999,6201,3.503281597477804,2.2776116601164733,0.0,0.0
25,5000,3,0.0,0.7,0.13999999999999999,6202,3.4832765215425665,2.2542345993613706,0.0,0.0
25,5000,3,0.0,0.7,0.13999999999999999,6203,3.4811529480089773,2.2098097161541554,0.0,0.0
25,5000,3,0.0,0.75,0.15000000000000002,6201,3.737422117020742,2.387858139769138,0.0,0.0
25,5000,3,0.0,0.75,0.15000000000000002,6202,3.7215829926667388,2.453641420529471,0.0,0.0
25,5000,3,0.0,0.75,0.15000000000000002,6203,3.726490803396133,2.3847350637157163,0.0,0.0
25,5000,3,0.0,0.8,0.16000000000000003,6201,3.9696320504143463,2.5016149594505253,0.0,0.0
25,5000,3,0.0,0.8,0.16000000000000003,6202,3.9632853190393043,2.6470412599344195,0.0,0.0
25,5000,3,0.0,0.8,0.16000000000000003,6203,3.971560283357821,2.56810137460373,0.0,0.0
25,5000,3,0.0,0.85,0.17,6201,4.201363209523958,2.727333767989424,0.0,0.0
25,5000,3,0.0,0.85,0.17,6202,4.203872911140669,2.866094551855914,0.0,0.0
25,5000,3,0.0,0.85,0.17,6203,4.218164214640238,2.697475554049087,0.0,0.0
25,5000,3,0.0,0.9,0.18000000000000002,6201,4.4336225830139755,2.8891952119088473,0.0,0.0
25,5000,3,0.0,0.9,0.18000000000000002,6202,4.4452046393023785,2.9307394233732103,0.0,0.0
25,5000,3,0.0,0.9,0.18000000000000002,6203,4.465801917399946,2.8693579339696877,0.0,0.0
25,5000,3,0.0,0.95,0.19,6201,4.676674606427749,2.985542299197399,0.0,0.0
25,5000,3,0.0,0.95,0.19,6202,4.714222330968536,3.0453954484502477,0.0,0.0
25,5000,3,0.0,0.95,0.19,6203,4.740885175328159,3.1408756427499176,0.0,0.0
25,5000,3,0.025,0.0,0.0,6201,0.02428379149120234,0.013775359584282863,1.0,1.0
25,5000,3,0.025,0.0,0.0,6202,0.0002305865707839111,0.019854168761093173,1.0,1.0
25,5000,3,0.025,0.0,0.0,6203,0.00868320715900548,0.01897772303645707,1.0,1.0
25,5000,3,0.025,0.05,0.012649110640673518,6201,0.23293768922842142,0.18898016753844737,1.0,1.0
25,5000,3,0.025,0.05,0.012649110640673518,6202,0.2069781245975884,0.12194016761197422,1.0,1.0
25,5000,3,0.025,0.05,0.012649110640673518,6203,0.20293983820732536,0.15895979040529523,1.0,1.0
25,5000,3,0.025,0.1,0.025298221281347035,6201,0.40293723819443106,0.37052249096907397,1.0,1.0
25,5000,3,0.025,0.1,0.025298221281347035,6202,0.3587426045567103,0.30307467240077146,1.0,1.0
25,5000,3,0.025,0.1,0.025298221281347035,6203,0.3340770111598022,0.32996753267695067,1.0,1.0
25,5000,3,0.025,0.15,0.03794733192202055,6201,0.6166983921412417,0.5215543995164373,1.0,1.0
25,5000,3,0.025,0.15,0.03794733192202055,6202,0.5666885001241894,0.4105136579435246,1.0,1.0
25,5000,3,0.025,0.15,0.03794733192202055,6203,0.5415308586996233,0.4263470991373495,1.0,1.0
25,5000,3,0.025,0.2,0.05059644256269407,6201,0.8234413617861303,0.6937052531281109,1.0,1.0
25,5000,3,0.025,0.2,0.05059644256269407,6202,0.7737323629253349,0.6017595211777405,1.0,1.0
25,5000,3,0.025,0.2,0.05059644256269407,6203,0.7461634106956919,0.558202632864555,1.0,1.0
25,5000,3,0.025,0.25,0.06324555320336758,6201,1.0276794046176523,0.8343924860827576,0.0,1.0
25,5000,3,0.025,0.25,0.06324555320336758,6202,0.9756996639463326,0.7149283507572235,1.0,1.0
25,5000,3,0.025,0.25,0.06324555320336758,6203,0.9507452653027681,0.660592425166519,1.0,1.0
25,5000,3,0.025,0.3,0.0758946638440411,6201,1.227855816238344,0.9720308464295454,0.0,1.0
25,5000,3,0.025,0.3,0.0758946638440411,6202,1.1781939088066544,0.818137430242514,0.0,1.0
25,5000,3,0.025,0.3,0.0758946638440411,6203,1.1536307535709418,0.8415780046349288,0.0,1.0
25,5000,3,0.025,0.35,0.08854377448471461,6201,1.4258859335307428,1.085956160102965,0.0,0.0
25,5000,3,0.025,0.35,0.08854377448471461,6202,1.3785832006050558,1.0449614701348444,0.0,0.0
25,5000,3,0.025,0.35,0.08854377448471461,6203,1.3552699769959422,0.9923506056297196,0.0,1.0
25,5000,3,0.025,0.4,0.10119288512538814,6201,1.621574095200142,1.1335620453861566,0.0,0.0
25,5000,3,0.025,0.4,0.10119288512538814,6202,1.5778084411448314,1.2255251516155645,0.0,0.0
25,5000,3,0.025,0.4,0.10119288512538814,6203,1.5568947727916873,1.1089756485717117,0.0,0.0
25,5000,3,0.025,0.45,0.11384199576606165,6201,1.815231502981531,1.3713931099247567,0.0,0.0
25,5000,3,0.025,0.45,0.11384199576606165,6202,1.77311494059985,1.3385137528082014,0.0,0.0
25,5000,3,0.025,0.45,0.11384199576606165,6203,1.7576335059018375,1.2492448766004816,0.0,0.0
25,5000,3,0.025,0.5,0.12649110640673517,6201,2.0066433816319345,1.50217548905088,0.0,0.0
25,5000,3,0.025,0.5,0.12649110640673517,6202,1.969858950927598,1.5511338478573244,0.0,0.0
25,5000,3,0.025,0.5,0.12649110640673517,6203,1.9551104479703676,1.4050824604587109,0.0,0.0
25,5000,3,0.025,0.55,0.1391402170474087,6201,2.197677485399672,1.6389842036159534,0.0,0.0
25,5000,3,0.025,0.55,0.1391402170474087,6202,2.1651879479848564,1.6751072738796036,0.0,0.0
25,5000,3,0.025,0.55,0.1391402170474087,6203,2.154941812626242,1.5544506243616798,0.0,0.0
25,5000,3,0.025,0.6,0.1517893276880822,6201,2.3864138893430358,1.7171694307929293,0.0,0.0
25,5000,3,0.025,0.6,0.1517893276880822,6202,2.359184924390915,1.8251580030340318,0.0,0.0
25,5000,3,0.025,0.6,0.1517893276880822,6203,2.3508999335027134,1.7040582327616947,0.0,0.0
25,5000,3,0.025,0.65,0.1644384383287557,6201,2.5758221728584516,1.848828947269487,0.0,0.0
25,5000,3,0.025,0.65,0.1644384383287557,6202,2.553104804207415,1.9362731783401714,0.0,0.0
25,5000,3,0.025,0.65,0.1644384383287557,6203,2.548725042009023,1.7999317046961172,0.0,0.0
25,5000,3,0.025,0.7,0.17708754896942921,6201,2.7625081457118705,2.019293551686245,0.0,0.0
25,5000,3,0.025,0.7,0.17708754896942921,6202,2.746477999227171,2.1304516264359803,0.0,0.0
25,5000,3,0.025,0.7,0.17708754896942921,6203,2.7457554469593455,2.0362774561957044,0.0,0.0
25,5000,3,0.025,0.75,0.18973665961010275,6201,2.967024484290256,2.1280451797257176,0.0,0.0
25,5000,3,0.025,0.75,0.18973665961010275,6202,2.9783450794485242,2.2599187181718445,0.0,0.0
25,5000,3,0.025,0.75,0.18973665961010275,6203,2.9810538659137764,2.2398146943614536,0.0,0.0
25,5000,3,0.025,0.8,0.20238577025077628,6201,3.1355577216175394,2.3008396035446843,0.0,0.0
25,5000,3,0.025,0.8,0.20238577025077628,6202,3.1312014673697357,2.342654738385452,0.0,0.0
25,5000,3,0.025,0.8,0.20238577025077628,6203,3.1386270699194294,2.3117570262283937,0.0,0.0
25,5000,3,0.025,0.85,0.2150348808914498,6201,3.334555401985211,2.4559175520309666,0.0,0.0
25,5000,3,0.025,0.85,0.2150348808914498,6202,3.3535172990552207,2.557957671708149,0.0,0.0
25,5000,3,0.025,0.85,0.2150348808914498,6203,3.3651298710232433,2.4941376222359137,0.0,0.0
25,5000,3,0.025,0.9,0.2276839915321233,6201,3.5167353266598878,2.569375441317699,0.0,0.0
25,5000,3,0.025,0.9,0.2276839915321233,6202,3.5406023951318373,2.6996632372582625,0.0,0.0
25,5000,3,0.025,0.9,0.2276839915321233,6203,3.5565863552636285,2.6394176775541602,0.0,0.0
25,5000,3,0.025,0.95,0.2403331021727968,6201,3.6974005401921515,2.738354462350496,0.0,0.0
25,5000,3,0.025,0.95,0.2403331021727968,6202,3.725482678484208,2.7911718895817996,0.0,0.0
25,5000,3,0.025,0.95,0.2403331021727968,6203,3.7456760835433838,2.816615759693272,0.0,0.0
25,5000,3,0.05,0.0,0.0,6201,0.021239314174832543,0.02351663101076732,1.0,1.0
25,5000,3,0.05,0.0,0.0,6202,0.0006717637561914659,0.03822950886423588,1.0,1.0
25,5000,3,0.05,0.0,0.0,6203,0.0060236688623738245,0.019933442836162905,1.0,1.0
25,5000,3,0.05,0.05,0.014832396974191326,6201,0.1927644576790514,0.1336991649943838,1.0,1.0
25,5000,3,0.05,0.05,0.014832396974191326,6202,0.17266383791412587,0.12898290287498565,1.0,1.0
25,5000,3,0.05,0.05,0.014832396974191326,6203,0.17381709837382808,0.15193011793751887,1.0,1.0
25,5000,3,0.05,0.1,0.029664793948382652,6201,0.36677806843916716,0.32988987119121405,1.0,1.0
25,5000,3,0.05,0.1,0.029664793948382652,6202,0.34504964471136956,0.27321993917571075,1.0,1.0
25,5000,3,0.05,0.1,0.029664793948382652,6203,0.3402414924818937,0.27324860021786357,1.0,1.0
25,5000,3,0.05,0.15,0.044497190922573975,6201,0.5372805878845262,0.48492154067924226,1.0,1.0
25,5000,3,0.05,0.15,0.044497190922573975,6202,0.5192167666947372,0.43600071632225795,1.0,1.0
25,5000,3,0.05,0.15,0.044497190922573975,6203,0.505674896603585,0.35252350477866184,1.0,1.0
25,5000,3,0.05,0.2,0.059329587896765304,6201,0.6838264298341641,0.5804750232080849,1.0,1.0
25,5000,3,0.05,0.2,0.059329587896765304,6202,0.6452117713551153,0.4908742177054482,1.0,1.0
25,5000,3,0.05,0.2,0.059329587896765304,6203,0.6255320758547662,0.5198705587135912,1.0,1.0
25,5000,3,0.05,0.25,0.07416198487095663,6201,0.85694073654939,0.7591136206471001,1.0,1.0
25,5000,3,0.05,0.25,0.07416198487095663,6202,0.8167481488075432,0.6297952538423728,1.0,1.0
25,5000,3,0.05,0.25,0.07416198487095663,6203,0.7972883577548836,0.6016738629521678,1.0,1.0
25,5000,3,0.05,0.3,0.08899438184514795,6201,1.0288116382590178,0.8726191694819327,0.0,1.0
25,5000,3,0.05,0.3,0.08899438184514795,6202,0.9913351088450736,0.7843628962696994,1.0,1.0
25,5000,3,0.05,0.3,0.08899438184514795,6203,0.9718909182876204,0.7581152099118702,1.0,1.0
25,5000,3,0.05,0.35,0.10382677881933927,6201,1.2356293003697347,1.0754212192143433,0.0,0.0
25,5000,3,0.05,0.35,0.10382677881933927,6202,1.2359709349771997,0.999922283959024,0.0,1.0
25,5000,3,0.05,0.35,0.10382677881933927,6203,1.2328725738749569,0.9929553201007453,0.0,1.0
25,5000,3,0.05,0.4,0.11865917579353061,6201,1.3685842178419236,1.1088036785989015,0.0,0.0
25,5000,3,0.05,0.4,0.11865917579353061,6202,1.332824307141323,1.0597156865424338,0.0,0.0
25,5000,3,0.05,0.4,0.11865917579353061,6203,1.3182216313837525,1.0085371023500258,0.0,0.0
25,5000,3,0.05,0.45,0.13349157276772194,6201,1.535994857020218,1.1921691615864893,0.0,0.0
25,5000,3,0.05,0.45,0.13349157276772194,6202,1.5013294584374064,1.2109239326605783,0.0,0.0
25,5000,3,0.05,0.45,0.13349157276772194,6203,1.4872273579939759,1.1526040210674144,0.0,0.0
25,5000,3,0.05,0.5,0.14832396974191325,6201,1.7024256067628263,1.380177791176231,0.0,0.0
25,5000,3,0.05,0.5,0.14832396974191325,6202,1.6698852810749387,1.3422594425789072,0.0,0.0
25,5000,3,0.05,0.5,0.14832396974191325,6203,1.6583265537422274,1.286034352747885,0.0,0.0
25,5000,3,0.05,0.55,0.1631563667161046,6201,1.8656391732414515,1.5103165191129144,0.0,0.0
25,5000,3,0.05,0.55,0.1631563667161046,6202,1.8377714519862778,1.5188633932218993,0.0,0.0
25,5000,3,0.05,0.55,0.1631563667161046,6203,1.8294664954042759,1.4242217967943345,0.0,0.0
25,5000,3,0.05,0.6,0.1779887636902959,6201,2.0298342319494345,1.6146874346464943,0.0,0.0
25,5000,3,0.05,0.6,0.1779887636902959,6202,2.0057886484770084,1.6473625866516306,0.0,0.0
25,5000,3,0.05,0.6,0.1779887636902959,6203,2.0000402631418255,1.559036948833282,0.0,0.0
25,5000,3,0.05,0.65,0.19282116066448723,6201,2.1913912700351617,1.7378306801566965,0.0,0.0
25,5000,3,0.05,0.65,0.19282116066448723,6202,2.1724435596956995,1.7876911266808038,0.0,0.0
25,5000,3,0.05,0.65,0.19282116066448723,6203,2.1700241603663937,1.6737248173251138,0.0,0.0
25,5000,3,0.05,0.7,0.20765355763867854,6201,2.3704900623294263,1.9076901989693635,0.0,0.0
25,5000,3,0.05,0.7,0.20765355763867854,6202,2.3780925503985886,1.9508428503352744,0.0,0.0
25,5000,3,0.05,0.7,0.20765355763867854,6203,2.379552976224466,1.920435261180083,0.0,0.0
25,5000,3,0.05,0.75,0.22248595461286988,6201,2.513383985479888,1.9785582199205372,0.0,0.0
25,5000,3,0.05,0.75,0.22248595461286988,6202,2.505017614040189,2.0322816642271153,0.0,0.0
25,5000,3,0.05,0.75,0.22248595461286988,6203,2.5078228238585067,2.038205463483094,0.0,0.0
25,5000,3,0.05,0.8,0.23731835158706122,6201,2.6857033263817174,2.137491917400819,0.0,0.0
25,5000,3,0.05,0.8,0.23731835158706122,6202,2.701235036156467,2.228209019688978,0.0,0.0
25,5000,3,0.05,0.8,0.23731835158706122,6203,2.705667676046185,2.1983494696758257,0.0,0.0
25,5000,3,0.05,0.85,0.2521507485612525,6201,2.8324777187783248,2.2964522840279296,0.0,0.0
25,5000,3,0.05,0.85,0.2521507485612525,6202,2.8336234910032734,2.3296114088797513,0.0,0.0
25,5000,3,0.05,0.85,0.2521507485612525,6203,2.845118428127571,2.2955522702961924,0.0,0.0
25,5000,3,0.05,0.9,0.2669831455354439,6201,2.990627802404849,2.398803532643283,0.0,0.0
25,5000,3,0.05,0.9,0.2669831455354439,6202,2.997978057743926,2.4493490222721466,0.0,0.0
25,5000,3,0.05,0.9,0.2669831455354439,6203,3.0134763394747823,2.4627680557700025,0.0,0.0
25,5000,3,0.05,0.95,0.28181554250963514,6201,3.153788300535683,2.5345179668455513,0.0,0.0
25,5000,3,0.05,0.95,0.28181554250963514,6202,3.1775027204205792,2.6019216139656223,0.0,0.0
25,5000,3,0.05,0.95,0.28181554250963514,6203,3.1935335878015128,2.586082015715328,0.0,0.0
25,5000,3,0.075,0.0,0.0,6201,0.018266091613609807,0.03866505430041193,1.0,1.0
25,5000,3,0.075,0.0,0.0,6202,0.0016953638584397959,0.026380413140379484,1.0,1.0
25,5000,3,0.075,0.0,0.0,6203,0.00512486104621143,0.01730228810985844,1.0,1.0
25,5000,3,0.075,0.05,0.016733200530681513,6201,0.16964685967046855,0.1658913262452852,1.0,1.0
25,5000,3,0.075,0.05,0.016733200530681513,6202,0.15167521644464013,0.12187651241769777,1.0,1.0
25,5000,3,0.075,0.05,0.016733200530681513,6203,0.1546430951293518,0.11967992453990972,1.0,1.0
25,5000,3,0.075,0.1,0.033466401061363026,6201,0.322830523239794,0.2967209841383819,1.0,1.0
25,5000,3,0.075,0.1,0.033466401061363026,6202,0.30473613645312575,0.26905447627282764,1.0,1.0
25,5000,3,0.075,0.1,0.033466401061363026,6203,0.30151854015318724,0.22590792059343145,1.0,1.0
25,5000,3,0.075,0.15,0.05019960159204453,6201,0.47266445541313484,0.45091989312910763,1.0,1.0
25,5000,3,0.075,0.15,0.05019960159204453,6202,0.4559273384079071,0.3926850648025353,1.0,1.0
25,5000,3,0.075,0.15,0.05019960159204453,6203,0.4486585056796484,0.35047711662619696,1.0,1.0
25,5000,3,0.075,0.2,0.06693280212272605,6201,0.6243468468094924,0.5753684427492958,1.0,1.0
25,5000,3,0.075,0.2,0.06693280212272605,6202,0.6097755059174174,0.4880337625737665,1.0,1.0
25,5000,3,0.075,0.2,0.06693280212272605,6203,0.5980147464749447,0.45379523276794953,1.0,1.0
25,5000,3,0.075,0.25,0.08366600265340755,6201,0.7523008404453893,0.676341011804759,1.0,1.0
25,5000,3,0.075,0.25,0.08366600265340755,6202,0.7172508334707941,0.568875650481934,1.0,1.0
25,5000,3,0.075,0.25,0.08366600265340755,6203,0.7024180999784068,0.6029843891736874,1.0,1.0
25,5000,3,0.075,0.3,0.10039920318408906,6201,0.9061104619832813,0.8317375449381572,1.0,1.0
25,5000,3,0.075,0.3,0.10039920318408906,6202,0.8711206402184185,0.7612443937955131,1.0,1.0
25,5000,3,0.075,0.3,0.10039920318408906,6203,0.8552264106240407,0.6766502599188201,1.0,1.0
25,5000,3,0.075,0.35,0.11713240371477057,6201,1.0561450147997193,0.9094538275266266,0.0,1.0
25,5000,3,0.075,0.35,0.11713240371477057,6202,1.0239405289375498,0.851864167975744,0.0,1.0
25,5000,3,0.075,0.35,0.11713240371477057,6203,1.010082210502885,0.8301054272184273,0.0,1.0
25,5000,3,0.075,0.4,0.1338656042454521,6201,1.2365594247543936,1.119145408293206,0.0,0.0
25,5000,3,0.075,0.4,0.1338656042454521,6202,1.2419354344682554,1.0610499013288508,0.0,0.0
25,5000,3,0.075,0.4,0.1338656042454521,6203,1.2394184016611463,1.058266058568973,0.0,0.0
25,5000,3,0.075,0.45,0.1505988047761336,6201,1.354865658067454,1.186755976133216,0.0,0.0
25,5000,3,0.075,0.45,0.1505988047761336,6202,1.3256296464002657,1.073484029744737,0.0,0.0
25,5000,3,0.075,0.45,0.1505988047761336,6203,1.3150992999135769,1.0885600121608927,0.0,0.0
25,5000,3,0.075,0.5,0.1673320053068151,6201,1.5295395001334084,1.3125982011784094,0.0,0.0
25,5000,3,0.075,0.5,0.1673320053068151,6202,1.532832282981614,1.2893883853510613,0.0,0.0
25,5000,3,0.075,0.5,0.1673320053068151,6203,1.5305922161110315,1.2787220917741644,0.0,0.0
25,5000,3,0.075,0.55,0.18406520583749664,6201,1.650625166773826,1.4045587697081734,0.0,0.0
25,5000,3,0.075,0.55,0.18406520583749664,6202,1.62665849621306,1.4075103627209349,0.0,0.0
25,5000,3,0.075,0.55,0.18406520583749664,6203,1.6180794248412222,1.3031204242419587,0.0,0.0
25,5000,3,0.075,0.6,0.2007984063681781,6201,1.796213982512759,1.5043980571975473,0.0,0.0
25,5000,3,0.075,0.6,0.2007984063681781,6202,1.774437445682564,1.521030827957364,0.0,0.0
25,5000,3,0.075,0.6,0.2007984063681781,6203,1.7721619768652142,1.428942549964955,0.0,0.0
25,5000,3,0.075,0.65,0.21753160689885964,6201,1.9408501777033635,1.622214751664421,0.0,0.0
25,5000,3,0.075,0.65,0.21753160689885964,6202,1.9248911695743596,1.6773830090552648,0.0,0.0
25,5000,3,0.075,0.65,0.21753160689885964,6203,1.9211588738212628,1.5594034151980911,0.0,0.0
25,5000,3,0.075,0.7,0.23426480742954114,6201,2.084759553937947,1.7493191482798418,0.0,0.0
25,5000,3,0.075,0.7,0.23426480742954114,6202,2.071550115735783,1.8098511107964868,0.0,0.0
25,5000,3,0.075,0.7,0.23426480742954114,6203,2.0733278334235603,1.719940853328584,0.0,0.0
25,5000,3,0.075,0.75,0.25099800796022265,6201,2.227514182314949,1.850548203919939,0.0,0.0
25,5000,3,0.075,0.75,0.25099800796022265,6202,2.219312333601434,1.922720172508788,0.0,0.0
25,5000,3,0.075,0.75,0.25099800796022265,6203,2.2225575710502623,1.832473766501576,0.0,0.0
25,5000,3,0.075,0.8,0.2677312084909042,6201,2.3695418684088967,1.9985580128707148,0.0,0.0
25,5000,3,0.075,0.8,0.2677312084909042,6202,2.3652854985681495,2.026730194569349,0.0,0.0
25,5000,3,0.075,0.8,0.2677312084909042,6203,2.3720231406052465,1.9697023262536502,0.0,0.0
25,5000,3,0.075,0.85,0.28446440902158565,6201,2.510613059327157,2.1152150355031596,0.0,0.0
25,5000,3,0.075,0.85,0.28446440902158565,6202,2.5120530885549415,2.127500437721337,0.0,0.0
25,5000,3,0.075,0.85,0.28446440902158565,6203,2.52231669766858,2.1447926772283368,0.0,0.0
25,5000,3,0.075,0.9,0.3011976095522672,6201,2.650999713463974,2.2458845610923976,0.0,0.0
25,5000,3,0.075,0.9,0.3011976095522672,6202,2.6588562587049402,2.30968988214158,0.0,0.0
25,5000,3,0.075,0.9,0.3011976095522672,6203,2.67213079268842,2.2506516745611362,0.0,0.0
25,5000,3,0.075,0.95,0.3179308100829487,6201,2.795979644225376,2.3490724264586706,0.0,0.0
25,5000,3,0.075,0.95,0.3179308100829487,6202,2.8168666661507977,2.3940507257033143,0.0,0.0
25,5000,3,0.075,0.95,0.3179308100829487,6203,2.8303078789885268,2.4229563322953123,0.0,0.0
25,5000,3,0.1,0.0,0.0,6201,0.01617299001888364,0.03584604574556234,1.0,1.0
25,5000,3,0.1,0.0,0.0,6202,0.000614384673453431,0.020301250199113892,1.0,1.0
25,5000,3,0.1,0.0,0.0,6203,0.005575822946037394,0.011552563289482932,1.0,1.0
25,5000,3,0.1,0.05,0.018439088914585774,6201,0.1543559529168692,0.11807560309377663,1.0,1.0
25,5000,3,0.1,0.05,0.018439088914585774,6202,0.13643035728047204,0.12553113323174456,1.0,1.0
25,5000,3,0.1,0.05,0.018439088914585774,6203,0.14146028661850954,0.0950846824842612,1.0,1.0
25,5000,3,0.1,0.1,0.03687817782917155,6201,0.29065245265040546,0.2752784247302838,1.0,1.0
25,5000,3,0.1,0.1,0.03687817782917155,6202,0.27578345889115563,0.22772531837122728,1.0,1.0
25,5000,3,0.1,0.1,0.03687817782917155,6203,0.2750878310901914,0.18811194226082384,1.0,1.0
25,5000,3,0.1,0.15,0.05531726674375732,6201,0.42852099553240103,0.39329549914238965,1.0,1.0
25,5000,3,0.1,0.15,0.05531726674375732,6202,0.4126394273138224,0.3659090516939062,1.0,1.0
25,5000,3,0.1,0.15,0.05531726674375732,6203,0.40818738340891303,0.30197339378268506,1.0,1.0
25,5000,3,0.1,0.2,0.0737563556583431,6201,0.5638547077408822,0.5450452852508079,1.0,1.0
25,5000,3,0.1,0.2,0.0737563556583431,6202,0.5509791151591034,0.49620670148235574,1.0,1.0
25,5000,3,0.1,0.2,0.0737563556583431,6203,0.5414098281583241,0.4251739089673678,1.0,1.0
25,5000,3,0.1,0.25,0.09219544457292887,6201,0.7006391159884775,0.6482994306807932,1.0,1.0
25,5000,3,0.1,0.25,0.09219544457292887,6202,0.6869374586107369,0.6242214475530543,1.0,1.0
25,5000,3,0.1,0.25,0.09219544457292887,6203,0.6749820214394482,0.5321707952491987,1.0,1.0
25,5000,3,0.1,0.3,0.11063453348751465,6201,0.8174321420248223,0.770534473680218,1.0,1.0
25,5000,3,0.1,0.3,0.11063453348751465,6202,0.7881869464512581,0.6717792271197789,1.0,1.0
25,5000,3,0.1,0.3,0.11063453348751465,6203,0.7754026193247653,0.6500228441245893,1.0,1.0
25,5000,3,0.1,0.35,0.1290736224021004,6201,0.9546261785533798,0.886940696646909,1.0,1.0
25,5000,3,0.1,0.35,0.1290736224021004,6202,0.9254529129710857,0.8012364603066381,1.0,1.0
25,5000,3,0.1,0.35,0.1290736224021004,6203,0.913839301242596,0.7440925246435119,1.0,1.0
25,5000,3,0.1,0.4,0.1475127113166862,6201,1.0910711348188569,0.9683557484319956,0.0,1.0
25,5000,3,0.1,0.4,0.1475127113166862,6202,1.0635565071204334,0.9144302793763226,0.0,1.0
25,5000,3,0.1,0.4,0.1475127113166862,6203,1.0515468211471202,0.9067567532102115,0.0,1.0
25,5000,3,0.1,0.45,0.16595180023127198,6201,1.2532860924851363,1.1267556185471235,0.0,0.0
25,5000,3,0.1,0.45,0.16595180023127198,6202,1.2586766439707273,1.1130893848059755,0.0,0.0
25,5000,3,0.1,0.45,0.16595180023127198,6203,1.257347260996707,1.0931623282503502,0.0,0.0
25,5000,3,0.1,0.5,0.18439088914585774,6201,1.3614206930571386,1.1764930117551031,0.0,0.0
25,5000,3,0.1,0.5,0.18439088914585774,6202,1.3376089123593446,1.1483442779759154,0.0,0.0
25,5000,3,0.1,0.5,0.18439088914585774,6203,1.32840208669105,1.155814293957233,0.0,0.0
25,5000,3,0.1,0.55,0.20282997806044353,6201,1.495399971593018,1.27542407594445,0.0,0.0
25,5000,3,0.1,0.55,0.20282997806044353,6202,1.475108527312646,1.2794113261136626,0.0,0.0
25,5000,3,0.1,0.55,0.20282997806044353,6203,1.4680107547317118,1.267959100068949,0.0,0.0
25,5000,3,0.1,0.6,0.2212690669750293,6201,1.6279486634427425,1.4330884242922386,0.0,0.0
25,5000,3,0.1,0.6,0.2212690669750293,6202,1.609146226376077,1.4384324659701337,0.0,0.0
25,5000,3,0.1,0.6,0.2212690669750293,6203,1.6060058729860485,1.3648043061084765,0.0,0.0
25,5000,3,0.1,0.65,0.23970815588961508,6201,1.7762372915745173,1.539336817824701,0.0,0.0
25,5000,3,0.1,0.65,0.23970815588961508,6202,1.7818221664813862,1.5859241794322532,0.0,0.0
25,5000,3,0.1,0.65,0.23970815588961508,6203,1.783840179018167,1.543425111717976,0.0,0.0
25,5000,3,0.1,0.7,0.2581472448042008,6201,1.9056395082863478,1.6266326511803477,0.0,0.0
25,5000,3,0.1,0.7,0.2581472448042008,6202,1.9132347343729237,1.6814890309414339,0.0,0.0
25,5000,3,0.1,0.7,0.2581472448042008,6203,1.9142686211766784,1.6901645491562713,0.0,0.0
25,5000,3,0.1,0.75,0.2765863337187866,6201,2.0223970270859892,1.7405002520158113,0.0,0.0
25,5000,3,0.1,0.75,0.2765863337187866,6202,2.013580687568659,1.7935648145820733,0.0,0.0
25,5000,3,0.1,0.75,0.2765863337187866,6203,2.017380096426619,1.7058961664844392,0.0,0.0
25,5000,3,0.1,0.8,0.2950254226333724,6201,2.161016068151602,1.8641000786913198,0.0,0.0
25,5000,3,0.1,0.8,0.2950254226333724,6202,2.1718103622981646,1.9192863055961118,0.0,0.0
25,5000,3,0.1,0.8,0.2950254226333724,6203,2.1765683567443794,1.89274372924468,0.0,0.0
25,5000,3,0.1,0.85,0.3134645115479582,6201,2.28752740283248,1.9852797155084727,0.0,0.0
25,5000,3,0.1,0.85,0.3134645115479582,6202,2.300217314116924,2.0078059087791207,0.0,0.0
25,5000,3,0.1,0.85,0.3134645115479582,6203,2.3067912157703594,1.9995763077362139,0.0,0.0
25,5000,3,0.1,0.9,0.33190360046254397,6201,2.407611287558384,2.0779752071441346,0.0,0.0
25,5000,3,0.1,0.9,0.33190360046254397,6202,2.413661753602091,2.133924755215163,0.0,0.0
25,5000,3,0.1,0.9,0.33190360046254397,6203,2.4260157499453845,2.134160640702314,0.0,0.0
25,5000,3,0.1,0.95,0.3503426893771297,6201,2.5391519832290355,2.2257765198293264,0.0,0.0
25,5000,3,0.1,0.95,0.3503426893771297,6202,2.556343375476131,2.2427890674916338,0.0,0.0
25,5000,3,0.1,0.95,0.3503426893771297,6203,2.568456369444884,2.2705626778947043,0.0,0.0
25,5000,3,0.125,0.0,0.0,6201,0.014089704012177752,0.008290498496006583,1.0,1.0
25,5000,3,0.125,0.0,0.0,6202,0.001285880766890124,0.013667927964565854,1.0,1.0
25,5000,3,0.125,0.0,0.0,6203,0.005701922979963803,0.019683150268569764,1.0,1.0
25,5000,3,0.125,0.05,0.020000000000000004,6201,0.14157325545420624,0.13332938933790123,1.0,1.0
25,5000,3,0.125,0.05,0.020000000000000004,6202,0.12658233691994736,0.12318935384854574,1.0,1.0
25,5000,3,0.125,0.05,0.020000000000000004,6203,0.1291503512497404,0.0917306989856101,1.0,1.0
25,5000,3,0.125,0.1,0.04000000000000001,6201,0.26741681244295656,0.23391523257904853,1.0,1.0
25,5000,3,0.125,0.1,0.04000000000000001,6202,0.25416551412836136,0.21081040303588794,1.0,1.0
25,5000,3,0.125,0.1,0.04000000000000001,6203,0.2521221488826345,0.19938616885694005,1.0,1.0
25,5000,3,0.125,0.15,0.06,6201,0.3923689241115149,0.40155465268109136,1.0,1.0
25,5000,3,0.125,0.15,0.06,6202,0.38047802679094544,0.3258424138702807,1.0,1.0
25,5000,3,0.125,0.15,0.06,6203,0.37717129998277343,0.30894996763877813,1.0,1.0
25,5000,3,0.125,0.2,0.08000000000000002,6201,0.5200791164029948,0.5208163397038553,1.0,1.0
25,5000,3,0.125,0.2,0.08000000000000002,6202,0.5061264707625763,0.48119647844068947,1.0,1.0
25,5000,3,0.125,0.2,0.08000000000000002,6203,0.49985410049482226,0.41475988915327405,1.0,1.0
25,5000,3,0.125,0.25,0.1,6201,0.6438261725014394,0.5966451412060678,1.0,1.0
25,5000,3,0.125,0.25,0.1,6202,0.6342737814978657,0.5554880270419325,1.0,1.0
25,5000,3,0.125,0.25,0.1,6203,0.6235328579231344,0.5136591935307246,1.0,1.0
25,5000,3,0.125,0.3,0.12,6201,0.769406725240212,0.6931155500012334,1.0,1.0
25,5000,3,0.125,0.3,0.12,6202,0.759280451621916,0.6929216597172128,1.0,1.0
25,5000,3,0.125,0.3,0.12,6203,0.7478924652712948,0.6152858989451909,1.0,1.0
25,5000,3,0.125,0.35,0.13999999999999999,6201,0.8774623897493076,0.8406859634945161,1.0,1.0
25,5000,3,0.125,0.35,0.13999999999999999,6202,0.8533134904372219,0.7549724752633448,1.0,1.0
25,5000,3,0.125,0.35,0.13999999999999999,6203,0.8413712078973066,0.700343572034818,1.0,1.0
25,5000,3,0.125,0.4,0.16000000000000003,6201,1.0048122589829926,0.9279662432164034,0.0,1.0
25,5000,3,0.125,0.4,0.16000000000000003,6202,0.9800747354687099,0.8663140009723866,1.0,1.0
25,5000,3,0.125,0.4,0.16000000000000003,6203,0.9697698250632582,0.8408502200007345,1.0,1.0
25,5000,3,0.125,0.45,0.18000000000000002,6201,1.1293203426869054,1.0513391835373098,0.0,0.0
25,5000,3,0.125,0.45,0.18000000000000002,6202,1.1061887098565388,0.9466673433405459,0.0,1.0
25,5000,3,0.125,0.45,0.18000000000000002,6203,1.0984733850658803,0.9735930116999376,0.0,1.0
25,5000,3,0.125,0.5,0.2,6201,1.2546663252605454,1.149704598627422,0.0,0.0
25,5000,3,0.125,0.5,0.2,6202,1.2326583142561796,1.0623615959449764,0.0,0.0
25,5000,3,0.125,0.5,0.2,6203,1.2253358271777604,1.0792309179993653,0.0,0.0
25,5000,3,0.125,0.55,0.22000000000000003,6201,1.3770124507174855,1.2476744594093236,0.0,0.0
25,5000,3,0.125,0.55,0.22000000000000003,6202,1.3593764965642552,1.2027689925010079,0.0,0.0
25,5000,3,0.125,0.55,0.22000000000000003,6203,1.3520003409380452,1.2127014302609278,0.0,0.0
25,5000,3,0.125,0.6,0.24,6201,1.5000408007554031,1.3152617415540555,0.0,0.0
25,5000,3,0.125,0.6,0.24,6202,1.4832320672557402,1.3635775140749926,0.0,0.0
25,5000,3,0.125,0.6,0.24,6203,1.4789557169460787,1.311448434091263,0.0,0.0
25,5000,3,0.125,0.65,0.26,6201,1.6217915812840586,1.4380905623387685,0.0,0.0
25,5000,3,0.125,0.65,0.26,6202,1.6075352358725397,1.4303593151319596,0.0,0.0
25,5000,3,0.125,0.65,0.26,6203,1.6061617619494029,1.3715082584949534,0.0,0.0
25,5000,3,0.125,0.7,0.27999999999999997,6201,1.7436909931382198,1.5449302334917185,0.0,0.0
25,5000,3,0.125,0.7,0.27999999999999997,6202,1.731749687039778,1.5861009775652382,0.0,0.0
25,5000,3,0.125,0.7,0.27999999999999997,6203,1.733054122112161,1.503524020484034,0.0,0.0
25,5000,3,0.125,0.75,0.30000000000000004,6201,1.8641538579040615,1.6620518605751293,0.0,0.0
25,5000,3,0.125,0.75,0.30000000000000004,6202,1.855015678760246,1.6954703293133484,0.0,0.0
25,5000,3,0.125,0.75,0.30000000000000004,6203,1.8595611996696753,1.628903523243506,0.0,0.0
25,5000,3,0.125,0.8,0.32000000000000006,6201,1.983662876658959,1.7639811500750262,0.0,0.0
25,5000,3,0.125,0.8,0.32000000000000006,6202,1.9807916545285393,1.7855963202296927,0.0,0.0
25,5000,3,0.125,0.8,0.32000000000000006,6203,1.985557748337929,1.763499340625738,0.0,0.0
25,5000,3,0.125,0.85,0.34,6201,2.11000926392544,1.8215494404435382,0.0,0.0
25,5000,3,0.125,0.85,0.34,6202,2.1212545339395623,1.9260205975519609,0.0,0.0
25,5000,3,0.125,0.85,0.34,6203,2.12693459662065,1.887779198201692,0.0,0.0
25,5000,3,0.125,0.9,0.36000000000000004,6201,2.225908058555895,1.9803157224133905,0.0,0.0
25,5000,3,0.125,0.9,0.36000000000000004,6202,2.239097945188878,2.0379710123167394,0.0,0.0
25,5000,3,0.125,0.9,0.36000000000000004,6203,2.2473446886571895,1.9958357688737522,0.0,0.0
25,5000,3,0.125,0.95,0.38,6201,2.341684902358167,2.0713416883117075,0.0,0.0
25,5000,3,0.125,0.95,0.38,6202,2.3568498881929827,2.1074780278272316,0.0,0.0
25,5000,3,0.125,0.95,0.38,6203,2.36797312969151,2.126427634538766,0.0,0.0
25,5000,3,0.15,0.0,0.0,6201,0.014386356449001866,0.008535987631478649,1.0,1.0
25,5000,3,0.15,0.0,0.0,6202,0.001768818266273335,0.02056672028774751,1.0,1.0
25,5000,3,0.15,0.0,0.0,6203,0.005212611341996708,0.03125263635884344,1.0,1.0
25,5000,3,0.15,0.05,0.021447610589527218,6201,0.13150547638494545,0.10164867601644048,1.0,1.0
25,5000,3,0.15,0.05,0.021447610589527218,6202,0.11734902455707646,0.10496624049783262,1.0,1.0
25,5000,3,0.15,0.05,0.021447610589527218,6203,0.11960154544219853,0.08531266067318105,1.0,1.0
25,5000,3,0.15,0.1,0.042895221179054435,6201,0.24988075041820462,0.23003736361361343,1.0,1.0
25,5000,3,0.15,0.1,0.042895221179054435,6202,0.23514432039273467,0.1935753619298769,1.0,1.0
25,5000,3,0.15,0.1,0.042895221179054435,6203,0.23560654660987962,0.17973723671862768,1.0,1.0
25,5000,3,0.15,0.15,0.06434283176858165,6201,0.3669107646042515,0.3444626946048849,1.0,1.0
25,5000,3,0.15,0.15,0.06434283176858165,6202,0.35392947178463224,0.332088205993195,1.0,1.0
25,5000,3,0.15,0.15,0.06434283176858165,6203,0.3520366999403941,0.27622540799168527,1.0,1.0
25,5000,3,0.15,0.2,0.08579044235810887,6201,0.4838095565706286,0.46542156894978626,1.0,1.0
25,5000,3,0.15,0.2,0.08579044235810887,6202,0.4719706765843781,0.4525099618020699,1.0,1.0
25,5000,3,0.15,0.2,0.08579044235810887,6203,0.4668500058539381,0.3876240786467915,1.0,1.0
25,5000,3,0.15,0.25,0.10723805294763608,6201,0.5997067766233091,0.5630902820527108,1.0,1.0
25,5000,3,0.15,0.25,0.10723805294763608,6202,0.5891340620429635,0.5360285440320214,1.0,1.0
25,5000,3,0.15,0.25,0.10723805294763608,6203,0.5823292091316151,0.47141308978681984,1.0,1.0
25,5000,3,0.15,0.3,0.1286856635371633,6201,0.7165591274403323,0.6813767522212953,1.0,1.0
25,5000,3,0.15,0.3,0.1286856635371633,6202,0.7077073731713215,0.656671197105041,1.0,1.0
25,5000,3,0.15,0.3,0.1286856635371633,6203,0.6978147941895003,0.572681282166219,1.0,1.0
25,5000,3,0.15,0.35,0.1501332741266905,6201,0.8447779820059049,0.8329777656183297,1.0,1.0
25,5000,3,0.15,0.35,0.1501332741266905,6202,0.8524612074166975,0.768124869671405,1.0,1.0
25,5000,3,0.15,0.35,0.1501332741266905,6203,0.8546784939391225,0.7809627079123828,1.0,1.0
25,5000,3,0.15,0.4,0.17158088471621774,6201,0.959923627865829,0.8935597046001794,1.0,1.0
25,5000,3,0.15,0.4,0.17158088471621774,6202,0.9662712541734033,0.8759481388032007,1.0,1.0
25,5000,3,0.15,0.4,0.17158088471621774,6203,0.9681147540349937,0.8589655278420381,1.0,1.0
25,5000,3,0.15,0.45,0.19302849530574495,6201,1.0765053209429971,1.029932991594102,0.0,0.0
25,5000,3,0.15,0.45,0.19302849530574495,6202,1.080518035435046,0.9724150951059525,0.0,1.0
25,5000,3,0.15,0.45,0.19302849530574495,6203,1.0819449493193056,1.0063417544866808,0.0,0.0
25,5000,3,0.15,0.5,0.21447610589527216,6201,1.1890399390969537,1.111660782862598,0.0,0.0
25,5000,3,0.15,0.5,0.21447610589527216,6202,1.1953069752708851,1.0956246847262017,0.0,0.0
25,5000,3,0.15,0.5,0.21447610589527216,6203,1.1943833526212528,1.0812320701091087,0.0,0.0
25,5000,3,0.15,0.55,0.2359237164847994,6201,1.3026807276396621,1.2041781254193284,0.0,0.0
25,5000,3,0.15,0.55,0.2359237164847994,6202,1.307598170969664,1.1802401039360972,0.0,0.0
25,5000,3,0.15,0.55,0.2359237164847994,6203,1.3081510597721802,1.197488524279,0.0,0.0
25,5000,3,0.15,0.6,0.2573713270743266,6201,1.4158083893076734,1.2760309803704322,0.0,0.0
25,5000,3,0.15,0.6,0.2573713270743266,6202,1.4194733567856188,1.2746555555549366,0.0,0.0
25,5000,3,0.15,0.6,0.2573713270743266,6203,1.4210504010305018,1.2818454196872735,0.0,0.0
25,5000,3,0.15,0.65,0.2788189376638538,6201,1.5276634041814374,1.3784491297664876,0.0,0.0
25,5000,3,0.15,0.65,0.2788189376638538,6202,1.5318319002712517,1.3827736604484278,0.0,0.0
25,5000,3,0.15,0.65,0.2788189376638538,6203,1.5327533225170584,1.378168240852129,0.0,0.0
25,5000,3,0.15,0.7,0.300266548253381,6201,1.6375315720986063,1.4845107591407283,0.0,0.0
25,5000,3,0.15,0.7,0.300266548253381,6202,1.6455271848232114,1.5128848016256344,0.0,0.0
25,5000,3,0.15,0.7,0.300266548253381,6203,1.6467532417351343,1.5102441643137112,0.0,0.0
25,5000,3,0.15,0.75,0.3217141588429082,6201,1.7492302975302993,1.5632520125334355,0.0,0.0
25,5000,3,0.15,0.75,0.3217141588429082,6202,1.7556616615403866,1.636528326027471,0.0,0.0
25,5000,3,0.15,0.75,0.3217141588429082,6203,1.7579294827574024,1.5812735065759083,0.0,0.0
25,5000,3,0.15,0.8,0.3431617694324355,6201,1.8592010005452368,1.6504818974849873,0.0,0.0
25,5000,3,0.15,0.8,0.3431617694324355,6202,1.8681608502696943,1.713537163528228,0.0,0.0
25,5000,3,0.15,0.8,0.3431617694324355,6203,1.8708868554275981,1.6855400786580725,0.0,0.0
25,5000,3,0.15,0.85,0.3646093800219627,6201,1.9676770343372458,1.7690233788427312,0.0,0.0
25,5000,3,0.15,0.85,0.3646093800219627,6202,1.9776154738193599,1.8276293797513954,0.0,0.0
25,5000,3,0.15,0.85,0.3646093800219627,6203,1.9835816298129991,1.7957125003959025,0.0,0.0
25,5000,3,0.15,0.9,0.3860569906114899,6201,2.076621156110249,1.851532393445622,0.0,0.0
25,5000,3,0.15,0.9,0.3860569906114899,6202,2.0883106043214634,1.9172795969011263,0.0,0.0
25,5000,3,0.15,0.9,0.3860569906114899,6203,2.095415681574385,1.9022047818469363,0.0,0.0
25,5000,3,0.15,0.95,0.4075046012010171,6201,2.1816714925875784,1.994319582411538,0.0,0.0
25,5000,3,0.15,0.95,0.4075046012010171,6202,2.1907947225062934,2.0386525968219575,0.0,0.0
25,5000,3,0.15,0.95,0.4075046012010171,6203,2.20326591101505,2.016452136371425,0.0,0.0
25,5000,3,0.175,0.0,0.0,6201,0.012245584411619083,0.008872270882932506,1.0,1.0
25,5000,3,0.175,0.0,0.0,6202,0.00149567435820179,0.002697510962572869,1.0,1.0
25,5000,3,0.175,0.0,0.0,6203,0.004155482588078477,0.03342764219494143,1.0,1.0
25,5000,3,0.175,0.05,0.02280350850198276,6201,0.12379358412170932,0.10001702328589898,1.0,1.0
25,5000,3,0.175,0.05,0.02280350850198276,6202,0.11068811612265075,0.11792277387592495,1.0,1.0
25,5000,3,0.175,0.05,0.02280350850198276,6203,0.11219920717747248,0.07506032786622897,1.0,1.0
25,5000,3,0.175,0.1,0.04560701700396552,6201,0.23442239609310664,0.19637266458123054,1.0,1.0
25,5000,3,0.175,0.1,0.04560701700396552,6202,0.2208712733721998,0.1974268727743862,1.0,1.0
25,5000,3,0.175,0.1,0.04560701700396552,6203,0.22244373106412774,0.16292566447165913,1.0,1.0
25,5000,3,0.175,0.15,0.06841052550594827,6201,0.34521312649342606,0.3261690698600579,1.0,1.0
25,5000,3,0.175,0.15,0.06841052550594827,6202,0.33239995904695646,0.28796409303877024,1.0,1.0
25,5000,3,0.175,0.15,0.06841052550594827,6203,0.32985749730009783,0.2760722380851952,1.0,1.0
25,5000,3,0.175,0.2,0.09121403400793104,6201,0.4544125254510414,0.4417630782356671,1.0,1.0
25,5000,3,0.175,0.2,0.09121403400793104,6202,0.44431020960178924,0.41136646105876307,1.0,1.0
25,5000,3,0.175,0.2,0.09121403400793104,6203,0.43897143899945135,0.3619720602157258,1.0,1.0
25,5000,3,0.175,0.25,0.11401754250991379,6201,0.5638928140643036,0.5520660447982378,1.0,1.0
25,5000,3,0.175,0.25,0.11401754250991379,6202,0.5552427205820809,0.5254262838438996,1.0,1.0
25,5000,3,0.175,0.25,0.11401754250991379,6203,0.5467758061755241,0.4334805401631271,1.0,1.0
25,5000,3,0.175,0.3,0.13682105101189654,6201,0.6740207781426718,0.6411874099902624,1.0,1.0
25,5000,3,0.175,0.3,0.13682105101189654,6202,0.6642951300625763,0.6168662600052548,1.0,1.0
25,5000,3,0.175,0.3,0.13682105101189654,6203,0.6561428845470865,0.5338599356569443,1.0,1.0
25,5000,3,0.175,0.35,0.1596245595138793,6201,0.7824720825261251,0.7405507758943431,1.0,1.0
25,5000,3,0.175,0.35,0.1596245595138793,6202,0.7750752848656101,0.7132994444761339,1.0,1.0
25,5000,3,0.175,0.35,0.1596245595138793,6203,0.7647380420464276,0.6162425047955944,1.0,1.0
25,5000,3,0.175,0.4,0.1824280680158621,6201,0.8791451277897063,0.851007042513569,1.0,1.0
25,5000,3,0.175,0.4,0.1824280680158621,6202,0.8580042933965115,0.7638999079490332,1.0,1.0
25,5000,3,0.175,0.4,0.1824280680158621,6203,0.8495154499633182,0.7591509314913761,1.0,1.0
25,5000,3,0.175,0.45,0.20523157651784482,6201,0.989319675303507,0.9344696876737189,1.0,1.0
25,5000,3,0.175,0.45,0.20523157651784482,6202,0.9696980269111216,0.8477994966850539,1.0,1.0
25,5000,3,0.175,0.45,0.20523157651784482,6203,0.9613234391549339,0.8799267379993128,1.0,1.0
25,5000,3,0.175,0.5,0.22803508501982758,6201,1.119027647799057,1.0753593810030817,0.0,0.0
25,5000,3,0.175,0.5,0.22803508501982758,6202,1.1231886481327293,1.043343700567367,0.0,0.0
25,5000,3,0.175,0.5,0.22803508501982758,6203,1.1233916093045733,1.0087993691650903,0.0,0.0
25,5000,3,0.175,0.55,0.25083859352181037,6201,1.2077335823492792,1.10970717385996,0.0,0.0
25,5000,3,0.175,0.55,0.25083859352181037,6202,1.1918344582036653,1.0895976757969401,0.0,0.0
25,5000,3,0.175,0.55,0.25083859352181037,6203,1.185274223369483,1.0729694736878461,0.0,0.0
25,5000,3,0.175,0.6,0.2736421020237931,6201,1.3153502248063496,1.189708583951555,0.0,0.0
25,5000,3,0.175,0.6,0.2736421020237931,6202,1.3005106686031143,1.1977074747198129,0.0,0.0
25,5000,3,0.175,0.6,0.2736421020237931,6203,1.296657788956318,1.1752522543396986,0.0,0.0
25,5000,3,0.175,0.65,0.2964456105257759,6201,1.4242257464971184,1.3095430151846141,0.0,0.0
25,5000,3,0.175,0.65,0.2964456105257759,6202,1.4090762371499723,1.3181414026213165,0.0,0.0
25,5000,3,0.175,0.65,0.2964456105257759,6203,1.409077675205322,1.265652556188304,0.0,0.0
25,5000,3,0.175,0.7,0.3192491190277586,6201,1.5302093870048117,1.4181556511152016,0.0,0.0
25,5000,3,0.175,0.7,0.3192491190277586,6202,1.519436329348555,1.4154933284468945,0.0,0.0
25,5000,3,0.175,0.7,0.3192491190277586,6203,1.5193437569645536,1.3588156394462216,0.0,0.0
25,5000,3,0.175,0.75,0.34205262752974136,6201,1.6356301232834647,1.4951521825418457,0.0,0.0
25,5000,3,0.175,0.75,0.34205262752974136,6202,1.628761101070911,1.5401283984652308,0.0,0.0
25,5000,3,0.175,0.75,0.34205262752974136,6203,1.631219985455908,1.4488622365603154,0.0,0.0
25,5000,3,0.175,0.8,0.3648561360317242,6201,1.748665478956183,1.5732213146384089,0.0,0.0
25,5000,3,0.175,0.8,0.3648561360317242,6202,1.7565455604103999,1.647537372417988,0.0,0.0
25,5000,3,0.175,0.8,0.3648561360317242,6203,1.7598742342748896,1.6185598601957039,0.0,0.0
25,5000,3,0.175,0.85,0.3876596445337069,6201,1.851945886509398,1.7080055737235633,0.0,0.0
25,5000,3,0.175,0.85,0.3876596445337069,6202,1.8606752297651301,1.7376223754559947,0.0,0.0
25,5000,3,0.175,0.85,0.3876596445337069,6203,1.8660168363747691,1.7338576632905887,0.0,0.0
25,5000,3,0.175,0.9,0.41046315303568964,6201,1.9539122915003793,1.788386942532323,0.0,0.0
25,5000,3,0.175,0.9,0.41046315303568964,6202,1.964879205846549,1.820993742051384,0.0,0.0
25,5000,3,0.175,0.9,0.41046315303568964,6203,1.9714112906582653,1.8367224423091906,0.0,0.0
25,5000,3,0.175,0.95,0.4332666615376724,6201,2.055506867230336,1.8980925980029437,0.0,0.0
25,5000,3,0.175,0.95,0.4332666615376724,6202,2.0679051616203847,1.9461554883905148,0.0,0.0
25,5000,3,0.175,0.95,0.4332666615376724,6203,2.0768679207217184,1.9320316602165706,0.0,0.0
25,5000,3,0.2,0.0,0.0,6201,0.012059192389173606,0.022518742543951878,1.0,1.0
25,5000,3,0.2,0.0,0.0,6202,0.0010338156702437325,0.0016510816605567538,1.0,1.0
25,5000,3,0.2,0.0,0.0,6203,0.003937537535256233,0.02262281015789891,1.0,1.0
25,5000,3,0.2,0.05,0.024083189157584593,6201,0.11706440864680949,0.08160712832235194,1.0,1.0
25,5000,3,0.2,0.05,0.024083189157584593,6202,0.10404756349189212,0.09823894003499034,1.0,1.0
25,5000,3,0.2,0.05,0.024083189157584593,6203,0.10645307038199098,0.07364696335285309,1.0,1.0
25,5000,3,0.2,0.1,0.048166378315169185,6201,0.2216411898060848,0.20226940867542506,1.0,1.0
25,5000,3,0.2,0.1,0.048166378315169185,6202,0.21016640913062667,0.1829662715425608,1.0,1.0
25,5000,3,0.2,0.1,0.048166378315169185,6203,0.20991515556832097,0.16987817386867654,1.0,1.0
25,5000,3,0.2,0.15,0.07224956747275377,6201,0.32665343697502075,0.3252333388319306,1.0,1.0
25,5000,3,0.2,0.15,0.07224956747275377,6202,0.3124893320123878,0.2997843120589998,1.0,1.0
25,5000,3,0.2,0.15,0.07224956747275377,6203,0.31263245902360903,0.24792260690981055,1.0,1.0
25,5000,3,0.2,0.2,0.09633275663033837,6201,0.4315765418360896,0.4291805650736912,1.0,1.0
25,5000,3,0.2,0.2,0.09633275663033837,6202,0.41876294223468513,0.39605898936687284,1.0,1.0
25,5000,3,0.2,0.2,0.09633275663033837,6203,0.41459496845549115,0.3613881833851117,1.0,1.0
25,5000,3,0.2,0.25,0.12041594578792296,6201,0.5340403918875647,0.512286434447279,1.0,1.0
25,5000,3,0.2,0.25,0.12041594578792296,6202,0.524467929003541,0.4807346839624696,1.0,1.0
25,5000,3,0.2,0.25,0.12041594578792296,6203,0.5197147610915573,0.44041312743889593,1.0,1.0
25,5000,3,0.2,0.3,0.14449913494550753,6201,0.6377811273472518,0.6154814904325503,1.0,1.0
25,5000,3,0.2,0.3,0.14449913494550753,6202,0.6285657687734685,0.6081659701628361,1.0,1.0
25,5000,3,0.2,0.3,0.14449913494550753,6203,0.6214641060584319,0.5212613199886649,1.0,1.0
25,5000,3,0.2,0.35,0.16858232410309212,6201,0.740891556326807,0.715026223830565,1.0,1.0
25,5000,3,0.2,0.35,0.16858232410309212,6202,0.7334604075476228,0.6570505631299841,1.0,1.0
25,5000,3,0.2,0.35,0.16858232410309212,6203,0.7237127304762148,0.6028622314658233,1.0,1.0
25,5000,3,0.2,0.4,0.19266551326067674,6201,0.8429255664916451,0.7885304888411608,1.0,1.0
25,5000,3,0.2,0.4,0.19266551326067674,6202,0.8371730601087222,0.7567946326968723,1.0,1.0
25,5000,3,0.2,0.4,0.19266551326067674,6203,0.8274684208009705,0.694948605211527,1.0,1.0
25,5000,3,0.2,0.45,0.21674870241826133,6201,0.9362117398990549,0.8709423678189914,1.0,1.0
25,5000,3,0.2,0.45,0.21674870241826133,6202,0.9170932082147347,0.8069698325938094,1.0,1.0
25,5000,3,0.2,0.45,0.21674870241826133,6203,0.908949413470501,0.8337496916053789,1.0,1.0
25,5000,3,0.2,0.5,0.24083189157584592,6201,1.0580037979108046,1.0178749355503989,0.0,0.0
25,5000,3,0.2,0.5,0.24083189157584592,6202,1.063719265826992,0.9914751817239471,0.0,1.0
25,5000,3,0.2,0.5,0.24083189157584592,6203,1.0645017644658246,0.97726351690818,0.0,1.0
25,5000,3,0.2,0.55,0.2649150807334305,6201,1.1422201104577203,1.072501037316893,0.0,0.0
25,5000,3,0.2,0.55,0.2649150807334305,6202,1.126749089128193,1.0318037373133881,0.0,0.0
25,5000,3,0.2,0.55,0.2649150807334305,6203,1.1219957628588435,1.045097772477014,0.0,0.0
25,5000,3,0.2,0.6,0.28899826989101507,6201,1.2457491734123567,1.14489481967736,0.0,0.0
25,5000,3,0.2,0.6,0.28899826989101507,6202,1.2316929300784345,1.1395953104220327,0.0,0.0
25,5000,3,0.2,0.6,0.28899826989101507,6203,1.2287903059322423,1.1150684455751683,0.0,0.0
25,5000,3,0.2,0.65,0.3130814590485997,6201,1.3603630378748925,1.27841148802288,0.0,0.0
25,5000,3,0.2,0.65,0.3130814590485997,6202,1.3642860993819603,1.2609361422793557,0.0,0.0
25,5000,3,0.2,0.65,0.3130814590485997,6203,1.3650436211674253,1.2562341567274673,0.0,0.0
25,5000,3,0.2,0.7,0.33716464820618425,6201,1.448257093355564,1.3362888853374155,0.0,0.0
25,5000,3,0.2,0.7,0.33716464820618425,6202,1.4405670863987678,1.3687133013094694,0.0,0.0
25,5000,3,0.2,0.7,0.33716464820618425,6203,1.4398986888319012,1.31692240311753,0.0,0.0
25,5000,3,0.2,0.75,0.36124783736376886,6201,1.5591070875952429,1.4321889152644953,0.0,0.0
25,5000,3,0.2,0.75,0.36124783736376886,6202,1.562653948956033,1.4939355283649085,0.0,0.0
25,5000,3,0.2,0.75,0.36124783736376886,6203,1.5666925741165585,1.4606737967955934,0.0,0.0
25,5000,3,0.2,0.8,0.3853310265213535,6201,1.6573965102111274,1.5076838305707732,0.0,0.0
25,5000,3,0.2,0.8,0.3853310265213535,6202,1.662844384917888,1.5683676639530493,0.0,0.0
25,5000,3,0.2,0.8,0.3853310265213535,6203,1.6658136573858209,1.5678152373346257,0.0,0.0
25,5000,3,0.2,0.85,0.40941421567893804,6201,1.7541896527174963,1.6322628603135778,0.0,0.0
25,5000,3,0.2,0.85,0.40941421567893804,6202,1.7615900097013013,1.6493842620325951,0.0,0.0
25,5000,3,0.2,0.85,0.40941421567893804,6203,1.7662262103796698,1.6500520784170716,0.0,0.0
25,5000,3,0.2,0.9,0.43349740483652266,6201,1.851301128155118,1.729462218896756,0.0,0.0
25,5000,3,0.2,0.9,0.43349740483652266,6202,1.8606316834695515,1.7401033284368979,0.0,0.0
25,5000,3,0.2,0.9,0.43349740483652266,6203,1.8663649192076064,1.7376897348809648,0.0,0.0
25,5000,3,0.2,0.95,0.4575805939941072,6201,1.9447517195553015,1.814858554417146,0.0,0.0
25,5000,3,0.2,0.95,0.4575805939941072,6202,1.952485971689139,1.8647743056661412,0.0,0.0
25,5000,3,0.2,0.95,0.4575805939941072,6203,1.962770912755856,1.8408476372100226,0.0,0.0
25,5000,3,0.225,0.0,0.0,6201,0.01218441503920549,0.01614881453406642,1.0,1.0
25,5000,3,0.225,0.0,0.0,6202,8.19019761772316e-05,0.0023406984428891676,1.0,1.0
25,5000,3,0.225,0.0,0.0,6203,0.0031052297050411064,0.021284526924643846,1.0,1.0
25,5000,3,0.225,0.05,0.025298221281347035,6201,0.11186828248971667,0.08548102884182426,1.0,1.0
25,5000,3,0.225,0.05,0.025298221281347035,6202,0.09980394326571887,0.0845457604122261,1.0,1.0
25,5000,3,0.225,0.05,0.025298221281347035,6203,0.101648836104593,0.08322686144209436,1.0,1.0
25,5000,3,0.225,0.1,0.05059644256269407,6201,0.21064407795971898,0.19333683352155334,1.0,1.0
25,5000,3,0.225,0.1,0.05059644256269407,6202,0.19986048989923913,0.17016074066803605,1.0,1.0
25,5000,3,0.225,0.1,0.05059644256269407,6203,0.20069365281281104,0.15780137853095139,1.0,1.0
25,5000,3,0.225,0.15,0.0758946638440411,6201,0.3108304010005617,0.3070556558439297,1.0,1.0
25,5000,3,0.225,0.15,0.0758946638440411,6202,0.3002870984926861,0.2750932287774076,1.0,1.0
25,5000,3,0.225,0.15,0.0758946638440411,6203,0.2982447698014721,0.2395678694555786,1.0,1.0
25,5000,3,0.225,0.2,0.10119288512538814,6201,0.40883149423827575,0.41550196567245706,1.0,1.0
25,5000,3,0.225,0.2,0.10119288512538814,6202,0.3986648804704166,0.36633561757323985,1.0,1.0
25,5000,3,0.225,0.2,0.10119288512538814,6203,0.3941949145600617,0.3299784140823663,1.0,1.0
25,5000,3,0.225,0.25,0.12649110640673517,6201,0.5090923963583781,0.5102721505493207,1.0,1.0
25,5000,3,0.225,0.25,0.12649110640673517,6202,0.49908389237072454,0.45107574200282624,1.0,1.0
25,5000,3,0.225,0.25,0.12649110640673517,6203,0.4932188594838279,0.4141857419669933,1.0,1.0
25,5000,3,0.225,0.3,0.1517893276880822,6201,0.6070192492419456,0.5977569439857728,1.0,1.0
25,5000,3,0.225,0.3,0.1517893276880822,6202,0.5982486772174639,0.5904340850480345,1.0,1.0
25,5000,3,0.225,0.3,0.1517893276880822,6203,0.5922395280259058,0.5066583404005147,1.0,1.0
25,5000,3,0.225,0.35,0.17708754896942921,6201,0.7053253072930004,0.6963053540557635,1.0,1.0
25,5000,3,0.225,0.35,0.17708754896942921,6202,0.6982312432545945,0.6462624832904553,1.0,1.0
25,5000,3,0.225,0.35,0.17708754896942921,6203,0.6900022080956665,0.5739871646434654,1.0,1.0
25,5000,3,0.225,0.4,0.20238577025077628,6201,0.803570534736828,0.7787943064093434,1.0,1.0
25,5000,3,0.225,0.4,0.20238577025077628,6202,0.795693914830058,0.727423756675072,1.0,1.0
25,5000,3,0.225,0.4,0.20238577025077628,6203,0.788458775191317,0.6551149985390838,1.0,1.0
25,5000,3,0.225,0.45,0.2276839915321233,6201,0.9113530958012049,0.8713916874364079,1.0,1.0
25,5000,3,0.225,0.45,0.2276839915321233,6202,0.9155891834252172,0.8337932860188294,1.0,1.0
25,5000,3,0.225,0.45,0.2276839915321233,6203,0.9164628018536964,0.8453699601757577,1.0,1.0
25,5000,3,0.225,0.5,0.25298221281347033,6201,0.9903323982235804,0.9434460169782617,1.0,1.0
25,5000,3,0.225,0.5,0.25298221281347033,6202,0.9733977638685292,0.8789759046145045,1.0,1.0
25,5000,3,0.225,0.5,0.25298221281347033,6203,0.9658535821642431,0.9135042206158988,1.0,1.0
25,5000,3,0.225,0.55,0.2782804340948174,6201,1.0877579402303934,1.0212167571424156,0.0,0.0
25,5000,3,0.225,0.55,0.2782804340948174,6202,1.0735795894444533,0.9772788473414993,0.0,1.0
25,5000,3,0.225,0.55,0.2782804340948174,6203,1.0679212819612465,0.9723251931757532,0.0,1.0
25,5000,3,0.225,0.6,0.3035786553761644,6201,1.186008786212996,1.1171164290475328,0.0,0.0
25,5000,3,0.225,0.6,0.3035786553761644,6202,1.1708676310115407,1.092706382058726,0.0,0.0
25,5000,3,0.225,0.6,0.3035786553761644,6203,1.1687650468642263,1.080311829510054,0.0,0.0
25,5000,3,0.225,0.65,0.3288768766575114,6201,1.2958682975334306,1.2236322889073685,0.0,0.0
25,5000,3,0.225,0.65,0.3288768766575114,6202,1.2987401041194073,1.2027568088223202,0.0,0.0
25,5000,3,0.225,0.65,0.3288768766575114,6203,1.2998580634798307,1.2103076039228156,0.0,0.0
25,5000,3,0.225,0.7,0.35417509793885843,6201,1.3798707292967043,1.2988414707828548,0.0,0.0
25,5000,3,0.225,0.7,0.35417509793885843,6202,1.3697013830684206,1.3116714634978637,0.0,0.0
25,5000,3,0.225,0.7,0.35417509793885843,6203,1.3698168474896764,1.2471073435184712,0.0,0.0
25,5000,3,0.225,0.75,0.3794733192202055,6201,1.4840607011893021,1.3825327853037073,0.0,0.0
25,5000,3,0.225,0.75,0.3794733192202055,6202,1.4902170584682937,1.416633650724878,0.0,0.0
25,5000,3,0.225,0.75,0.3794733192202055,6203,1.4913510836831532,1.4275394922066784,0.0,0.0
25,5000,3,0.225,0.8,0.40477154050155256,6201,1.5777189325826764,1.4621707924438083,0.0,0.0
25,5000,3,0.225,0.8,0.40477154050155256,6202,1.5828325741948988,1.4961232517374137,0.0,0.0
25,5000,3,0.225,0.8,0.40477154050155256,6203,1.5868014919363804,1.5195305333192772,0.0,0.0
25,5000,3,0.225,0.85,0.4300697617828996,6201,1.6705158447057302,1.5639882716048668,0.0,0.0
25,5000,3,0.225,0.85,0.4300697617828996,6202,1.6782764409591213,1.6071204046584577,0.0,0.0
25,5000,3,0.225,0.85,0.4300697617828996,6203,1.6808889739332418,1.5845909192030025,0.0,0.0
25,5000,3,0.225,0.9,0.4553679830642466,6201,1.7623961351297208,1.656518901603857,0.0,0.0
25,5000,3,0.225,0.9,0.4553679830642466,6202,1.7725473946620491,1.6760346764874208,0.0,0.0
25,5000,3,0.225,0.9,0.4553679830642466,6203,1.776821023004123,1.6989583992134674,0.0,0.0
25,5000,3,0.225,0.95,0.4806662043455936,6201,1.8549010351667046,1.7511054974939468,0.0,0.0
25,5000,3,0.225,0.95,0.4806662043455936,6202,1.8648580082842012,1.7808663867790722,0.0,0.0
25,5000,3,0.225,0.95,0.4806662043455936,6203,1.8725105679499547,1.7874759369110724,0.0,0.0
25,5000,3,0.25,0.0,0.0,6201,0.011075601930367239,0.013137639941386482,1.0,1.0
25,5000,3,0.25,0.0,0.0,6202,1.1226803948983372e-05,0.004438366795817619,1.0,1.0
25,5000,3,0.25,0.0,0.0,6203,0.0030320248095294135,0.014361992590116975,1.0,1.0
25,5000,3,0.25,0.05,0.02645751311064591,6201,0.10663654744834955,0.07751649223531751,1.0,1.0
25,5000,3,0.25,0.05,0.02645751311064591,6202,0.09458144730298859,0.08687333646833467,1.0,1.0
25,5000,3,0.25,0.05,0.02645751311064591,6203,0.09728624715049239,0.0743680303299368,1.0,1.0
25,5000,3,0.25,0.1,0.05291502622129182,6201,0.20182707244636472,0.18818071654541418,1.0,1.0
25,5000,3,0.25,0.1,0.05291502622129182,6202,0.18972367683169536,0.17231888523631958,1.0,1.0
25,5000,3,0.25,0.1,0.05291502622129182,6203,0.192264946411554,0.17467177736873898,1.0,1.0
25,5000,3,0.25,0.15,0.07937253933193772,6201,0.29672066204985226,0.295119961327281,1.0,1.0
25,5000,3,0.25,0.15,0.07937253933193772,6202,0.2862489260465993,0.2731767928871815,1.0,1.0
25,5000,3,0.25,0.15,0.07937253933193772,6203,0.28451020451236075,0.23564491851848635,1.0,1.0
25,5000,3,0.25,0.2,0.10583005244258364,6201,0.3910244486841322,0.3814008717558067,1.0,1.0
25,5000,3,0.25,0.2,0.10583005244258364,6202,0.38221644953443223,0.3695770464899185,1.0,1.0
25,5000,3,0.25,0.2,0.10583005244258364,6203,0.3793119159687607,0.32097000467918,1.0,1.0
25,5000,3,0.25,0.25,0.13228756555322954,6201,0.48522093394695737,0.47749180585410333,1.0,1.0
25,5000,3,0.25,0.25,0.13228756555322954,6202,0.47720427017027234,0.4581003797636245,1.0,1.0
25,5000,3,0.25,0.25,0.13228756555322954,6203,0.4719575156548381,0.3967185728063426,1.0,1.0
25,5000,3,0.25,0.3,0.15874507866387544,6201,0.5816147992641925,0.5410154308507408,1.0,1.0
25,5000,3,0.25,0.3,0.15874507866387544,6202,0.5732700329101399,0.5393056663259526,1.0,1.0
25,5000,3,0.25,0.3,0.15874507866387544,6203,0.5667081082863201,0.47502375288250276,1.0,1.0
25,5000,3,0.25,0.35,0.18520259177452134,6201,0.6739640110192546,0.6568325647917708,1.0,1.0
25,5000,3,0.25,0.35,0.18520259177452134,6202,0.6673590107509071,0.628405020585623,1.0,1.0
25,5000,3,0.25,0.35,0.18520259177452134,6203,0.6591795779898306,0.5702383580175377,1.0,1.0
25,5000,3,0.25,0.4,0.2116601048851673,6201,0.7680480380778059,0.7301304548658214,1.0,1.0
25,5000,3,0.25,0.4,0.2116601048851673,6202,0.76171755004166,0.7036215462216295,1.0,1.0
25,5000,3,0.25,0.4,0.2116601048851673,6203,0.7523217308451301,0.6323622042050177,1.0,1.0
25,5000,3,0.25,0.45,0.23811761799581319,6201,0.8608301019608423,0.8126885731459688,1.0,1.0
25,5000,3,0.25,0.45,0.23811761799581319,6202,0.8556878249727808,0.7794018196548389,1.0,1.0
25,5000,3,0.25,0.45,0.23811761799581319,6203,0.8467203653849825,0.7316178212309824,1.0,1.0
25,5000,3,0.25,0.5,0.2645751311064591,6201,0.9466127773524405,0.909602191211976,1.0,1.0
25,5000,3,0.25,0.5,0.2645751311064591,6202,0.9300736047390794,0.8394297139498388,1.0,1.0
25,5000,3,0.25,0.5,0.2645751311064591,6203,0.9240447417582113,0.8413768031402276,1.0,1.0
25,5000,3,0.25,0.55,0.291032644217105,6201,1.0414360229722828,0.9820423568261221,0.0,1.0
25,5000,3,0.25,0.55,0.291032644217105,6202,1.0256247589746446,0.9435401891230047,0.0,1.0
25,5000,3,0.25,0.55,0.291032644217105,6203,1.0205393064889994,0.93671368217301,0.0,1.0
25,5000,3,0.25,0.6,0.3174901573277509,6201,1.14852984268464,1.102954311686179,0.0,0.0
25,5000,3,0.25,0.6,0.3174901573277509,6202,1.1511845006781802,1.08150848601823,0.0,0.0
25,5000,3,0.25,0.6,0.3174901573277509,6203,1.152393268704099,1.0971728388726272,0.0,0.0
25,5000,3,0.25,0.65,0.3439476704383968,6201,1.2393371394741788,1.1771233288797744,0.0,0.0
25,5000,3,0.25,0.65,0.3439476704383968,6202,1.2428587953390908,1.1581753568401663,0.0,0.0
25,5000,3,0.25,0.65,0.3439476704383968,6203,1.2434551216819307,1.1758124890081139,0.0,0.0
25,5000,3,0.25,0.7,0.37040518354904267,6201,1.3194520083480086,1.253856148242129,0.0,0.0
25,5000,3,0.25,0.7,0.37040518354904267,6202,1.3102098685141024,1.2664114494005312,0.0,0.0
25,5000,3,0.25,0.7,0.37040518354904267,6203,1.3100453081519956,1.2085450629202432,0.0,0.0
25,5000,3,0.25,0.75,0.39686269665968865,6201,1.4109515065789924,1.3289928360197085,0.0,0.0
25,5000,3,0.25,0.75,0.39686269665968865,6202,1.405273988985,1.3553214854530775,0.0,0.0
25,5000,3,0.25,0.75,0.39686269665968865,6203,1.4058758376812808,1.2887347193584615,0.0,0.0
25,5000,3,0.25,0.8,0.4233202097703346,6201,1.509274401959796,1.4152841802064606,0.0,0.0
25,5000,3,0.25,0.8,0.4233202097703346,6202,1.5140946598777634,1.4620973206464936,0.0,0.0
25,5000,3,0.25,0.8,0.4233202097703346,6203,1.5171043063986343,1.449209170267413,0.0,0.0
25,5000,3,0.25,0.85,0.44977772288098045,6201,1.5979902168815203,1.4957826750844152,0.0,0.0
25,5000,3,0.25,0.85,0.44977772288098045,6202,1.6044066827513888,1.5567220174476202,0.0,0.0
25,5000,3,0.25,0.85,0.44977772288098045,6203,1.608229848610026,1.5351165897705348,0.0,0.0
25,5000,3,0.25,0.9,0.47623523599162637,6201,1.682973024245995,1.6084260977189873,0.0,0.0
25,5000,3,0.25,0.9,0.47623523599162637,6202,1.6854529325160856,1.6307346917791952,0.0,0.0
25,5000,3,0.25,0.9,0.47623523599162637,6203,1.6925642153563252,1.6324157207669994,0.0,0.0
25,5000,3,0.25,0.95,0.5026927491022722,6201,1.7741039614300607,1.6862825592316755,0.0,0.0
25,5000,3,0.25,0.95,0.5026927491022722,6202,1.7839418715794804,1.7283307499635638,0.0,0.0
25,5000,3,0.25,0.95,0.5026927491022722,6203,1.790648207123331,1.7353464468805457,0.0,0.0
25,5000,3,0.275,0.0,0.0,6201,0.010933024977256234,0.02723422298023198,1.0,1.0
25,5000,3,0.275,0.0,0.0,6202,0.0012004530315696815,0.0016135120162703992,1.0,1.0
25,5000,3,0.275,0.0,0.0,6203,0.0038992404971723536,0.017563700197119045,1.0,1.0
25,5000,3,0.275,0.05,0.027568097504180447,6201,0.10248145181219341,0.06996021236287106,1.0,1.0
25,5000,3,0.275,0.05,0.027568097504180447,6202,0.09140171747931759,0.09366567806478901,1.0,1.0
25,5000,3,0.275,0.05,0.027568097504180447,6203,0.09242529892918554,0.05608358750878945,1.0,1.0
25,5000,3,0.275,0.1,0.055136195008360894,6201,0.1932296421561293,0.17506635931771375,1.0,1.0
25,5000,3,0.275,0.1,0.055136195008360894,6202,0.18257842603982666,0.1772265135361026,1.0,1.0
25,5000,3,0.275,0.1,0.055136195008360894,6203,0.18401656900052527,0.15645905117354597,1.0,1.0
25,5000,3,0.275,0.15,0.08270429251254133,6201,0.2846690857948433,0.2860305417307821,1.0,1.0
25,5000,3,0.275,0.15,0.08270429251254133,6202,0.27600325174770335,0.2685408532915562,1.0,1.0
25,5000,3,0.275,0.15,0.08270429251254133,6203,0.27398810686622993,0.23432651163445567,1.0,1.0
25,5000,3,0.275,0.2,0.11027239001672179,6201,0.37589840284450293,0.37839351913834174,1.0,1.0
25,5000,3,0.275,0.2,0.11027239001672179,6202,0.36616645808240195,0.34221441940649244,1.0,1.0
25,5000,3,0.275,0.2,0.11027239001672179,6203,0.3629268013256947,0.30942548584440355,1.0,1.0
25,5000,3,0.275,0.25,0.13784048752090222,6201,0.465930280494258,0.4622711441598961,1.0,1.0
25,5000,3,0.275,0.25,0.13784048752090222,6202,0.4576256363174363,0.4327703703528579,1.0,1.0
25,5000,3,0.275,0.25,0.13784048752090222,6203,0.4527991034251561,0.37973543117402775,1.0,1.0
25,5000,3,0.275,0.3,0.16540858502508266,6201,0.5562025084725954,0.5423121330765316,1.0,1.0
25,5000,3,0.275,0.3,0.16540858502508266,6202,0.5484296099834864,0.5306411802481941,1.0,1.0
25,5000,3,0.275,0.3,0.16540858502508266,6203,0.5436755876598434,0.4625717119473117,1.0,1.0
25,5000,3,0.275,0.35,0.1929766825292631,6201,0.6475690857323805,0.628719470732696,1.0,1.0
25,5000,3,0.275,0.35,0.1929766825292631,6202,0.6402421025056835,0.6113241891651148,1.0,1.0
25,5000,3,0.275,0.35,0.1929766825292631,6203,0.6327808695026303,0.5503732121004793,1.0,1.0
25,5000,3,0.275,0.4,0.22054478003344358,6201,0.737397432699142,0.7134179968019421,1.0,1.0
25,5000,3,0.275,0.4,0.22054478003344358,6202,0.7319801041432985,0.676909065404302,1.0,1.0
25,5000,3,0.275,0.4,0.22054478003344358,6203,0.7236008114127678,0.6190034290582358,1.0,1.0
25,5000,3,0.275,0.45,0.248112877537624,6201,0.8260369612454793,0.7978798077900879,1.0,1.0
25,5000,3,0.275,0.45,0.248112877537624,6202,0.8220515228713963,0.758311748004461,1.0,1.0
25,5000,3,0.275,0.45,0.248112877537624,6203,0.8128521117819906,0.7082265195459992,1.0,1.0
25,5000,3,0.275,0.5,0.27568097504180444,6201,0.9084823346182864,0.8805875042582445,1.0,1.0
25,5000,3,0.275,0.5,0.27568097504180444,6202,0.8940558902345044,0.8160818838488058,1.0,1.0
25,5000,3,0.275,0.5,0.27568097504180444,6203,0.8865522998449202,0.83009374963645,1.0,1.0
25,5000,3,0.275,0.55,0.30324907254598493,6201,0.9988742387611083,0.949210005651165,1.0,1.0
25,5000,3,0.275,0.55,0.30324907254598493,6202,0.9854411720385368,0.9070696720084586,1.0,1.0
25,5000,3,0.275,0.55,0.30324907254598493,6203,0.9800438143711752,0.9145351064192564,1.0,1.0
25,5000,3,0.275,0.6,0.3308171700501653,6201,1.0883478852847812,1.0286405847373845,0.0,0.0
25,5000,3,0.275,0.6,0.3308171700501653,6202,1.0756331905546985,1.0206594281971926,0.0,0.0
25,5000,3,0.275,0.6,0.3308171700501653,6203,1.0722510042732505,0.9943071524951919,0.0,1.0
25,5000,3,0.275,0.65,0.3583852675543458,6201,1.1787696454274688,1.1079230098462043,0.0,0.0
25,5000,3,0.275,0.65,0.3583852675543458,6202,1.167365949874163,1.1150464309908936,0.0,0.0
25,5000,3,0.275,0.65,0.3583852675543458,6203,1.164531573199545,1.0872992633621283,0.0,0.0
25,5000,3,0.275,0.7,0.3859533650585262,6201,1.2762384589102176,1.224843714244326,0.0,0.0
25,5000,3,0.275,0.7,0.3859533650585262,6202,1.2795365051251533,1.223024361553612,0.0,0.0
25,5000,3,0.275,0.7,0.3859533650585262,6203,1.2815528978479782,1.223743088382808,0.0,0.0
25,5000,3,0.275,0.75,0.41352146256270667,6201,1.3631334135698827,1.296696123089018,0.0,0.0
25,5000,3,0.275,0.75,0.41352146256270667,6202,1.3659836096157405,1.3186950776680828,0.0,0.0
25,5000,3,0.275,0.75,0.41352146256270667,6203,1.3684177481685071,1.3124861852784688,0.0,0.0
25,5000,3,0.275,0.8,0.44108956006688715,6201,1.4427236509798318,1.3686444907813875,0.0,0.0
25,5000,3,0.275,0.8,0.44108956006688715,6202,1.438842376618326,1.4010616291164124,0.0,0.0
25,5000,3,0.275,0.8,0.44108956006688715,6203,1.4419865282002222,1.3658774083293022,0.0,0.0
25,5000,3,0.275,0.85,0.46865765757106753,6201,1.5343160549472115,1.4557760223936143,0.0,0.0
25,5000,3,0.275,0.85,0.46865765757106753,6202,1.5406818318156916,1.4910074813008287,0.0,0.0
25,5000,3,0.275,0.85,0.46865765757106753,6203,1.5432754326213174,1.4878632964809935,0.0,0.0
25,5000,3,0.275,0.9,0.496225755075248,6201,1.6159847841163446,1.559774536757462,0.0,0.0
25,5000,3,0.275,0.9,0.496225755075248,6202,1.618232312422133,1.5749806626018508,0.0,0.0
25,5000,3,0.275,0.9,0.496225755075248,6203,1.6251774122170066,1.565952633494953,0.0,0.0
25,5000,3,0.275,0.95,0.5237938525794285,6201,1.7018555552356156,1.6353357351923672,0.0,0.0
25,5000,3,0.275,0.95,0.5237938525794285,6202,1.7072806426653426,1.6753723670629472,0.0,0.0
25,5000,3,0.275,0.95,0.5237938525794285,6203,1.7154913216613474,1.666025519120334,0.0,0.0
25,5000,3,0.3,0.0,0.0,6201,0.010639718765719489,0.009445594104833296,1.0,1.0
25,5000,3,0.3,0.0,0.0,6202,0.0021641620735073433,0.010974541173937442,1.0,1.0
25,5000,3,0.3,0.0,0.0,6203,0.0034263059072916005,0.0038309772270207765,1.0,1.0
25,5000,3,0.3,0.05,0.02863564212655271,6201,0.0983464786593231,0.0832702680904608,1.0,1.0
25,5000,3,0.3,0.05,0.02863564212655271,6202,0.08737943911749282,0.07891708837693057,1.0,1.0
25,5000,3,0.3,0.05,0.02863564212655271,6203,0.09015812683488135,0.07095056080784978,1.0,1.0
25,5000,3,0.3,0.1,0.05727128425310542,6201,0.1861854202760415,0.18055654453010642,1.0,1.0
25,5000,3,0.3,0.1,0.05727128425310542,6202,0.17596683232097338,0.16281513563509392,1.0,1.0
25,5000,3,0.3,0.1,0.05727128425310542,6203,0.17672746637408882,0.1583621393749931,1.0,1.0
25,5000,3,0.3,0.15,0.08590692637965812,6201,0.2746952167011718,0.2663388175229,1.0,1.0
25,5000,3,0.3,0.15,0.08590692637965812,6202,0.2645748222134423,0.243714140917819,1.0,1.0
25,5000,3,0.3,0.15,0.08590692637965812,6203,0.26300895363276233,0.2295376229881299,1.0,1.0
25,5000,3,0.3,0.2,0.11454256850621083,6201,0.36256064509100244,0.35589109723323864,1.0,1.0
25,5000,3,0.3,0.2,0.11454256850621083,6202,0.3529317116020917,0.31841796669380645,1.0,1.0
25,5000,3,0.3,0.2,0.11454256850621083,6203,0.3497883198082556,0.3056054280925956,1.0,1.0
25,5000,3,0.3,0.25,0.14317821063276354,6201,0.4497597733941874,0.43805766448295635,1.0,1.0
25,5000,3,0.3,0.25,0.14317821063276354,6202,0.43963135348213933,0.4138786651987316,1.0,1.0
25,5000,3,0.3,0.25,0.14317821063276354,6203,0.43684751428656043,0.3702278646502546,1.0,1.0
25,5000,3,0.3,0.3,0.17181385275931624,6201,0.5365859861422448,0.5229040580984962,1.0,1.0
25,5000,3,0.3,0.3,0.17181385275931624,6202,0.5280760004244925,0.5037739325044279,1.0,1.0
25,5000,3,0.3,0.3,0.17181385275931624,6203,0.5230789283078243,0.4339159959462868,1.0,1.0
25,5000,3,0.3,0.35,0.20044949488586894,6201,0.6232906060988095,0.5980561755883876,1.0,1.0
25,5000,3,0.3,0.35,0.20044949488586894,6202,0.6161590816633228,0.585717622045671,1.0,1.0
25,5000,3,0.3,0.35,0.20044949488586894,6203,0.6084795371817323,0.5213663384978569,1.0,1.0
25,5000,3,0.3,0.4,0.22908513701242167,6201,0.7097438857324485,0.6747975550486627,1.0,1.0
25,5000,3,0.3,0.4,0.22908513701242167,6202,0.7046630639674478,0.6524299443599131,1.0,1.0
25,5000,3,0.3,0.4,0.22908513701242167,6203,0.6952434989158811,0.5872665717032953,1.0,1.0
25,5000,3,0.3,0.45,0.2577207791389744,6201,0.795952250977653,0.7646244061091907,1.0,1.0
25,5000,3,0.3,0.45,0.2577207791389744,6202,0.7923780434267248,0.7484554222302214,1.0,1.0
25,5000,3,0.3,0.45,0.2577207791389744,6203,0.7829128476796752,0.6832610263105641,1.0,1.0
25,5000,3,0.3,0.5,0.2863564212655271,6201,0.8820332407869405,0.8538535695359963,1.0,1.0
25,5000,3,0.3,0.5,0.2863564212655271,6202,0.8780331715453167,0.8130846158050613,1.0,1.0
25,5000,3,0.3,0.5,0.2863564212655271,6203,0.8695498574545952,0.7491099720875213,1.0,1.0
25,5000,3,0.3,0.55,0.3149920633920798,6201,0.9617722304541648,0.907738399719698,1.0,1.0
25,5000,3,0.3,0.55,0.3149920633920798,6202,0.9472363217607016,0.8707388155895799,1.0,1.0
25,5000,3,0.3,0.55,0.3149920633920798,6203,0.9427285002383078,0.8823336976240144,1.0,1.0
25,5000,3,0.3,0.6,0.3436277055186325,6201,1.0489957516842292,1.0044570432880828,0.0,0.0
25,5000,3,0.3,0.6,0.3436277055186325,6202,1.0360978592979602,0.9881965470007213,0.0,1.0
25,5000,3,0.3,0.6,0.3436277055186325,6203,1.0328450795354336,0.9735253836936947,0.0,1.0
25,5000,3,0.3,0.65,0.3722633476451852,6201,1.1345376616606941,1.0835645440306791,0.0,0.0
25,5000,3,0.3,0.65,0.3722633476451852,6202,1.1237625634904678,1.076932186196172,0.0,0.0
25,5000,3,0.3,0.65,0.3722633476451852,6203,1.1222449675177182,1.0572437788525517,0.0,0.0
25,5000,3,0.3,0.7,0.4008989897717379,6201,1.2291884734655238,1.18013270958671,0.0,0.0
25,5000,3,0.3,0.7,0.4008989897717379,6202,1.232532787722838,1.167937121579457,0.0,0.0
25,5000,3,0.3,0.7,0.4008989897717379,6203,1.2333116459335391,1.1809872741777003,0.0,0.0
25,5000,3,0.3,0.75,0.4295346318982906,6201,1.3125184004148216,1.2583208960491117,0.0,0.0
25,5000,3,0.3,0.75,0.4295346318982906,6202,1.3165742643349352,1.2669707409325959,0.0,0.0
25,5000,3,0.3,0.75,0.4295346318982906,6203,1.3184142981232128,1.276161330158275,0.0,0.0
25,5000,3,0.3,0.8,0.45817027402484334,6201,1.3951927670385689,1.3319994790403777,0.0,0.0
25,5000,3,0.3,0.8,0.45817027402484334,6202,1.3993524857468853,1.3641318030101544,0.0,0.0
25,5000,3,0.3,0.8,0.45817027402484334,6203,1.4013250197512548,1.3622734261060563,0.0,0.0
25,5000,3,0.3,0.85,0.486805916151396,6201,1.4729430997974742,1.4160601035512483,0.0,0.0
25,5000,3,0.3,0.85,0.486805916151396,6202,1.473057974732683,1.442900244366867,0.0,0.0
25,5000,3,0.3,0.85,0.486805916151396,6203,1.4764119125306565,1.4256791637909663,0.0,0.0
25,5000,3,0.3,0.9,0.5154415582779488,6201,1.5566422457599245,1.5184945753820889,0.0,0.0
25,5000,3,0.3,0.9,0.5154415582779488,6202,1.5586813342420098,1.5289115064216356,0.0,0.0
25,5000,3,0.3,0.9,0.5154415582779488,6203,1.5640345722964684,1.5255466187839553,0.0,0.0
25,5000,3,0.3,0.95,0.5440772004045014,6201,1.6409288428830444,1.5833161513892244,0.0,0.0
25,5000,3,0.3,0.95,0.5440772004045014,6202,1.6486208542486371,1.6201046142415934,0.0,0.0
25,5000,3,0.3,0.95,0.5440772004045014,6203,1.6545300627261446,1.6314417835983241,0.0,0.0
25,5000,3,0.325,0.0,0.0,6201,0.009601624679948979,0.01484462113228524,1.0,1.0
25,5000,3,0.325,0.0,0.0,6202,0.0012040354603767706,0.005449636685980849,1.0,1.0
25,5000,3,0.325,0.0,0.0,6203,0.0025470048833863834,0.01837230705384124,1.0,1.0
25,5000,3,0.325,0.05,0.029664793948382652,6201,0.09416929138040059,0.0729810791147295,1.0,1.0
25,5000,3,0.325,0.05,0.029664793948382652,6202,0.08550847429851334,0.07527049535553461,1.0,1.0
25,5000,3,0.325,0.05,0.029664793948382652,6203,0.08751182902192473,0.052216420162971476,1.0,1.0
25,5000,3,0.325,0.1,0.059329587896765304,6201,0.18024717326846496,0.16238050793322475,1.0,1.0
25,5000,3,0.325,0.1,0.059329587896765304,6202,0.170416172175661,0.15665369566746773,1.0,1.0
25,5000,3,0.325,0.1,0.059329587896765304,6203,0.1712763587072305,0.14488418744608947,1.0,1.0
25,5000,3,0.325,0.15,0.08899438184514795,6201,0.26491284123578795,0.2573998315977554,1.0,1.0
25,5000,3,0.325,0.15,0.08899438184514795,6202,0.25529877485048846,0.25150508485809486,1.0,1.0
25,5000,3,0.325,0.15,0.08899438184514795,6203,0.2537527077692671,0.21564299225969571,1.0,1.0
25,5000,3,0.325,0.2,0.11865917579353061,6201,0.35024325914367677,0.35153195305556106,1.0,1.0
25,5000,3,0.325,0.2,0.11865917579353061,6202,0.34025777635337795,0.31805950542852995,1.0,1.0
25,5000,3,0.325,0.2,0.11865917579353061,6203,0.33728858547059387,0.27896540200269426,1.0,1.0
25,5000,3,0.325,0.25,0.14832396974191325,6201,0.4342816268697578,0.4315720079389126,1.0,1.0
25,5000,3,0.325,0.25,0.14832396974191325,6202,0.42582380839548106,0.41329264681372235,1.0,1.0
25,5000,3,0.325,0.25,0.14832396974191325,6203,0.42029975977799877,0.35963098705172164,1.0,1.0
25,5000,3,0.325,0.3,0.1779887636902959,6201,0.5182530040939449,0.5033956071917469,1.0,1.0
25,5000,3,0.325,0.3,0.1779887636902959,6202,0.5105325455561502,0.4883594980752248,1.0,1.0
25,5000,3,0.325,0.3,0.1779887636902959,6203,0.5056284969897967,0.4375864803336883,1.0,1.0
25,5000,3,0.325,0.35,0.20765355763867854,6201,0.6018443434262319,0.5905367868890937,1.0,1.0
25,5000,3,0.325,0.35,0.20765355763867854,6202,0.5952561278136144,0.5554691838983794,1.0,1.0
25,5000,3,0.325,0.35,0.20765355763867854,6203,0.5876085668183904,0.5039845354179819,1.0,1.0
25,5000,3,0.325,0.4,0.23731835158706122,6201,0.6852794706057934,0.658144378701603,1.0,1.0
25,5000,3,0.325,0.4,0.23731835158706122,6202,0.6793160393687813,0.6521798484898392,1.0,1.0
25,5000,3,0.325,0.4,0.23731835158706122,6203,0.6717885961187431,0.578184634766433,1.0,1.0
25,5000,3,0.325,0.45,0.2669831455354439,6201,0.7683817686808354,0.7434989707103399,1.0,1.0
25,5000,3,0.325,0.45,0.2669831455354439,6202,0.7630057872223225,0.7037045336391305,1.0,1.0
25,5000,3,0.325,0.45,0.2669831455354439,6203,0.7549758570478248,0.6660081488129713,1.0,1.0
25,5000,3,0.325,0.5,0.2966479394838265,6201,0.852105418914533,0.8380756584381616,1.0,1.0
25,5000,3,0.325,0.5,0.2966479394838265,6202,0.8488464615115436,0.7763377235437532,1.0,1.0
25,5000,3,0.325,0.5,0.2966479394838265,6203,0.839348844495806,0.7315612664120317,1.0,1.0
25,5000,3,0.325,0.55,0.3263127334322092,6201,0.9425069999568878,0.9292146925901117,1.0,1.0
25,5000,3,0.325,0.55,0.3263127334322092,6202,0.9444486860318619,0.8998481654981719,1.0,1.0
25,5000,3,0.325,0.55,0.3263127334322092,6203,0.9462770508976972,0.9007308198249333,1.0,1.0
25,5000,3,0.325,0.6,0.3559775273805918,6201,1.013165701582735,0.9634957863900284,0.0,1.0
25,5000,3,0.325,0.6,0.3559775273805918,6202,1.0004030583506636,0.9416348922764264,0.0,1.0
25,5000,3,0.325,0.6,0.3559775273805918,6203,0.9974033032408334,0.9397920785772227,1.0,1.0
25,5000,3,0.325,0.65,0.38564232132897447,6201,1.1070065662722128,1.0721197496720185,0.0,0.0
25,5000,3,0.325,0.65,0.38564232132897447,6202,1.109435073174882,1.039241453761085,0.0,0.0
25,5000,3,0.325,0.65,0.38564232132897447,6203,1.1093924272441453,1.0698291886417763,0.0,0.0
25,5000,3,0.325,0.7,0.4153071152773571,6201,1.1874996796257498,1.1328430681464003,0.0,0.0
25,5000,3,0.325,0.7,0.4153071152773571,6202,1.1904159408298747,1.1498147521680144,0.0,0.0
25,5000,3,0.325,0.7,0.4153071152773571,6203,1.190947283282029,1.1435420618892786,0.0,0.0
25,5000,3,0.325,0.75,0.44497190922573976,6201,1.26030565663318,1.202890241957145,0.0,0.0
25,5000,3,0.325,0.75,0.44497190922573976,6202,1.2540055060308881,1.2241068400070583,0.0,0.0
25,5000,3,0.325,0.75,0.44497190922573976,6203,1.2542913721251348,1.1837947713443755,0.0,0.0
25,5000,3,0.325,0.8,0.47463670317412243,6201,1.3419896128183524,1.287827923822623,0.0,0.0
25,5000,3,0.325,0.8,0.47463670317412243,6202,1.3384170665441766,1.2991246581363807,0.0,0.0
25,5000,3,0.325,0.8,0.47463670317412243,6203,1.3400517437774488,1.2890596624991415,0.0,0.0
25,5000,3,0.325,0.85,0.504301497122505,6201,1.4273615978226601,1.374950931075468,0.0,0.0
25,5000,3,0.325,0.85,0.504301497122505,6202,1.4318821610050525,1.4004147669574163,0.0,0.0
25,5000,3,0.325,0.85,0.504301497122505,6203,1.4341902779380917,1.4058943023205663,0.0,0.0
25,5000,3,0.325,0.9,0.5339662910708878,6201,1.5036578079385627,1.4703578805442417,0.0,0.0
25,5000,3,0.325,0.9,0.5339662910708878,6202,1.5052939279804582,1.4825403682901195,0.0,0.0
25,5000,3,0.325,0.9,0.5339662910708878,6203,1.5104325420378273,1.4863883787168306,0.0,0.0
25,5000,3,0.325,0.95,0.5636310850192703,6201,1.5846039234037093,1.5358506299251784,0.0,0.0
25,5000,3,0.325,0.95,0.5636310850192703,6202,1.5923347654801074,1.5672599309481692,0.0,0.0
25,5000,3,0.325,0.95,0.5636310850192703,6203,1.5973039984702406,1.5849411231997161,0.0,0.0
25,5000,3,0.35,0.0,0.0,6201,0.010178355059982536,0.014338022970314938,1.0,1.0
25,5000,3,0.35,0.0,0.0,6202,0.0007800031976593416,0.0022981972416526997,1.0,1.0
25,5000,3,0.35,0.0,0.0,6203,0.0032808472826701615,0.018657242166173663,1.0,1.0
25,5000,3,0.35,0.05,0.030659419433511782,6201,0.09245194829382795,0.0700439633379162,1.0,1.0
25,5000,3,0.35,0.05,0.030659419433511782,6202,0.08258925941808212,0.07146697974705504,1.0,1.0
25,5000,3,0.35,0.05,0.030659419433511782,6203,0.08427202983268459,0.05719452283415593,1.0,1.0
25,5000,3,0.35,0.1,0.061318838867023565,6201,0.17392720064013273,0.15420231545727817,1.0,1.0
25,5000,3,0.35,0.1,0.061318838867023565,6202,0.16442372889767126,0.15205200182497597,1.0,1.0
25,5000,3,0.35,0.1,0.061318838867023565,6203,0.16505460364418287,0.13585627922601706,1.0,1.0
25,5000,3,0.35,0.15,0.09197825830053534,6201,0.2566163425834027,0.2617477871010433,1.0,1.0
25,5000,3,0.35,0.15,0.09197825830053534,6202,0.24613328958040342,0.22690323906407842,1.0,1.0
25,5000,3,0.35,0.15,0.09197825830053534,6203,0.24581188422361386,0.21517881886150114,1.0,1.0
25,5000,3,0.35,0.2,0.12263767773404713,6201,0.33726747485177816,0.3290116583753607,1.0,1.0
25,5000,3,0.35,0.2,0.12263767773404713,6202,0.3295042218968501,0.30702939386857886,1.0,1.0
25,5000,3,0.35,0.2,0.12263767773404713,6203,0.32761943523430137,0.27567065713963007,1.0,1.0
25,5000,3,0.35,0.25,0.1532970971675589,6201,0.4200072057757799,0.41753194777951785,1.0,1.0
25,5000,3,0.35,0.25,0.1532970971675589,6202,0.41145114101671687,0.3867735312401853,1.0,1.0
25,5000,3,0.35,0.25,0.1532970971675589,6203,0.40715099789399667,0.3354936076762506,1.0,1.0
25,5000,3,0.35,0.3,0.18395651660107068,6201,0.5011331861897274,0.4902050553224748,1.0,1.0
25,5000,3,0.35,0.3,0.18395651660107068,6202,0.4938068153286725,0.46611037798062427,1.0,1.0
25,5000,3,0.35,0.3,0.18395651660107068,6203,0.4878470381423971,0.41474807673296943,1.0,1.0
25,5000,3,0.35,0.35,0.21461593603458246,6201,0.5822283188133234,0.5808389685537356,1.0,1.0
25,5000,3,0.35,0.35,0.21461593603458246,6202,0.576528970101255,0.5469118203850748,1.0,1.0
25,5000,3,0.35,0.35,0.21461593603458246,6203,0.5701640181103067,0.49519073671958924,1.0,1.0
25,5000,3,0.35,0.4,0.24527535546809426,6201,0.6641884326946639,0.6305919708379254,1.0,1.0
25,5000,3,0.35,0.4,0.24527535546809426,6202,0.6576798421604547,0.6289320132796818,1.0,1.0
25,5000,3,0.35,0.4,0.24527535546809426,6203,0.6502757114454489,0.5516090594388109,1.0,1.0
25,5000,3,0.35,0.45,0.27593477490160606,6201,0.7440117506342085,0.7217284304128497,1.0,1.0
25,5000,3,0.35,0.45,0.27593477490160606,6202,0.7388040860482555,0.6996413387931583,1.0,1.0
25,5000,3,0.35,0.45,0.27593477490160606,6203,0.7315424463921065,0.6453161681906869,1.0,1.0
25,5000,3,0.35,0.5,0.3065941943351178,6201,0.8244653376456738,0.8084664922001623,1.0,1.0
25,5000,3,0.35,0.5,0.3065941943351178,6202,0.820861462276088,0.7636118379375201,1.0,1.0
25,5000,3,0.35,0.5,0.3065941943351178,6203,0.8118246074631601,0.7159844047703445,1.0,1.0
25,5000,3,0.35,0.55,0.3372536137686296,6201,0.9040197555590064,0.8936999289482335,1.0,1.0
25,5000,3,0.35,0.55,0.3372536137686296,6202,0.9013742681883645,0.8493560909609639,1.0,1.0
25,5000,3,0.35,0.55,0.3372536137686296,6203,0.8935866952254496,0.7776837404580772,1.0,1.0
25,5000,3,0.35,0.6,0.36791303320214136,6201,0.9791419619708996,0.934937569246455,1.0,1.0
25,5000,3,0.35,0.6,0.36791303320214136,6202,0.9686128383887357,0.9167783410708892,1.0,1.0
25,5000,3,0.35,0.6,0.36791303320214136,6203,0.9641374372698186,0.909225660371836,1.0,1.0
25,5000,3,0.35,0.65,0.39857245263565316,6201,1.060590918130427,1.013791784115333,0.0,0.0
25,5000,3,0.35,0.65,0.39857245263565316,6202,1.051133282727376,1.0077803180875793,0.0,0.0
25,5000,3,0.35,0.65,0.39857245263565316,6203,1.047044603383083,0.9845692429351766,0.0,1.0
25,5000,3,0.35,0.7,0.4292318720691649,6201,1.1492891426027692,1.1210794917395175,0.0,0.0
25,5000,3,0.35,0.7,0.4292318720691649,6202,1.1523049305224737,1.1013833618282018,0.0,0.0
25,5000,3,0.35,0.7,0.4292318720691649,6203,1.1521042540352833,1.1135397575481245,0.0,0.0
25,5000,3,0.35,0.75,0.4598912915026767,6201,1.2267161658694197,1.183063167722881,0.0,0.0
25,5000,3,0.35,0.75,0.4598912915026767,6202,1.2296344878686978,1.1839573408542283,0.0,0.0
25,5000,3,0.35,0.75,0.4598912915026767,6203,1.231622990760013,1.1892090774709887,0.0,0.0
25,5000,3,0.35,0.8,0.4905507109361885,6201,1.3043946411998921,1.2542196650089643,0.0,0.0
25,5000,3,0.35,0.8,0.4905507109361885,6202,1.3078760936619966,1.2885531027634933,0.0,0.0
25,5000,3,0.35,0.8,0.4905507109361885,6203,1.3101558759133412,1.2718560886003838,0.0,0.0
25,5000,3,0.35,0.85,0.5212101303697002,6201,1.3814341713136875,1.348178199873343,0.0,0.0
25,5000,3,0.35,0.85,0.5212101303697002,6202,1.3862767535812108,1.3606087663446362,0.0,0.0
25,5000,3,0.35,0.85,0.5212101303697002,6203,1.3880485928520896,1.3563964007312337,0.0,0.0
25,5000,3,0.35,0.9,0.5518695498032121,6201,1.458124096987943,1.4263846296035667,0.0,0.0
25,5000,3,0.35,0.9,0.5518695498032121,6202,1.4632087393780435,1.4346595486600595,0.0,0.0
25,5000,3,0.35,0.9,0.5518695498032121,6203,1.4666603760808745,1.4422409015212536,0.0,0.0
25,5000,3,0.35,0.95,0.5825289692367238,6201,1.533669242585876,1.4998942324980271,0.0,0.0
25,5000,3,0.35,0.95,0.5825289692367238,6202,1.5407285483905562,1.5293927150084428,0.0,0.0
25,5000,3,0.35,0.95,0.5825289692367238,6203,1.5457532727217584,1.5460681865422183,0.0,0.0
25,5000,3,0.375,0.0,0.0,6201,0.009414435462730826,0.007883756776661817,1.0,1.0
25,5000,3,0.375,0.0,0.0,6202,6.741129840072413e-05,0.004300166899560975,1.0,1.0
25,5000,3,0.375,0.0,0.0,6203,0.0029820843938299993,0.015663754407885148,1.0,1.0
25,5000,3,0.375,0.05,0.0316227766016838,6201,0.08915819487120197,0.07200900138659237,1.0,1.0
25,5000,3,0.375,0.05,0.0316227766016838,6202,0.07939947496220678,0.07117409253480686,1.0,1.0
25,5000,3,0.375,0.05,0.0316227766016838,6203,0.08115341623015157,0.059647443023657515,1.0,1.0
25,5000,3,0.375,0.1,0.0632455532033676,6201,0.16872662305084085,0.14181514686654875,1.0,1.0
25,5000,3,0.375,0.1,0.0632455532033676,6202,0.1594911006277469,0.1459669289033248,1.0,1.0
25,5000,3,0.375,0.1,0.0632455532033676,6203,0.15981159953818241,0.12049040706802136,1.0,1.0
25,5000,3,0.375,0.15,0.09486832980505137,6201,0.24849865581760602,0.2582644740786162,1.0,1.0
25,5000,3,0.375,0.15,0.09486832980505137,6202,0.23919135152456017,0.21347783200221032,1.0,1.0
25,5000,3,0.375,0.15,0.09486832980505137,6203,0.23915861229632923,0.20413216802022394,1.0,1.0
25,5000,3,0.375,0.2,0.1264911064067352,6201,0.32785667115711836,0.3311363432459197,1.0,1.0
25,5000,3,0.375,0.2,0.1264911064067352,6202,0.3190542190624434,0.2981561106568052,1.0,1.0
25,5000,3,0.375,0.2,0.1264911064067352,6203,0.3177816197279074,0.26084043185383077,1.0,1.0
25,5000,3,0.375,0.25,0.15811388300841897,6201,0.406836600865518,0.41592351049095816,1.0,1.0
25,5000,3,0.375,0.25,0.15811388300841897,6202,0.39909626062697123,0.37122996633294963,1.0,1.0
25,5000,3,0.375,0.25,0.15811388300841897,6203,0.39484082460085945,0.35281982890597763,1.0,1.0
25,5000,3,0.375,0.3,0.18973665961010275,6201,0.4864126583227158,0.48571358786369645,1.0,1.0
25,5000,3,0.375,0.3,0.18973665961010275,6202,0.4793845934671672,0.45768561808893093,1.0,1.0
25,5000,3,0.375,0.3,0.18973665961010275,6203,0.4734218289805314,0.40504755850041263,1.0,1.0
25,5000,3,0.375,0.35,0.22135943621178655,6201,0.564920746310162,0.5441067999027274,1.0,1.0
25,5000,3,0.375,0.35,0.22135943621178655,6202,0.5573410442603184,0.5355569111425278,1.0,1.0
25,5000,3,0.375,0.35,0.22135943621178655,6203,0.5517219675248157,0.46752772962747946,1.0,1.0
25,5000,3,0.375,0.4,0.2529822128134704,6201,0.6436322510906438,0.6220271069942604,1.0,1.0
25,5000,3,0.375,0.4,0.2529822128134704,6202,0.6386377170687336,0.6149501453685401,1.0,1.0
25,5000,3,0.375,0.4,0.2529822128134704,6203,0.6306515541898001,0.5280813184397098,1.0,1.0
25,5000,3,0.375,0.45,0.28460498941515416,6201,0.7215368774356554,0.703257936309676,1.0,1.0
25,5000,3,0.375,0.45,0.28460498941515416,6202,0.7161682969871517,0.6668028002269382,1.0,1.0
25,5000,3,0.375,0.45,0.28460498941515416,6203,0.7103743719703677,0.6124250683826038,1.0,1.0
25,5000,3,0.375,0.5,0.31622776601683794,6201,0.7990563872605417,0.7759950218392002,1.0,1.0
25,5000,3,0.375,0.5,0.31622776601683794,6202,0.7954811853814061,0.7390827985271842,1.0,1.0
25,5000,3,0.375,0.5,0.31622776601683794,6203,0.7875525703432875,0.6951260989518839,1.0,1.0
25,5000,3,0.375,0.55,0.3478505426185218,6201,0.8770145250485448,0.8573358252978822,1.0,1.0
25,5000,3,0.375,0.55,0.3478505426185218,6202,0.8736319458540431,0.809214848815032,1.0,1.0
25,5000,3,0.375,0.55,0.3478505426185218,6203,0.8667987128441778,0.774108900729102,1.0,1.0
25,5000,3,0.375,0.6,0.3794733192202055,6201,0.9623655805884577,0.9287826227777317,1.0,1.0
25,5000,3,0.375,0.6,0.3794733192202055,6202,0.9640519967718539,0.9280102210486858,1.0,1.0
25,5000,3,0.375,0.6,0.3794733192202055,6203,0.9651699299543399,0.93343994617693,1.0,1.0
25,5000,3,0.375,0.65,0.41109609582188933,6201,1.0281989810821455,0.9845793106879577,0.0,1.0
25,5000,3,0.375,0.65,0.41109609582188933,6202,1.0195288712079562,0.9952295577976445,0.0,1.0
25,5000,3,0.375,0.65,0.41109609582188933,6203,1.0156409575215835,0.9561474914877425,0.0,1.0
25,5000,3,0.375,0.7,0.4427188724235731,6201,1.1065091300311747,1.0661965233817212,0.0,0.0
25,5000,3,0.375,0.7,0.4427188724235731,6202,1.0996302785040306,1.0769555553489059,0.0,0.0
25,5000,3,0.375,0.7,0.4427188724235731,6203,1.0966429241014546,1.0194070036391967,0.0,0.0
25,5000,3,0.375,0.75,0.4743416490252569,6201,1.1834222543888886,1.1366004737181905,0.0,0.0
25,5000,3,0.375,0.75,0.4743416490252569,6202,1.1778911439221549,1.164566881055234,0.0,0.0
25,5000,3,0.375,0.75,0.4743416490252569,6203,1.176009611889353,1.1231814278144276,0.0,0.0
25,5000,3,0.375,0.8,0.5059644256269408,6201,1.2606355714948536,1.2139306005091752,0.0,0.0
25,5000,3,0.375,0.8,0.5059644256269408,6202,1.2566159617224675,1.227300380547292,0.0,0.0
25,5000,3,0.375,0.8,0.5059644256269408,6203,1.257330476408557,1.2127725512522947,0.0,0.0
25,5000,3,0.375,0.85,0.5375872022286244,6201,1.3395118301947804,1.3000934762953316,0.0,0.0
25,5000,3,0.375,0.85,0.5375872022286244,6202,1.3443297841964805,1.3240503832956398,0.0,0.0
25,5000,3,0.375,0.85,0.5375872022286244,6203,1.3463639134637657,1.3254433399279184,0.0,0.0
25,5000,3,0.375,0.9,0.5692099788303083,6201,1.414423230181461,1.3758263539215634,0.0,0.0
25,5000,3,0.375,0.9,0.5692099788303083,6202,1.4189152354786176,1.400710244062825,0.0,0.0
25,5000,3,0.375,0.9,0.5692099788303083,6203,1.4221949818989312,1.40636070068216,0.0,0.0
25,5000,3,0.375,0.95,0.6008327554319921,6201,1.4882173273645314,1.457856373283355,0.0,0.0
25,5000,3,0.375,0.95,0.6008327554319921,6202,1.4945726712899043,1.4841664505070513,0.0,0.0
25,5000,3,0.375,0.95,0.6008327554319921,6203,1.4991021355684895,1.5049360499594107,0.0,0.0
25,5000,3,0.4,0.0,0.0,6201,0.009376854169685991,0.014070574837284196,1.0,1.0
25,5000,3,0.4,0.0,0.0,6202,0.00039082387623343845,0.001879814070966719,1.0,1.0
25,5000,3,0.4,0.0,0.0,6203,0.002770802241750095,0.025837932779621327,1.0,1.0
25,5000,3,0.4,0.05,0.032557641192199414,6201,0.08610165547891145,0.0760550998508135,1.0,1.0
25,5000,3,0.4,0.05,0.032557641192199414,6202,0.07781141325857302,0.07074104783142017,1.0,1.0
25,5000,3,0.4,0.05,0.032557641192199414,6203,0.07976024602844192,0.04725272013692525,1.0,1.0
25,5000,3,0.4,0.1,0.06511528238439883,6201,0.16394266859179613,0.15005120318817183,1.0,1.0
25,5000,3,0.4,0.1,0.06511528238439883,6202,0.15511907357762011,0.14026489986696433,1.0,1.0
25,5000,3,0.4,0.1,0.06511528238439883,6203,0.15591647638835088,0.12024480852511789,1.0,1.0
25,5000,3,0.4,0.15,0.09767292357659825,6201,0.24110940150614563,0.247606062619112,1.0,1.0
25,5000,3,0.4,0.15,0.09767292357659825,6202,0.23225144664037684,0.22009152187076003,1.0,1.0
25,5000,3,0.4,0.15,0.09767292357659825,6203,0.23195497377901014,0.19753635640619185,1.0,1.0
25,5000,3,0.4,0.2,0.13023056476879766,6201,0.318443374584373,0.32846537080159455,1.0,1.0
25,5000,3,0.4,0.2,0.13023056476879766,6202,0.30973988938449537,0.30445413238719227,1.0,1.0
25,5000,3,0.4,0.2,0.13023056476879766,6203,0.30781556996323145,0.26352598593677157,1.0,1.0
25,5000,3,0.4,0.25,0.16278820596099708,6201,0.39555020088053233,0.4032149670605807,1.0,1.0
25,5000,3,0.4,0.25,0.16278820596099708,6202,0.3883089972542413,0.35877719697136123,1.0,1.0
25,5000,3,0.4,0.25,0.16278820596099708,6203,0.38409324453260807,0.335769210267428,1.0,1.0
25,5000,3,0.4,0.3,0.1953458471531965,6201,0.4720090925488848,0.46512435661847573,1.0,1.0
25,5000,3,0.4,0.3,0.1953458471531965,6202,0.4644458648977004,0.43481085112819495,1.0,1.0
25,5000,3,0.4,0.3,0.1953458471531965,6203,0.4595974492883334,0.4005323668078271,1.0,1.0
25,5000,3,0.4,0.35,0.2279034883453959,6201,0.5492170156849063,0.5291283773428319,1.0,1.0
25,5000,3,0.4,0.35,0.2279034883453959,6202,0.5417697454452103,0.515751727914727,1.0,1.0
25,5000,3,0.4,0.35,0.2279034883453959,6203,0.5373327868721318,0.45963557523370263,1.0,1.0
25,5000,3,0.4,0.4,0.2604611295375953,6201,0.6248275172658977,0.6056080404800801,1.0,1.0
25,5000,3,0.4,0.4,0.2604611295375953,6202,0.620005550025241,0.5880971158286485,1.0,1.0
25,5000,3,0.4,0.4,0.2604611295375953,6203,0.6128587608605386,0.5234122335643177,1.0,1.0
25,5000,3,0.4,0.45,0.29301877072979476,6201,0.7011081411665109,0.6884019031323672,1.0,1.0
25,5000,3,0.4,0.45,0.29301877072979476,6202,0.6973395121136199,0.6503431443865391,1.0,1.0
25,5000,3,0.4,0.45,0.29301877072979476,6203,0.6891742308311837,0.5968843106912903,1.0,1.0
25,5000,3,0.4,0.5,0.32557641192199416,6201,0.7771983707050437,0.7596984409407088,1.0,1.0
25,5000,3,0.4,0.5,0.32557641192199416,6202,0.7726839609827443,0.7171293037441456,1.0,1.0
25,5000,3,0.4,0.5,0.32557641192199416,6203,0.7654734768430157,0.664520118123847,1.0,1.0
25,5000,3,0.4,0.55,0.3581340531141936,6201,0.8519462103955453,0.827122726390774,1.0,1.0
25,5000,3,0.4,0.55,0.3581340531141936,6202,0.8493601404468619,0.7946201705617328,1.0,1.0
25,5000,3,0.4,0.55,0.3581340531141936,6203,0.8415125206960901,0.7486176199564933,1.0,1.0
25,5000,3,0.4,0.6,0.390691694306393,6201,0.9269286255782168,0.8963180884801988,1.0,1.0
25,5000,3,0.4,0.6,0.390691694306393,6202,0.9261822623674081,0.8688696493544629,1.0,1.0
25,5000,3,0.4,0.6,0.390691694306393,6203,0.9176516729584155,0.8260117473702837,1.0,1.0
25,5000,3,0.4,0.65,0.4232493354985924,6201,0.9993124018525957,0.9666731248089784,1.0,1.0
25,5000,3,0.4,0.65,0.4232493354985924,6202,0.9891562783370952,0.964994376239154,1.0,1.0
25,5000,3,0.4,0.65,0.4232493354985924,6203,0.9865115115619523,0.9273044410661337,1.0,1.0
25,5000,3,0.4,0.7,0.4558069766907918,6201,1.0752106081375246,1.0413416369117137,0.0,0.0
25,5000,3,0.4,0.7,0.4558069766907918,6202,1.0666594492407935,1.0410413610169924,0.0,0.0
25,5000,3,0.4,0.7,0.4558069766907918,6203,1.065507772945858,1.0019588461854878,0.0,0.0
25,5000,3,0.4,0.75,0.48836461788299124,6201,1.1496194627472098,1.1109273576643837,0.0,0.0
25,5000,3,0.4,0.75,0.48836461788299124,6202,1.143636059732332,1.1321833182483765,0.0,0.0
25,5000,3,0.4,0.75,0.48836461788299124,6203,1.1438455561704037,1.088234579526834,0.0,0.0
25,5000,3,0.4,0.8,0.5209222590751906,6201,1.2248498269497894,1.1918419824128417,0.0,0.0
25,5000,3,0.4,0.8,0.5209222590751906,6202,1.220571093067822,1.2075221840408865,0.0,0.0
25,5000,3,0.4,0.8,0.5209222590751906,6203,1.2219537373151783,1.1792791152518087,0.0,0.0
25,5000,3,0.4,0.85,0.55347990026739,6201,1.302252385697868,1.2638959221635688,0.0,0.0
25,5000,3,0.4,0.85,0.55347990026739,6202,1.3059782973480298,1.2979992689167625,0.0,0.0
25,5000,3,0.4,0.85,0.55347990026739,6203,1.3075456308476379,1.2815642408546792,0.0,0.0
25,5000,3,0.4,0.9,0.5860375414595895,6201,1.3714725712796716,1.367112271294965,0.0,0.0
25,5000,3,0.4,0.9,0.5860375414595895,6202,1.3727176713850409,1.3773793228413345,0.0,0.0
25,5000,3,0.4,0.9,0.5860375414595895,6203,1.3762402119016817,1.3724994650595552,0.0,0.0
25,5000,3,0.4,0.95,0.6185951826517889,6201,1.4458207916230181,1.4306952368030168,0.0,0.0
25,5000,3,0.4,0.95,0.6185951826517889,6202,1.4519600654233114,1.44156345020602,0.0,0.0
25,5000,3,0.4,0.95,0.6185951826517889,6203,1.4562194510536384,1.45963722313481,0.0,0.0
25,5000,3,0.425,0.0,0.0,6201,0.008499996310207602,0.011195830412616814,1.0,1.0
25,5000,3,0.425,0.0,0.0,6202,0.0007638682164388608,0.006617770792615142,1.0,1.0
25,5000,3,0.425,0.0,0.0,6203,0.002752598428915197,0.018391828487654943,1.0,1.0
25,5000,3,0.425,0.05,0.033466401061363026,6201,0.08472429267854466,0.06664613819359125,1.0,1.0
25,5000,3,0.425,0.05,0.033466401061363026,6202,0.07422987731548658,0.07022337189923496,1.0,1.0
25,5000,3,0.425,0.05,0.033466401061363026,6203,0.07713576961868192,0.047466002838627265,1.0,1.0
25,5000,3,0.425,0.1,0.06693280212272605,6201,0.15944824111754072,0.1467935002725138,1.0,1.0
25,5000,3,0.425,0.1,0.06693280212272605,6202,0.1510979739993237,0.137479789051227,1.0,1.0
25,5000,3,0.425,0.1,0.06693280212272605,6203,0.1515945520421031,0.12688468138314557,1.0,1.0
25,5000,3,0.425,0.15,0.10039920318408906,6201,0.23457109324230174,0.23251807932000876,1.0,1.0
25,5000,3,0.425,0.15,0.10039920318408906,6202,0.2271451868543583,0.21706063868485342,1.0,1.0
25,5000,3,0.425,0.15,0.10039920318408906,6203,0.22465739390410794,0.19035455313815283,1.0,1.0
25,5000,3,0.425,0.2,0.1338656042454521,6201,0.3102605414065709,0.30572819609574486,1.0,1.0
25,5000,3,0.425,0.2,0.1338656042454521,6202,0.30184512409407205,0.2803511580727157,1.0,1.0
25,5000,3,0.425,0.2,0.1338656042454521,6203,0.2995694812102343,0.24859333085290275,1.0,1.0
25,5000,3,0.425,0.25,0.1673320053068151,6201,0.38485215327454136,0.3855502019809769,1.0,1.0
25,5000,3,0.425,0.25,0.1673320053068151,6202,0.37679525594346136,0.35938779625412065,1.0,1.0
25,5000,3,0.425,0.25,0.1673320053068151,6203,0.37373773100258667,0.3177825833464514,1.0,1.0
25,5000,3,0.425,0.3,0.2007984063681781,6201,0.45947096748307326,0.4447308724449115,1.0,1.0
25,5000,3,0.425,0.3,0.2007984063681781,6202,0.4528999926021694,0.43528234853073877,1.0,1.0
25,5000,3,0.425,0.3,0.2007984063681781,6203,0.44784648750093115,0.37561467468993437,1.0,1.0
25,5000,3,0.425,0.35,0.23426480742954114,6201,0.5337813623227137,0.5162698469939643,1.0,1.0
25,5000,3,0.425,0.35,0.23426480742954114,6202,0.5275181993484179,0.5053611651840634,1.0,1.0
25,5000,3,0.425,0.35,0.23426480742954114,6203,0.5216900841514321,0.4420590742172384,1.0,1.0
25,5000,3,0.425,0.4,0.2677312084909042,6201,0.6087216229237391,0.5982119920653421,1.0,1.0
25,5000,3,0.425,0.4,0.2677312084909042,6202,0.6024066133530921,0.5698583098155081,1.0,1.0
25,5000,3,0.425,0.4,0.2677312084909042,6203,0.5963170365846074,0.5114757353454483,1.0,1.0
25,5000,3,0.425,0.45,0.3011976095522672,6201,0.6816974503807346,0.6751250233710354,1.0,1.0
25,5000,3,0.425,0.45,0.3011976095522672,6202,0.6775733966497959,0.6345635700556056,1.0,1.0
25,5000,3,0.425,0.45,0.3011976095522672,6203,0.6703081591239097,0.5778964114213226,1.0,1.0
25,5000,3,0.425,0.5,0.3346640106136302,6201,0.7563769329134156,0.7473654533091616,1.0,1.0
25,5000,3,0.425,0.5,0.3346640106136302,6202,0.7517927497302905,0.6988130695575299,1.0,1.0
25,5000,3,0.425,0.5,0.3346640106136302,6203,0.7440500301498217,0.6667188764751794,1.0,1.0
25,5000,3,0.425,0.55,0.3681304116749933,6201,0.8292981499879386,0.8150380970830756,1.0,1.0
25,5000,3,0.425,0.55,0.3681304116749933,6202,0.8269122590714236,0.778405166503739,1.0,1.0
25,5000,3,0.425,0.55,0.3681304116749933,6203,0.8180672126776611,0.7341200805224906,1.0,1.0
25,5000,3,0.425,0.6,0.4015968127363562,6201,0.9028268066254759,0.8703793221552694,1.0,1.0
25,5000,3,0.425,0.6,0.4015968127363562,6202,0.9011298758617806,0.8521097809880228,1.0,1.0
25,5000,3,0.425,0.6,0.4015968127363562,6203,0.8932377012200358,0.8081629699672079,1.0,1.0
25,5000,3,0.425,0.65,0.4350632137977193,6201,0.9734777701059889,0.938732635351893,1.0,1.0
25,5000,3,0.425,0.65,0.4350632137977193,6202,0.9633710013833392,0.934471626759398,1.0,1.0
25,5000,3,0.425,0.65,0.4350632137977193,6203,0.959981775450756,0.9131944799026228,1.0,1.0
25,5000,3,0.425,0.7,0.4685296148590823,6201,1.0462471135372475,1.0232623696613334,0.0,0.0
25,5000,3,0.425,0.7,0.4685296148590823,6202,1.038785359065209,1.0135284721373252,0.0,0.0
25,5000,3,0.425,0.7,0.4685296148590823,6203,1.0368938518082569,0.9702872466844796,0.0,1.0
25,5000,3,0.425,0.75,0.5019960159204453,6201,1.126200963050568,1.0924952747815926,0.0,0.0
25,5000,3,0.425,0.75,0.5019960159204453,6202,1.1270937612625012,1.109370203822715,0.0,0.0
25,5000,3,0.425,0.75,0.5019960159204453,6203,1.1287322475546187,1.1131529250990475,0.0,0.0
25,5000,3,0.425,0.8,0.5354624169818084,6201,1.191759178518434,1.158806689201417,0.0,0.0
25,5000,3,0.425,0.8,0.5354624169818084,6202,1.1886124596769791,1.1808099960057237,0.0,0.0
25,5000,3,0.425,0.8,0.5354624169818084,6203,1.1884739768133228,1.152008920951895,0.0,0.0
25,5000,3,0.425,0.85,0.5689288180431713,6201,1.2669111838321119,1.2382947596781877,0.0,0.0
25,5000,3,0.425,0.85,0.5689288180431713,6202,1.2703943993688094,1.2580446263036977,0.0,0.0
25,5000,3,0.425,0.85,0.5689288180431713,6203,1.2722513710102898,1.2577764353066259,0.0,0.0
25,5000,3,0.425,0.9,0.6023952191045344,6201,1.3356878531883152,1.3309679289956151,0.0,0.0
25,5000,3,0.425,0.9,0.6023952191045344,6202,1.335689362469025,1.3372158774223357,0.0,0.0
25,5000,3,0.425,0.9,0.6023952191045344,6203,1.33982508401298,1.3422101572839606,0.0,0.0
25,5000,3,0.425,0.95,0.6358616201658974,6201,1.4063322791213237,1.4080592409387336,0.0,0.0
25,5000,3,0.425,0.95,0.6358616201658974,6202,1.4094361183655117,1.4263474162294179,0.0,0.0
25,5000,3,0.425,0.95,0.6358616201658974,6203,1.4148701307335987,1.4288913756381127,0.0,0.0
25,5000,3,0.45,0.0,0.0,6201,0.008425854864452204,0.009154328818947743,1.0,1.0
25,5000,3,0.45,0.0,0.0,6202,0.0013194671384736817,0.004708474569683881,1.0,1.0
25,5000,3,0.45,0.0,0.0,6203,0.001970933341555875,0.022927982020657954,1.0,1.0
25,5000,3,0.45,0.05,0.03435112807463534,6201,0.08267071077960633,0.06759976047777178,1.0,1.0
25,5000,3,0.45,0.05,0.03435112807463534,6202,0.0726506312919181,0.06475495216885309,1.0,1.0
25,5000,3,0.45,0.05,0.03435112807463534,6203,0.07609640083893834,0.04959222683218884,1.0,1.0
25,5000,3,0.45,0.1,0.06870225614927068,6201,0.15569190765651808,0.13948520604734965,1.0,1.0
25,5000,3,0.45,0.1,0.06870225614927068,6202,0.14708013038186712,0.1387001631248871,1.0,1.0
25,5000,3,0.45,0.1,0.06870225614927068,6203,0.1467272623173861,0.11303244939746254,1.0,1.0
25,5000,3,0.45,0.15,0.10305338422390602,6201,0.22970533657575726,0.22990266163154624,1.0,1.0
25,5000,3,0.45,0.15,0.10305338422390602,6202,0.22025179251335733,0.21427111635617,1.0,1.0
25,5000,3,0.45,0.15,0.10305338422390602,6203,0.21994141257536848,0.18169863843264022,1.0,1.0
25,5000,3,0.45,0.2,0.13740451229854136,6201,0.30275423205865726,0.29797122487811833,1.0,1.0
25,5000,3,0.45,0.2,0.13740451229854136,6202,0.2939003983515741,0.26847560422666483,1.0,1.0
25,5000,3,0.45,0.2,0.13740451229854136,6203,0.2924403645698215,0.24296947110742406,1.0,1.0
25,5000,3,0.45,0.25,0.1717556403731767,6201,0.3744142612971958,0.3803561047444154,1.0,1.0
25,5000,3,0.45,0.25,0.1717556403731767,6202,0.3680686580189217,0.3522631796138455,1.0,1.0
25,5000,3,0.45,0.25,0.1717556403731767,6203,0.3638291976059362,0.3032686124397175,1.0,1.0
25,5000,3,0.45,0.3,0.20610676844781203,6201,0.44831407804322765,0.44255477076634353,1.0,1.0
25,5000,3,0.45,0.3,0.20610676844781203,6202,0.44102875079671094,0.4244957184635788,1.0,1.0
25,5000,3,0.45,0.3,0.20610676844781203,6203,0.4361961836390984,0.3717343115472508,1.0,1.0
25,5000,3,0.45,0.35,0.24045789652244737,6201,0.5205883072963827,0.5095244691993107,1.0,1.0
25,5000,3,0.45,0.35,0.24045789652244737,6202,0.5135466775911319,0.48569813135135875,1.0,1.0
25,5000,3,0.45,0.35,0.24045789652244737,6203,0.5090736068730233,0.43249540740366055,1.0,1.0
25,5000,3,0.45,0.4,0.27480902459708273,6201,0.5924906938964729,0.5695876010687666,1.0,1.0
25,5000,3,0.45,0.4,0.27480902459708273,6202,0.5880566753800951,0.5536365173785123,1.0,1.0
25,5000,3,0.45,0.4,0.27480902459708273,6203,0.5816023709517962,0.4996339945954904,1.0,1.0
25,5000,3,0.45,0.45,0.3091601526717181,6201,0.6645055341359383,0.6490938553822471,1.0,1.0
25,5000,3,0.45,0.45,0.3091601526717181,6202,0.6599975884420617,0.6160688585607937,1.0,1.0
25,5000,3,0.45,0.45,0.3091601526717181,6203,0.6526022289044823,0.5655788593188336,1.0,1.0
25,5000,3,0.45,0.5,0.3435112807463534,6201,0.7358906323548802,0.719578582801349,1.0,1.0
25,5000,3,0.45,0.5,0.3435112807463534,6202,0.7335473652453883,0.6844761062653703,1.0,1.0
25,5000,3,0.45,0.5,0.3435112807463534,6203,0.7251797050050155,0.6469967370069903,1.0,1.0
25,5000,3,0.45,0.55,0.37786240882098876,6201,0.8084108498670307,0.7861926492453946,1.0,1.0
25,5000,3,0.45,0.55,0.37786240882098876,6202,0.8050150162604464,0.7617758558822256,1.0,1.0
25,5000,3,0.45,0.55,0.37786240882098876,6203,0.7974220468087735,0.7018361011311336,1.0,1.0
25,5000,3,0.45,0.6,0.41221353689562407,6201,0.8797910931105681,0.849149582712972,1.0,1.0
25,5000,3,0.45,0.6,0.41221353689562407,6202,0.8768438535165991,0.8276517224976432,1.0,1.0
25,5000,3,0.45,0.6,0.41221353689562407,6203,0.8700611873279895,0.7975009192097311,1.0,1.0
25,5000,3,0.45,0.65,0.44656466497025943,6201,0.9501262024769748,0.9031937424275085,1.0,1.0
25,5000,3,0.45,0.65,0.44656466497025943,6202,0.9501867441756445,0.9197917768335887,1.0,1.0
25,5000,3,0.45,0.65,0.44656466497025943,6203,0.9425149777856983,0.8612450980992596,1.0,1.0
25,5000,3,0.45,0.7,0.48091579304489473,6201,1.027502430443762,1.0003807383465397,0.0,0.0
25,5000,3,0.45,0.7,0.48091579304489473,6202,1.0276299520337193,0.9980022933755286,0.0,1.0
25,5000,3,0.45,0.7,0.48091579304489473,6203,1.0282702822267547,0.990898262712905,0.0,1.0
25,5000,3,0.45,0.75,0.5152669211195301,6201,1.0910628886827793,1.0616384386057955,0.0,0.0
25,5000,3,0.45,0.75,0.5152669211195301,6202,1.0844622396045955,1.0650838317988265,0.0,0.0
25,5000,3,0.45,0.75,0.5152669211195301,6203,1.0843660762473877,1.0371575177458578,0.0,0.0
25,5000,3,0.45,0.8,0.5496180491941655,6201,1.162319699199059,1.140668776797277,0.0,0.0
25,5000,3,0.45,0.8,0.5496180491941655,6202,1.1580187598397242,1.1446234537323632,0.0,0.0
25,5000,3,0.45,0.8,0.5496180491941655,6203,1.158171551736022,1.1177442170328886,0.0,0.0
25,5000,3,0.45,0.85,0.5839691772688007,6201,1.235519539591228,1.2167966435382844,0.0,0.0
25,5000,3,0.45,0.85,0.5839691772688007,6202,1.2377019732620802,1.2345644855900502,0.0,0.0
25,5000,3,0.45,0.85,0.5839691772688007,6203,1.2397741523130499,1.2348852521532956,0.0,0.0
25,5000,3,0.45,0.9,0.6183203053434362,6201,1.303967120281183,1.290666672479255,0.0,0.0
25,5000,3,0.45,0.9,0.6183203053434362,6202,1.3076241075998178,1.3023133326252112,0.0,0.0
25,5000,3,0.45,0.9,0.6183203053434362,6203,1.3100133330340886,1.3204767633498498,0.0,0.0
25,5000,3,0.45,0.95,0.6526714334180714,6201,1.3719264161268283,1.3660894977645461,0.0,0.0
25,5000,3,0.45,0.95,0.6526714334180714,6202,1.3768185842325222,1.3858892537772873,0.0,0.0
25,5000,3,0.45,0.95,0.6526714334180714,6203,1.3805605023315146,1.4022191096575882,0.0,0.0
25,5000,3,0.475,0.0,0.0,6201,0.00821181250332446,0.008742951795956133,1.0,1.0
25,5000,3,0.475,0.0,0.0,6202,0.0005097768140896602,0.00933392774427401,1.0,1.0
25,5000,3,0.475,0.0,0.0,6203,0.002386348374245631,0.021479605189787095,1.0,1.0
25,5000,3,0.475,0.05,0.03521363372331802,6201,0.08015225125355435,0.05982846877904938,1.0,1.0
25,5000,3,0.475,0.05,0.03521363372331802,6202,0.07207000935210223,0.062417738354564,1.0,1.0
25,5000,3,0.475,0.05,0.03521363372331802,6203,0.0728377413106551,0.044368398121344854,1.0,1.0
25,5000,3,0.475,0.1,0.07042726744663604,6201,0.15219979917267612,0.1511219982731815,1.0,1.0
25,5000,3,0.475,0.1,0.07042726744663604,6202,0.14259015242900996,0.13253495737910467,1.0,1.0
25,5000,3,0.475,0.1,0.07042726744663604,6203,0.14482820808825103,0.11068179809138903,1.0,1.0
25,5000,3,0.475,0.15,0.10564090116995405,6201,0.22340941363212657,0.22048981500669407,1.0,1.0
25,5000,3,0.475,0.15,0.10564090116995405,6202,0.21539226679466292,0.20392514323087332,1.0,1.0
25,5000,3,0.475,0.15,0.10564090116995405,6203,0.21521759831425344,0.1847099510047944,1.0,1.0
25,5000,3,0.475,0.2,0.14085453489327207,6201,0.29459083157727195,0.28982201290540466,1.0,1.0
25,5000,3,0.475,0.2,0.14085453489327207,6202,0.2873299451931319,0.2645549578450517,1.0,1.0
25,5000,3,0.475,0.2,0.14085453489327207,6203,0.28515842191556323,0.2416610194154751,1.0,1.0
25,5000,3,0.475,0.25,0.17606816861659008,6201,0.3657674837542561,0.3711455917459338,1.0,1.0
25,5000,3,0.475,0.25,0.17606816861659008,6202,0.359119037778187,0.34441712286638193,1.0,1.0
25,5000,3,0.475,0.25,0.17606816861659008,6203,0.35436494326531043,0.3034640541966943,1.0,1.0
25,5000,3,0.475,0.3,0.2112818023399081,6201,0.4364520211686236,0.42468210815669516,1.0,1.0
25,5000,3,0.475,0.3,0.2112818023399081,6202,0.42999965135439355,0.40589190031308703,1.0,1.0
25,5000,3,0.475,0.3,0.2112818023399081,6203,0.42498619437106866,0.3671674202795498,1.0,1.0
25,5000,3,0.475,0.35,0.2464954360632261,6201,0.5078215691687544,0.5040476160919467,1.0,1.0
25,5000,3,0.475,0.35,0.2464954360632261,6202,0.5012885011115267,0.47632295280057135,1.0,1.0
25,5000,3,0.475,0.35,0.2464954360632261,6203,0.4967536513021327,0.42586283909718564,1.0,1.0
25,5000,3,0.475,0.4,0.28170906978654414,6201,0.5784229239742444,0.5637214018880057,1.0,1.0
25,5000,3,0.475,0.4,0.28170906978654414,6202,0.5729751176733209,0.5384241024385295,1.0,1.0
25,5000,3,0.475,0.4,0.28170906978654414,6203,0.5669982380135726,0.48426287070594637,1.0,1.0
25,5000,3,0.475,0.45,0.3169227035098622,6201,0.6492123583424965,0.6351835681601132,1.0,1.0
25,5000,3,0.475,0.45,0.3169227035098622,6202,0.6446450326443525,0.6017943598956454,1.0,1.0
25,5000,3,0.475,0.45,0.3169227035098622,6203,0.6369483594787704,0.5452883099764481,1.0,1.0
25,5000,3,0.475,0.5,0.35213633723318016,6201,0.7190879722000125,0.7077087369794814,1.0,1.0
25,5000,3,0.475,0.5,0.35213633723318016,6202,0.7151179040558571,0.6676104119019863,1.0,1.0
25,5000,3,0.475,0.5,0.35213633723318016,6203,0.7077028340779961,0.6254373262640365,1.0,1.0
25,5000,3,0.475,0.55,0.3873499709564982,6201,0.7888976995977405,0.773992487154527,1.0,1.0
25,5000,3,0.475,0.55,0.3873499709564982,6202,0.7853971528453676,0.7505668614350518,1.0,1.0
25,5000,3,0.475,0.55,0.3873499709564982,6203,0.7772742376079602,0.6843516969230639,1.0,1.0
25,5000,3,0.475,0.6,0.4225636046798162,6201,0.8583546643398017,0.8257792900927087,1.0,1.0
25,5000,3,0.475,0.6,0.4225636046798162,6202,0.8566416271289825,0.8105681621422569,1.0,1.0
25,5000,3,0.475,0.6,0.4225636046798162,6203,0.8492247294951215,0.772720787699473,1.0,1.0
25,5000,3,0.475,0.65,0.4577772384031342,6201,0.9277881399636669,0.8808215462490738,1.0,1.0
25,5000,3,0.475,0.65,0.4577772384031342,6202,0.9266764386294071,0.8894924960545163,1.0,1.0
25,5000,3,0.475,0.65,0.4577772384031342,6203,0.9195790377267703,0.8327032628303935,1.0,1.0
25,5000,3,0.475,0.7,0.4929908721264522,6201,0.9952572184625565,0.9732745817710653,1.0,1.0
25,5000,3,0.475,0.7,0.4929908721264522,6202,0.9879333740174753,0.9688189952789901,1.0,1.0
25,5000,3,0.475,0.7,0.4929908721264522,6203,0.9850653092318544,0.9307677148255116,1.0,1.0
25,5000,3,0.475,0.75,0.5282045058497702,6201,1.0708078207078855,1.059152901474218,0.0,0.0
25,5000,3,0.475,0.75,0.5282045058497702,6202,1.0721640707975544,1.0568396662541377,0.0,0.0
25,5000,3,0.475,0.75,0.5282045058497702,6203,1.072715227329429,1.0550386613064733,0.0,0.0
25,5000,3,0.475,0.8,0.5634181395730883,6201,1.1338262377414754,1.102663560740417,0.0,0.0
25,5000,3,0.475,0.8,0.5634181395730883,6202,1.1300325110940936,1.1167969609954036,0.0,0.0
25,5000,3,0.475,0.8,0.5634181395730883,6203,1.1298175316336958,1.0888521218942717,0.0,0.0
25,5000,3,0.475,0.85,0.5986317732964063,6201,1.2025111056931528,1.1874270923860766,0.0,0.0
25,5000,3,0.475,0.85,0.5986317732964063,6202,1.2008033767675568,1.1926279504076174,0.0,0.0
25,5000,3,0.475,0.85,0.5986317732964063,6203,1.2017795677880043,1.192250693872913,0.0,0.0
25,5000,3,0.475,0.9,0.6338454070197244,6201,1.270470219509805,1.263080189584858,0.0,0.0
25,5000,3,0.475,0.9,0.6338454070197244,6202,1.270200305781402,1.2844594968472407,0.0,0.0
25,5000,3,0.475,0.9,0.6338454070197244,6203,1.273695128589053,1.2884816662003522,0.0,0.0
25,5000,3,0.475,0.95,0.6690590407430422,6201,1.3376754789161738,1.3514689887931404,0.0,0.0
25,5000,3,0.475,0.95,0.6690590407430422,6202,1.3405216824588588,1.3653449916935152,0.0,0.0
25,5000,3,0.475,0.95,0.6690590407430422,6203,1.3448218208232596,1.3694012915900768,0.0,0.0
25,5000,3,0.5,0.0,0.0,6201,0.008397717081318382,0.009155654936512641,1.0,1.0
25,5000,3,0.5,0.0,0.0,6202,0.0011611421926505938,0.006236806510542281,1.0,1.0
25,5000,3,0.5,0.0,0.0,6203,0.002834958864953753,0.01469197370928851,1.0,1.0
25,5000,3,0.5,0.05,0.0360555127546399,6201,0.07760078266986488,0.06329453936290254,1.0,1.0
25,5000,3,0.5,0.05,0.0360555127546399,6202,0.0689501920660594,0.06292692728827894,1.0,1.0
25,5000,3,0.5,0.05,0.0360555127546399,6203,0.07199378510545638,0.04778751337781431,1.0,1.0
25,5000,3,0.5,0.1,0.0721110255092798,6201,0.14835973282207365,0.1387377501173723,1.0,1.0
25,5000,3,0.5,0.1,0.0721110255092798,6202,0.14072496691827735,0.12844065885551295,1.0,1.0
25,5000,3,0.5,0.1,0.0721110255092798,6203,0.14052880748820457,0.10677945721977085,1.0,1.0
25,5000,3,0.5,0.15,0.10816653826391968,6201,0.2186080788084569,0.2239094605503729,1.0,1.0
25,5000,3,0.5,0.15,0.10816653826391968,6202,0.20998454602595845,0.20042009440063707,1.0,1.0
25,5000,3,0.5,0.15,0.10816653826391968,6203,0.20915258959903044,0.17192133234475115,1.0,1.0
25,5000,3,0.5,0.2,0.1442220510185596,6201,0.28839494183576375,0.2939508913925485,1.0,1.0
25,5000,3,0.5,0.2,0.1442220510185596,6202,0.28105070825188005,0.2494316878993425,1.0,1.0
25,5000,3,0.5,0.2,0.1442220510185596,6203,0.2781084580600566,0.22061195551256305,1.0,1.0
25,5000,3,0.5,0.25,0.18027756377319948,6201,0.35776763260845057,0.3558922550108269,1.0,1.0
25,5000,3,0.5,0.25,0.18027756377319948,6202,0.3501839131822603,0.3333969776557739,1.0,1.0
25,5000,3,0.5,0.25,0.18027756377319948,6203,0.3464973260801879,0.2987322349119067,1.0,1.0
25,5000,3,0.5,0.3,0.21633307652783937,6201,0.42663252779339045,0.4084626876342101,1.0,1.0
25,5000,3,0.5,0.3,0.21633307652783937,6202,0.4206835376548386,0.3951817295552078,1.0,1.0
25,5000,3,0.5,0.3,0.21633307652783937,6203,0.41506292807310863,0.35736587133119,1.0,1.0
25,5000,3,0.5,0.35,0.25238858928247926,6201,0.49652556271901216,0.49052906431156224,1.0,1.0
25,5000,3,0.5,0.35,0.25238858928247926,6202,0.4910333546715513,0.47178714821468926,1.0,1.0
25,5000,3,0.5,0.35,0.25238858928247926,6203,0.4842512510510435,0.4190670214114219,1.0,1.0
25,5000,3,0.5,0.4,0.2884441020371192,6201,0.5657422376337182,0.5445279325192485,1.0,1.0
25,5000,3,0.5,0.4,0.2884441020371192,6202,0.5601646447940403,0.529111753318225,1.0,1.0
25,5000,3,0.5,0.4,0.2884441020371192,6203,0.5534759256658106,0.47530966810411646,1.0,1.0
25,5000,3,0.5,0.45,0.3244996147917591,6201,0.6339069839310192,0.6208618918292829,1.0,1.0
25,5000,3,0.5,0.45,0.3244996147917591,6202,0.6289065299063372,0.577585841337651,1.0,1.0
25,5000,3,0.5,0.45,0.3244996147917591,6203,0.6227205774849729,0.5352715900111462,1.0,1.0
25,5000,3,0.5,0.5,0.36055512754639896,6201,0.7024908849502591,0.682673596406205,1.0,1.0
25,5000,3,0.5,0.5,0.36055512754639896,6202,0.6986907114443848,0.6476614738156388,1.0,1.0
25,5000,3,0.5,0.5,0.36055512754639896,6203,0.6918512711099812,0.6089954082561719,1.0,1.0
25,5000,3,0.5,0.55,0.3966106403010389,6201,0.770474871366708,0.7584135079560517,1.0,1.0
25,5000,3,0.5,0.55,0.3966106403010389,6202,0.767117924260565,0.7176390289835669,1.0,1.0
25,5000,3,0.5,0.55,0.3966106403010389,6203,0.7600244302583918,0.6743326787973106,1.0,1.0
25,5000,3,0.5,0.6,0.43266615305567874,6201,0.838780944873455,0.8112654908385963,1.0,1.0
25,5000,3,0.5,0.6,0.43266615305567874,6202,0.8374787003220001,0.7897724171936188,1.0,1.0
25,5000,3,0.5,0.6,0.43266615305567874,6203,0.8291214589488101,0.7478226588656458,1.0,1.0
25,5000,3,0.5,0.65,0.46872166581031866,6201,0.9064084292771026,0.8587817119639578,1.0,1.0
25,5000,3,0.5,0.65,0.46872166581031866,6202,0.9052399245555538,0.8701951352283187,1.0,1.0
25,5000,3,0.5,0.65,0.46872166581031866,6203,0.8979729276957327,0.8206120024990229,1.0,1.0
25,5000,3,0.5,0.7,0.5047771785649585,6201,0.9793154235777782,0.9567713778542558,1.0,1.0
25,5000,3,0.5,0.7,0.5047771785649585,6202,0.9810921163367281,0.9512546137298907,1.0,1.0
25,5000,3,0.5,0.7,0.5047771785649585,6203,0.9811780863583952,0.9531880194333304,1.0,1.0
25,5000,3,0.5,0.75,0.5408326913195984,6201,1.0464473608216691,1.024393236632466,0.0,0.0
25,5000,3,0.5,0.75,0.5408326913195984,6202,1.047036412687561,1.0253486783533674,0.0,0.0
25,5000,3,0.5,0.75,0.5408326913195984,6203,1.0474191966405046,1.0307451128332685,0.0,0.0
25,5000,3,0.5,0.8,0.5768882040742384,6201,1.1080838171443113,1.081619601854308,0.0,0.0
25,5000,3,0.5,0.8,0.5768882040742384,6202,1.104162068181891,1.0902216637183002,0.0,0.0
25,5000,3,0.5,0.8,0.5768882040742384,6203,1.1040230441862282,1.0691971764215116,0.0,0.0
25,5000,3,0.5,0.85,0.6129437168288782,6201,1.1777052875726914,1.1654030288610548,0.0,0.0
25,5000,3,0.5,0.85,0.6129437168288782,6202,1.1800653849581255,1.1840144914589557,0.0,0.0
25,5000,3,0.5,0.85,0.6129437168288782,6203,1.1811836382417311,1.1781658184023622,0.0,0.0
25,5000,3,0.5,0.9,0.6489992295835182,6201,1.2413320920312447,1.239959177646043,0.0,0.0
25,5000,3,0.5,0.9,0.6489992295835182,6202,1.2417259990085507,1.2493683199945647,0.0,0.0
25,5000,3,0.5,0.9,0.6489992295835182,6203,1.243752207301299,1.2478918373885914,0.0,0.0
25,5000,3,0.5,0.95,0.685054742338158,6201,1.3073953078652096,1.3243903253091707,0.0,0.0
25,5000,3,0.5,0.95,0.685054742338158,6202,1.3093895580062267,1.3336666630136895,0.0,0.0
25,5000,3,0.5,0.95,0.685054742338158,6203,1.313846352548599,1.3318441346221475,0.0,0.0
25,5000,3,0.525,0.0,0.0,6201,0.008058522345826782,0.01071827013182429,1.0,1.0
25,5000,3,0.525,0.0,0.0,6202,0.0008935389251737876,0.005750088016181286,1.0,1.0
25,5000,3,0.525,0.0,0.0,6203,0.0023548455845752367,0.02081880152751652,1.0,1.0
25,5000,3,0.525,0.05,0.03687817782917155,6201,0.07611155893912484,0.06179818289658999,1.0,1.0
25,5000,3,0.525,0.05,0.03687817782917155,6202,0.06877858319045449,0.05856936777014217,1.0,1.0
25,5000,3,0.525,0.05,0.03687817782917155,6203,0.069160663629338,0.04261703257811971,1.0,1.0
25,5000,3,0.525,0.1,0.0737563556583431,6201,0.14466977785968732,0.1328632947997946,1.0,1.0
25,5000,3,0.525,0.1,0.0737563556583431,6202,0.1364086303144514,0.12381279788843659,1.0,1.0
25,5000,3,0.525,0.1,0.0737563556583431,6203,0.13769929668625366,0.1042138319040013,1.0,1.0
25,5000,3,0.525,0.15,0.11063453348751465,6201,0.21389121388818516,0.2166040062364877,1.0,1.0
25,5000,3,0.525,0.15,0.11063453348751465,6202,0.2050609068096999,0.19318470091485568,1.0,1.0
25,5000,3,0.525,0.15,0.11063453348751465,6203,0.20507111120028798,0.17085211939465614,1.0,1.0
25,5000,3,0.525,0.2,0.1475127113166862,6201,0.28216401675423924,0.27884579447973346,1.0,1.0
25,5000,3,0.525,0.2,0.1475127113166862,6202,0.2743136200624385,0.2487399155304019,1.0,1.0
25,5000,3,0.525,0.2,0.1475127113166862,6203,0.2724119529829113,0.22571828749760015,1.0,1.0
25,5000,3,0.525,0.25,0.18439088914585774,6201,0.34967251188535653,0.35251920683272253,1.0,1.0
25,5000,3,0.525,0.25,0.18439088914585774,6202,0.3421866271375935,0.3244827965654316,1.0,1.0
25,5000,3,0.525,0.25,0.18439088914585774,6203,0.339129931196663,0.290730496674115,1.0,1.0
25,5000,3,0.525,0.3,0.2212690669750293,6201,0.4173556688207608,0.4058577477844343,1.0,1.0
25,5000,3,0.525,0.3,0.2212690669750293,6202,0.410453266704798,0.3843588482952579,1.0,1.0
25,5000,3,0.525,0.3,0.2212690669750293,6203,0.4070202029557032,0.353517779253613,1.0,1.0
25,5000,3,0.525,0.35,0.2581472448042008,6201,0.4852868256392044,0.47750668154059267,1.0,1.0
25,5000,3,0.525,0.35,0.2581472448042008,6202,0.47885044172366775,0.4542933076360631,1.0,1.0
25,5000,3,0.525,0.35,0.2581472448042008,6203,0.47439331771576887,0.4030090624407505,1.0,1.0
25,5000,3,0.525,0.4,0.2950254226333724,6201,0.5530932216729914,0.5348131473167279,1.0,1.0
25,5000,3,0.525,0.4,0.2950254226333724,6202,0.5477658357975912,0.5181383717642745,1.0,1.0
25,5000,3,0.525,0.4,0.2950254226333724,6203,0.5410898960071142,0.4581851799495904,1.0,1.0
25,5000,3,0.525,0.45,0.33190360046254397,6201,0.6197964104553416,0.6057156827258857,1.0,1.0
25,5000,3,0.525,0.45,0.33190360046254397,6202,0.6147451579190917,0.5719757219611403,1.0,1.0
25,5000,3,0.525,0.45,0.33190360046254397,6203,0.6084911800890695,0.5281874532463755,1.0,1.0
25,5000,3,0.525,0.5,0.3687817782917155,6201,0.68636542889004,0.6691922624179449,1.0,1.0
25,5000,3,0.525,0.5,0.3687817782917155,6202,0.6843938666567261,0.623995235184901,1.0,1.0
25,5000,3,0.525,0.5,0.3687817782917155,6203,0.6764322247181147,0.5990213275533454,1.0,1.0
25,5000,3,0.525,0.55,0.40565995612088707,6201,0.7537401373392236,0.738499955565424,1.0,1.0
25,5000,3,0.525,0.55,0.40565995612088707,6202,0.7503139885953259,0.6919057825215253,1.0,1.0
25,5000,3,0.525,0.55,0.40565995612088707,6203,0.7426682258210898,0.654950515340832,1.0,1.0
25,5000,3,0.525,0.6,0.4425381339500586,6201,0.8205908630273617,0.7899914023535928,1.0,1.0
25,5000,3,0.525,0.6,0.4425381339500586,6202,0.8183300091394361,0.7693957278671002,1.0,1.0
25,5000,3,0.525,0.6,0.4425381339500586,6203,0.8113185794617326,0.7322418838053948,1.0,1.0
25,5000,3,0.525,0.65,0.47941631177923016,6201,0.886312163740661,0.8475921551109626,1.0,1.0
25,5000,3,0.525,0.65,0.47941631177923016,6202,0.8854615160886798,0.8442953887737878,1.0,1.0
25,5000,3,0.525,0.65,0.47941631177923016,6203,0.8779877855249245,0.7994702811913101,1.0,1.0
25,5000,3,0.525,0.7,0.5162944896084016,6201,0.9523377549832168,0.926413356368963,1.0,1.0
25,5000,3,0.525,0.7,0.5162944896084016,6202,0.9516387186363235,0.9105579603673646,1.0,1.0
25,5000,3,0.525,0.7,0.5162944896084016,6203,0.9465792535939337,0.8794886960662118,1.0,1.0
25,5000,3,0.525,0.75,0.5531726674375732,6201,1.0231438161203532,1.0022548367587012,0.0,0.0
25,5000,3,0.525,0.75,0.5531726674375732,6202,1.0243061788275298,1.0072276169324794,0.0,0.0
25,5000,3,0.525,0.75,0.5531726674375732,6203,1.0242245483866044,1.0064320978507815,0.0,0.0
25,5000,3,0.525,0.8,0.5900508452667448,6201,1.084226331244961,1.0641107589607905,0.0,0.0
25,5000,3,0.525,0.8,0.5900508452667448,6202,1.079017637041501,1.0649732482960768,0.0,0.0
25,5000,3,0.525,0.8,0.5900508452667448,6203,1.0791300353604103,1.0489916473658494,0.0,0.0
25,5000,3,0.525,0.85,0.6269290230959164,6201,1.152398004358067,1.1424222398575734,0.0,0.0
25,5000,3,0.525,0.85,0.6269290230959164,6202,1.1545875092090634,1.151817700228834,0.0,0.0
25,5000,3,0.525,0.85,0.6269290230959164,6203,1.1550537356881085,1.1527894300023664,0.0,0.0
25,5000,3,0.525,0.9,0.6638072009250879,6201,1.2143520307953093,1.218952511928122,0.0,0.0
25,5000,3,0.525,0.9,0.6638072009250879,6202,1.214540183942209,1.2273604888273835,0.0,0.0
25,5000,3,0.525,0.9,0.6638072009250879,6203,1.2164370139548601,1.2248455042526474,0.0,0.0
25,5000,3,0.525,0.95,0.7006853787542594,6201,1.2798629716925571,1.294072875624178,0.0,0.0
25,5000,3,0.525,0.95,0.7006853787542594,6202,1.2838945549378726,1.3002170528598032,0.0,0.0
25,5000,3,0.525,0.95,0.7006853787542594,6203,1.286446207484894,1.3149472172660226,0.0,0.0
25,5000,3,0.55,0.0,0.0,6201,0.007534838266918368,0.006454382936009542,1.0,1.0
25,5000,3,0.55,0.0,0.0,6202,0.0007837536264000619,0.0017008029163216552,1.0,1.0
25,5000,3,0.55,0.0,0.0,6203,0.0026381806463936994,0.019193856639800954,1.0,1.0
25,5000,3,0.55,0.05,0.037682887362833546,6201,0.07458232097477574,0.05779425241098169,1.0,1.0
25,5000,3,0.55,0.05,0.037682887362833546,6202,0.06619652250199362,0.05385377520767258,1.0,1.0
25,5000,3,0.55,0.05,0.037682887362833546,6203,0.06907008127795901,0.041676687527184564,1.0,1.0
25,5000,3,0.55,0.1,0.07536577472566709,6201,0.14110106903152173,0.1323688715456729,1.0,1.0
25,5000,3,0.55,0.1,0.07536577472566709,6202,0.13340054441912413,0.12424412253365287,1.0,1.0
25,5000,3,0.55,0.1,0.07536577472566709,6203,0.13407625520844008,0.10660689732378155,1.0,1.0
25,5000,3,0.55,0.15,0.11304866208850063,6201,0.20906691952044062,0.20792168810997358,1.0,1.0
25,5000,3,0.55,0.15,0.11304866208850063,6202,0.2015988215490119,0.18829419661518196,1.0,1.0
25,5000,3,0.55,0.15,0.11304866208850063,6203,0.1999155969534865,0.16234986370722615,1.0,1.0
25,5000,3,0.55,0.2,0.15073154945133418,6201,0.275950742874862,0.2784590694623006,1.0,1.0
25,5000,3,0.55,0.2,0.15073154945133418,6202,0.26869137159295736,0.2444249021841931,1.0,1.0
25,5000,3,0.55,0.2,0.15073154945133418,6203,0.2665795943547109,0.21612403491044874,1.0,1.0
25,5000,3,0.55,0.25,0.18841443681416772,6201,0.34245015476277174,0.3376088838273905,1.0,1.0
25,5000,3,0.55,0.25,0.18841443681416772,6202,0.33512091789088094,0.31571239880807445,1.0,1.0
25,5000,3,0.55,0.25,0.18841443681416772,6203,0.33164093863670296,0.28128678429783605,1.0,1.0
25,5000,3,0.55,0.3,0.22609732417700126,6201,0.4090681221395371,0.39537490837124867,1.0,1.0
25,5000,3,0.55,0.3,0.22609732417700126,6202,0.4024025393714994,0.37792068467383755,1.0,1.0
25,5000,3,0.55,0.3,0.22609732417700126,6203,0.39849870570700163,0.3376283820902022,1.0,1.0
25,5000,3,0.55,0.35,0.2637802115398348,6201,0.4755350744185231,0.4625481509789905,1.0,1.0
25,5000,3,0.55,0.35,0.2637802115398348,6202,0.46918356975174824,0.4417965656787176,1.0,1.0
25,5000,3,0.55,0.35,0.2637802115398348,6203,0.4642399385288446,0.3959091878070264,1.0,1.0
25,5000,3,0.55,0.4,0.30146309890266837,6201,0.5411216141230173,0.5284977759917556,1.0,1.0
25,5000,3,0.55,0.4,0.30146309890266837,6202,0.5351793581530905,0.4966024251497451,1.0,1.0
25,5000,3,0.55,0.4,0.30146309890266837,6203,0.529912377246193,0.4482846354331156,1.0,1.0
25,5000,3,0.55,0.45,0.3391459862655019,6201,0.6073183696681743,0.5939696357402007,1.0,1.0
25,5000,3,0.55,0.45,0.3391459862655019,6202,0.6025678388512623,0.5545048310876924,1.0,1.0
25,5000,3,0.55,0.45,0.3391459862655019,6203,0.5953596805081793,0.5100071802033622,1.0,1.0
25,5000,3,0.55,0.5,0.37682887362833545,6201,0.6726333037737966,0.663612897303364,1.0,1.0
25,5000,3,0.55,0.5,0.37682887362833545,6202,0.6688119946222228,0.6216535843880813,1.0,1.0
25,5000,3,0.55,0.5,0.37682887362833545,6203,0.6611452640362432,0.584162519229692,1.0,1.0
25,5000,3,0.55,0.55,0.41451176099116904,6201,0.7382769647034573,0.7213832960793556,1.0,1.0
25,5000,3,0.55,0.55,0.41451176099116904,6202,0.7356262616576595,0.6826954071752477,1.0,1.0
25,5000,3,0.55,0.55,0.41451176099116904,6203,0.7277262626743137,0.6365864658609866,1.0,1.0
25,5000,3,0.55,0.6,0.4521946483540025,6201,0.8031828542602679,0.7833335399509318,1.0,1.0
25,5000,3,0.55,0.6,0.4521946483540025,6202,0.8008395482228223,0.7494227981885316,1.0,1.0
25,5000,3,0.55,0.6,0.4521946483540025,6203,0.7936696616005567,0.7090271920156178,1.0,1.0
25,5000,3,0.55,0.65,0.4898775357168361,6201,0.8679116829114429,0.8263492906785763,1.0,1.0
25,5000,3,0.55,0.65,0.4898775357168361,6202,0.8668099150751125,0.8285139697717117,1.0,1.0
25,5000,3,0.55,0.65,0.4898775357168361,6203,0.8594343605184784,0.7773866849704455,1.0,1.0
25,5000,3,0.55,0.7,0.5275604230796695,6201,0.9325365432452097,0.8976577700633199,1.0,1.0
25,5000,3,0.55,0.7,0.5275604230796695,6202,0.9316839343963665,0.8940157154033845,1.0,1.0
25,5000,3,0.55,0.7,0.5275604230796695,6203,0.9254515138023528,0.8587655812802968,1.0,1.0
25,5000,3,0.55,0.75,0.5652433104425032,6201,1.0019696468987327,0.9866923651326333,0.0,1.0
25,5000,3,0.55,0.75,0.5652433104425032,6202,1.0016027339070896,0.9814451978705125,0.0,1.0
25,5000,3,0.55,0.75,0.5652433104425032,6203,1.0022831063058915,0.9804735517549306,0.0,1.0
25,5000,3,0.55,0.8,0.6029261978053367,6201,1.0615361195388824,1.0389551809262452,0.0,0.0
25,5000,3,0.55,0.8,0.6029261978053367,6202,1.0569175425527946,1.0480638784665781,0.0,0.0
25,5000,3,0.55,0.8,0.6029261978053367,6203,1.0557425124146222,1.0232952750918687,0.0,0.0
25,5000,3,0.55,0.85,0.6406090851681703,6201,1.1282079560359874,1.1136700206200865,0.0,0.0
25,5000,3,0.55,0.85,0.6406090851681703,6202,1.12961868267109,1.128825758876419,0.0,0.0
25,5000,3,0.55,0.85,0.6406090851681703,6203,1.1304591963335984,1.1283414267451457,0.0,0.0
25,5000,3,0.55,0.9,0.6782919725310038,6201,1.1909290606913858,1.194499093098172,0.0,0.0
25,5000,3,0.55,0.9,0.6782919725310038,6202,1.1933907087883455,1.2036981159395617,0.0,0.0
25,5000,3,0.55,0.9,0.6782919725310038,6203,1.195019905991967,1.2098921794191382,0.0,0.0
25,5000,3,0.55,0.95,0.7159748598938374,6201,1.2531434215789843,1.2660203900226437,0.0,0.0
25,5000,3,0.55,0.95,0.7159748598938374,6202,1.2562479667429263,1.2749869794692004,0.0,0.0
25,5000,3,0.55,0.95,0.7159748598938374,6203,1.2589429488386816,1.2892735486948415,0.0,0.0
25,5000,3,0.575,0.0,0.0,6201,0.0074963332210912365,0.002486907947979594,1.0,1.0
25,5000,3,0.575,0.0,0.0,6202,0.0013194044108547909,0.009123697119877691,1.0,1.0
25,5000,3,0.575,0.0,0.0,6203,0.002716822793517773,0.01811538225874479,1.0,1.0
25,5000,3,0.575,0.05,0.03847076812334269,6201,0.07359658105743284,0.058771355780399256,1.0,1.0
25,5000,3,0.575,0.05,0.03847076812334269,6202,0.06553139482055453,0.05906858834089373,1.0,1.0
25,5000,3,0.575,0.05,0.03847076812334269,6203,0.06723527399907268,0.04014982307243706,1.0,1.0
25,5000,3,0.575,0.1,0.07694153624668539,6201,0.13876045423243397,0.12913998096018175,1.0,1.0
25,5000,3,0.575,0.1,0.07694153624668539,6202,0.13157844192731522,0.11266407363251506,1.0,1.0
25,5000,3,0.575,0.1,0.07694153624668539,6203,0.1313386990736347,0.10383811755903741,1.0,1.0
25,5000,3,0.575,0.15,0.11541230437002807,6201,0.20508415841216932,0.20446069079222903,1.0,1.0
25,5000,3,0.575,0.15,0.11541230437002807,6202,0.19590957395539543,0.18135201230572584,1.0,1.0
25,5000,3,0.575,0.15,0.11541230437002807,6203,0.1960780126925889,0.1593450451453462,1.0,1.0
25,5000,3,0.575,0.2,0.15388307249337077,6201,0.27032071788241296,0.26960070755026877,1.0,1.0
25,5000,3,0.575,0.2,0.15388307249337077,6202,0.2632626364351281,0.23697709535401185,1.0,1.0
25,5000,3,0.575,0.2,0.15388307249337077,6203,0.26143985378688617,0.20820071968889484,1.0,1.0
25,5000,3,0.575,0.25,0.19235384061671346,6201,0.3356894872898462,0.3299846717834095,1.0,1.0
25,5000,3,0.575,0.25,0.19235384061671346,6202,0.3285503655445185,0.311611521773663,1.0,1.0
25,5000,3,0.575,0.25,0.19235384061671346,6203,0.32511630558875304,0.27235057532281953,1.0,1.0
25,5000,3,0.575,0.3,0.23082460874005614,6201,0.40071076465595545,0.38646288869130774,1.0,1.0
25,5000,3,0.575,0.3,0.23082460874005614,6202,0.3942587241407599,0.37524375060823867,1.0,1.0
25,5000,3,0.575,0.3,0.23082460874005614,6203,0.3903652972474386,0.3276545686977381,1.0,1.0
25,5000,3,0.575,0.35,0.2692953768633988,6201,0.46517409607713295,0.4529622915048241,1.0,1.0
25,5000,3,0.575,0.35,0.2692953768633988,6202,0.4598302509610117,0.43430345559210004,1.0,1.0
25,5000,3,0.575,0.35,0.2692953768633988,6203,0.4547026256563488,0.38088069865847896,1.0,1.0
25,5000,3,0.575,0.4,0.30776614498674154,6201,0.5305465233732972,0.5104244342942859,1.0,1.0
25,5000,3,0.575,0.4,0.30776614498674154,6202,0.5253387110314719,0.49190336906194987,1.0,1.0
25,5000,3,0.575,0.4,0.30776614498674154,6203,0.5186765650885824,0.4361745003034636,1.0,1.0
25,5000,3,0.575,0.45,0.34623691311008425,6201,0.5948922874333713,0.5795957632923407,1.0,1.0
25,5000,3,0.575,0.45,0.34623691311008425,6202,0.5903733426027665,0.5429092023201735,1.0,1.0
25,5000,3,0.575,0.45,0.34623691311008425,6203,0.5842447422696819,0.49079591777979537,1.0,1.0
25,5000,3,0.575,0.5,0.3847076812334269,6201,0.6594837557594235,0.644262673409023,1.0,1.0
25,5000,3,0.575,0.5,0.3847076812334269,6202,0.6552714741264578,0.6065630433313758,1.0,1.0
25,5000,3,0.575,0.5,0.3847076812334269,6203,0.6483723389749898,0.5642991978583589,1.0,1.0
25,5000,3,0.575,0.55,0.4231784493567696,6201,0.7237205908529425,0.7080772267174347,1.0,1.0
25,5000,3,0.575,0.55,0.4231784493567696,6202,0.7199130033162822,0.669298368614829,1.0,1.0
25,5000,3,0.575,0.55,0.4231784493567696,6203,0.7134582881114552,0.6205640664905612,1.0,1.0
25,5000,3,0.575,0.6,0.4616492174801123,6201,0.7868368543482798,0.7569249175315589,1.0,1.0
25,5000,3,0.575,0.6,0.4616492174801123,6202,0.7846474854254137,0.7257874589621286,1.0,1.0
25,5000,3,0.575,0.6,0.4616492174801123,6203,0.7776629178882211,0.6951884946659257,1.0,1.0
25,5000,3,0.575,0.65,0.500119985603455,6201,0.8502064761295882,0.8095028579371524,1.0,1.0
25,5000,3,0.575,0.65,0.500119985603455,6202,0.848940145248521,0.8098076580550675,1.0,1.0
25,5000,3,0.575,0.65,0.500119985603455,6203,0.8426351555888837,0.7623081744649012,1.0,1.0
25,5000,3,0.575,0.7,0.5385907537267977,6201,0.9139183981473333,0.8847145673767589,1.0,1.0
25,5000,3,0.575,0.7,0.5385907537267977,6202,0.9133199110378527,0.873391150482114,1.0,1.0
25,5000,3,0.575,0.7,0.5385907537267977,6203,0.9069273574781458,0.838698079167833,1.0,1.0
25,5000,3,0.575,0.75,0.5770615218501404,6201,0.982076848679636,0.9682075061653292,1.0,1.0
25,5000,3,0.575,0.75,0.5770615218501404,6202,0.9819710827901462,0.9511725783674975,1.0,1.0
25,5000,3,0.575,0.75,0.5770615218501404,6203,0.9821263672724355,0.9642804648203964,1.0,1.0
25,5000,3,0.575,0.8,0.6155322899734831,6201,1.0401092433905608,1.0168247046253982,0.0,0.0
25,5000,3,0.575,0.8,0.6155322899734831,6202,1.0359801762302394,1.0307283245870864,0.0,0.0
25,5000,3,0.575,0.8,0.6155322899734831,6203,1.0349091952841891,1.0052013758176852,0.0,0.0
25,5000,3,0.575,0.85,0.6540030580968257,6201,1.1028695090045848,1.0846097884677208,0.0,0.0
25,5000,3,0.575,0.85,0.6540030580968257,6202,1.0996020422189496,1.0906256492394506,0.0,0.0
25,5000,3,0.575,0.85,0.6540030580968257,6203,1.100597633907424,1.095489236260698,0.0,0.0
25,5000,3,0.575,0.9,0.6924738262201685,6201,1.165315493156316,1.1700044957592612,0.0,0.0
25,5000,3,0.575,0.9,0.6924738262201685,6202,1.1646015417955318,1.182141219432752,0.0,0.0
25,5000,3,0.575,0.9,0.6924738262201685,6203,1.166500046254447,1.1793303282503875,0.0,0.0
25,5000,3,0.575,0.95,0.7309445943435111,6201,1.228100356628456,1.241494298074198,0.0,0.0
25,5000,3,0.575,0.95,0.7309445943435111,6202,1.231074765144745,1.2508763387835709,0.0,0.0
25,5000,3,0.575,0.95,0.7309445943435111,6203,1.2338254397317865,1.2715927918904397,0.0,0.0
25,5000,3,0.6,0.0,0.0,6201,0.006893900943499967,0.0037296734683192195,1.0,1.0
25,5000,3,0.6,0.0,0.0,6202,0.0002760249294009344,0.002501053416629902,1.0,1.0
25,5000,3,0.6,0.0,0.0,6203,0.0022771661580487795,0.019769548959923788,1.0,1.0
25,5000,3,0.6,0.05,0.039242833740697175,6201,0.07202685476406481,0.06424674282541679,1.0,1.0
25,5000,3,0.6,0.05,0.039242833740697175,6202,0.06393260927534346,0.054910948541910864,1.0,1.0
25,5000,3,0.6,0.05,0.039242833740697175,6203,0.06575316844247987,0.03878832435276079,1.0,1.0
25,5000,3,0.6,0.1,0.07848566748139435,6201,0.13674520346611,0.12483428650203188,1.0,1.0
25,5000,3,0.6,0.1,0.07848566748139435,6202,0.12897640299546412,0.11547699644962024,1.0,1.0
25,5000,3,0.6,0.1,0.07848566748139435,6203,0.12862961382016225,0.09635844549534209,1.0,1.0
25,5000,3,0.6,0.15,0.1177285012220915,6201,0.2004313791917003,0.20193700149805155,1.0,1.0
25,5000,3,0.6,0.15,0.1177285012220915,6202,0.19317701305715762,0.17751925840789703,1.0,1.0
25,5000,3,0.6,0.15,0.1177285012220915,6203,0.19245867656203006,0.1546459237175623,1.0,1.0
25,5000,3,0.6,0.2,0.1569713349627887,6201,0.2651160229364231,0.26250273197974183,1.0,1.0
25,5000,3,0.6,0.2,0.1569713349627887,6202,0.25801679395156907,0.22832289919476056,1.0,1.0
25,5000,3,0.6,0.2,0.1569713349627887,6203,0.2551980901955099,0.19955089266189466,1.0,1.0
25,5000,3,0.6,0.25,0.19621416870348585,6201,0.32928748678050396,0.320911492135728,1.0,1.0
25,5000,3,0.6,0.25,0.19621416870348585,6202,0.32223721937625427,0.2982328432020909,1.0,1.0
25,5000,3,0.6,0.25,0.19621416870348585,6203,0.3193510388251678,0.2651955843493433,1.0,1.0
25,5000,3,0.6,0.3,0.235457002444183,6201,0.393402487265489,0.372546253382613,1.0,1.0
25,5000,3,0.6,0.3,0.235457002444183,6202,0.38609808919801303,0.36202689901929974,1.0,1.0
25,5000,3,0.6,0.3,0.235457002444183,6203,0.3822363167272961,0.3186630906703966,1.0,1.0
25,5000,3,0.6,0.35,0.27469983618488014,6201,0.45637037741068054,0.44869177571332175,1.0,1.0
25,5000,3,0.6,0.35,0.27469983618488014,6202,0.45034627773805014,0.41805874726601344,1.0,1.0
25,5000,3,0.6,0.35,0.27469983618488014,6203,0.4456825035840962,0.37430082324819713,1.0,1.0
25,5000,3,0.6,0.4,0.3139426699255774,6201,0.5204023362911578,0.5089798418514833,1.0,1.0
25,5000,3,0.6,0.4,0.3139426699255774,6202,0.514256193494235,0.47580231998500244,1.0,1.0
25,5000,3,0.6,0.4,0.3139426699255774,6203,0.5093385189379139,0.4274162293780836,1.0,1.0
25,5000,3,0.6,0.45,0.35318550366627455,6201,0.5833614664429319,0.5680698695778019,1.0,1.0
25,5000,3,0.6,0.45,0.35318550366627455,6202,0.5788588731090258,0.5296608270847595,1.0,1.0
25,5000,3,0.6,0.45,0.35318550366627455,6203,0.5722825265114179,0.4851302645418285,1.0,1.0
25,5000,3,0.6,0.5,0.3924283374069717,6201,0.6464523723639997,0.6254443782889432,1.0,1.0
25,5000,3,0.6,0.5,0.3924283374069717,6202,0.6417869897562472,0.5890206328688522,1.0,1.0
25,5000,3,0.6,0.5,0.3924283374069717,6203,0.6360742021485362,0.5572653029103691,1.0,1.0
25,5000,3,0.6,0.55,0.4316711711476689,6201,0.7097468827898906,0.6929865085681679,1.0,1.0
25,5000,3,0.6,0.55,0.4316711711476689,6202,0.7064877085779042,0.6528922203328549,1.0,1.0
25,5000,3,0.6,0.55,0.4316711711476689,6203,0.6991106513864156,0.6078808822534635,1.0,1.0
25,5000,3,0.6,0.6,0.470914004888366,6201,0.7719207439402066,0.745191725400977,1.0,1.0
25,5000,3,0.6,0.6,0.470914004888366,6202,0.769718333639664,0.7149727772242243,1.0,1.0
25,5000,3,0.6,0.6,0.470914004888366,6203,0.7617337572031673,0.6788905591927533,1.0,1.0
25,5000,3,0.6,0.65,0.5101568386290632,6201,0.8341818282716922,0.7920174680994485,1.0,1.0
25,5000,3,0.6,0.65,0.5101568386290632,6202,0.8327302755129145,0.7942443787506315,1.0,1.0
25,5000,3,0.6,0.65,0.5101568386290632,6203,0.8256872694690489,0.7436398796147861,1.0,1.0
25,5000,3,0.6,0.7,0.5493996723697603,6201,0.8964403563883561,0.8632873469201259,1.0,1.0
25,5000,3,0.6,0.7,0.5493996723697603,6202,0.8962287073928872,0.8562754657229545,1.0,1.0
25,5000,3,0.6,0.7,0.5493996723697603,6203,0.8901032716649824,0.8224879987547049,1.0,1.0
25,5000,3,0.6,0.75,0.5886425061104575,6201,0.9584082612899313,0.9335751056845614,1.0,1.0
25,5000,3,0.6,0.75,0.5886425061104575,6202,0.9584879631652063,0.9271414911489355,1.0,1.0
25,5000,3,0.6,0.75,0.5886425061104575,6203,0.9523201635187465,0.9035731081551495,1.0,1.0
25,5000,3,0.6,0.8,0.6278853398511548,6201,1.0205701184257596,0.9907344864483111,0.0,1.0
25,5000,3,0.6,0.8,0.6278853398511548,6202,1.015601227456091,1.010401565072494,0.0,0.0
25,5000,3,0.6,0.8,0.6278853398511548,6203,1.0143393166637904,0.98028881289218,0.0,1.0
25,5000,3,0.6,0.85,0.6671281735918518,6201,1.0843087513219456,1.0748762575783994,0.0,0.0
25,5000,3,0.6,0.85,0.6671281735918518,6202,1.0853945667112075,1.0814767700452874,0.0,0.0
25,5000,3,0.6,0.85,0.6671281735918518,6203,1.0862051118189076,1.0829721810110722,0.0,0.0
25,5000,3,0.6,0.9,0.7063710073325491,6201,1.142952040049048,1.1562961972804746,0.0,0.0
25,5000,3,0.6,0.9,0.7063710073325491,6202,1.142723861341151,1.1557934221912696,0.0,0.0
25,5000,3,0.6,0.9,0.7063710073325491,6203,1.1439223112829475,1.1586139407489637,0.0,0.0
25,5000,3,0.6,0.95,0.7456138410732461,6201,1.2045232755397715,1.2198970196018135,0.0,0.0
25,5000,3,0.6,0.95,0.7456138410732461,6202,1.207296563594991,1.2292151875534802,0.0,0.0
25,5000,3,0.6,0.95,0.7456138410732461,6203,1.2091024385210765,1.2436551136460285,0.0,0.0
