label,view,support_source,inactive_index,inactive_feature,support_size,cross_scale_support_size,rho_active,rho_cross,rho_cross_abs,rho_cross_row_max_abs,cross_scale,theta,theta_abs,theta_signed,theta_signed_abs,theta_row_l1,theta_row_entry_max,theta_row_score,is_ic_violation,theta_rank
HAI a2,raw_rectified_support,raw data with rectified support,258,P1_PCV02D_09,25,25,0.010479499775820657,0.12675668199828027,0.12675668199828027,0.7377799849617249,0.5665314875303749,1.3641912639656197,1.3641912639656197,1.2456500969007616,1.2456500969007616,2.9715328117708326,1.3641912639656197,1.3641912639656197,True,1
HAI a2,raw_rectified_support,raw data with rectified support,259,P1_PCV02D_10,25,25,0.010479499775820657,0.12365283442543168,0.12365283442543168,0.718950550296605,0.5526590245186236,1.3393169213955254,1.3393169213955254,1.223079792807983,1.223079792807983,3.0287867111835447,1.3393169213955254,1.3393169213955254,True,2
HAI a2,raw_rectified_support,raw data with rectified support,257,P1_PCV02D_08,25,25,0.010479499775820657,0.12976351036635297,0.12976351036635297,0.7540893747635521,0.5799703289488957,1.23730472367905,1.23730472367905,1.2666382864040253,1.2666382864040253,2.543445922780118,1.23730472367905,1.23730472367905,True,3
HAI a2,raw_rectified_support,raw data with rectified support,268,P1_PCV02Z_09,25,25,0.010479499775820657,0.1607037202458389,0.1607037202458389,0.9907061124820721,0.7182557656706061,1.1287399144677581,1.1287399144677581,0.990320484858592,0.990320484858592,1.4341228427059285,1.1287399144677581,1.1287399144677581,True,4
HAI a2,raw_rectified_support,raw data with rectified support,269,P1_PCV02Z_10,25,25,0.010479499775820657,0.1583981220361253,0.1583981220361253,0.9790193547729186,0.7079510309394292,1.0724775722334325,1.0724775722334325,0.9763910583539346,0.9763910583539346,1.2776207032044582,1.0724775722334325,1.0724775722334325,True,5
HAI a2,raw_rectified_support,raw data with rectified support,256,P1_PCV02D_07,25,25,0.010479499775820657,0.13255420921865776,0.13255420921865776,0.7668395477313571,0.5924431922892834,1.0694646598981354,1.0694646598981354,1.284886583060096,1.284886583060096,2.467722399924515,1.0694646598981354,1.0694646598981354,True,6
HAI a2,raw_rectified_support,raw data with rectified support,261,P1_PCV02Z_02,25,25,0.010479499775820657,0.15784844888474944,0.15784844888474944,0.99071631311893,0.7054942993242179,1.0406525445288501,1.0406525445288501,0.9890406420413083,0.9890406420413083,1.2612908239594842,1.0406525445288501,1.0406525445288501,True,7
HAI a2,raw_rectified_support,raw data with rectified support,260,P1_PCV02Z_01,25,25,0.010479499775820657,0.1564504707205025,0.1564504707205025,0.9790284454616637,0.699246118664704,1.0360789735540952,1.0360789735540952,0.9766749121256136,0.9766749121256136,1.5715649597050159,1.0360789735540952,1.0360789735540952,True,8
HAI a2,raw_rectified_support,raw data with rectified support,36,P1_B3005_07,25,25,0.010479499775820657,0.039108527121289996,0.039108527121289996,0.9999941779053647,0.17479324715557817,1.0000076997603733,1.0000076997603733,0.9990199003594964,0.9990199003594964,1.0040512215699036,1.0000076997603733,1.0000076997603733,True,9
HAI a2,raw_rectified_support,raw data with rectified support,8,P1_B2004_09,25,25,0.010479499775820657,0.019856855968094694,0.019856855968094694,0.9999994671318141,0.08874904243260101,1.0000054793917492,1.0000054793917492,1.0002964850737308,1.0002964850737308,1.001145974519569,1.0000054793917492,1.0000054793917492,True,10
HAI a2,raw_rectified_support,raw data with rectified support,7,P1_B2004_08,25,25,0.010479499775820657,0.01985677870076538,0.01985677870076538,0.9999995864819496,0.08874869709084605,1.0000048317782815,1.0000048317782815,1.0002624509767786,1.0002624509767786,1.0010281627193647,1.0000048317782815,1.0000048317782815,True,11
HAI a2,raw_rectified_support,raw data with rectified support,6,P1_B2004_07,25,25,0.010479499775820657,0.019856701094662553,0.019856701094662553,0.9999996887825242,0.08874835023496294,1.0000041671130049,1.0000041671130049,1.0002283997297379,1.0002283997297379,1.0009104402529012,1.0000041671130049,1.0000041671130049,True,12
HAI a2,raw_rectified_support,raw data with rectified support,37,P1_B3005_08,25,25,0.010479499775820657,0.0390988195471973,0.0390988195471973,0.9999767141829023,0.17474985972775706,1.0000037563004338,1.0000037563004338,0.9980282741712786,0.9980282741712786,1.008090320702105,1.0000037563004338,1.0000037563004338,True,13
HAI a2,raw_rectified_support,raw data with rectified support,5,P1_B2004_06,25,25,0.010479499775820657,0.019856451272049026,0.019856451272049026,0.9999998294646267,0.08874723366757864,1.0000031053463965,1.0000031053463965,1.0001691370004944,1.0001691370004944,1.0006813243214578,1.0000031053463965,1.0000031053463965,True,14
HAI a2,raw_rectified_support,raw data with rectified support,4,P1_B2004_05,25,25,0.010479499775820657,0.019856279224730766,0.019856279224730766,0.999999876366862,0.08874646471227307,1.0000027167673862,1.0000027167673862,1.000143934103625,1.000143934103625,1.0005698826265979,1.0000027167673862,1.0000027167673862,True,15
HAI a2,raw_rectified_support,raw data with rectified support,3,P1_B2004_04,25,25,0.010479499775820657,0.01985620060196059,0.01985620060196059,0.9999999275178264,0.08874611331245541,1.0000020009459087,1.0000020009459087,1.000109831396204,1.000109831396204,1.00045216481002,1.0000020009459087,1.0000020009459087,True,16
HAI a2,raw_rectified_support,raw data with rectified support,2,P1_B2004_03,25,25,0.010479499775820657,0.019855949084419216,0.019855949084419216,0.9999999829416025,0.08874498916969142,1.0000008539111767,1.0000008539111767,1.0000504829239572,1.0000504829239572,1.000222961747247,1.0000008539111767,1.0000008539111767,True,17
HAI a2,raw_rectified_support,raw data with rectified support,1,P1_B2004_02,25,25,0.010479499775820657,0.019855776358845455,0.019855776358845455,0.9999999957353964,0.08874421718296305,1.000000431220448,1.000000431220448,1.0000252457419576,1.0000252457419576,1.0001114852060644,1.000000431220448,1.000000431220448,True,18
HAI a2,raw_rectified_support,raw data with rectified support,351,P2_SD01_02,25,25,0.010479499775820657,-0.05795834776278183,0.05795834776278183,1.0,0.25904140480181587,1.0000000000000004,1.0000000000000004,1.0000000000000016,1.0000000000000016,1.0000000000001323,1.0000000000000004,1.0000000000000004,True,19
HAI a2,raw_rectified_support,raw data with rectified support,352,P2_SD01_03,25,25,0.010479499775820657,-0.05795834776278183,0.05795834776278183,1.0,0.25904140480181587,1.0000000000000004,1.0000000000000004,1.0000000000000016,1.0000000000000016,1.0000000000001323,1.0000000000000004,1.0000000000000004,True,20
HAI a2,raw_rectified_support,raw data with rectified support,353,P2_SD01_04,25,25,0.010479499775820657,-0.05795834776278183,0.05795834776278183,1.0,0.25904140480181587,1.0000000000000004,1.0000000000000004,1.0000000000000016,1.0000000000000016,1.0000000000001323,1.0000000000000004,1.0000000000000004,True,21
HAI a2,raw_rectified_support,raw data with rectified support,354,P2_SD01_05,25,25,0.010479499775820657,-0.05795834776278183,0.05795834776278183,1.0,0.25904140480181587,1.0000000000000004,1.0000000000000004,1.0000000000000016,1.0000000000000016,1.0000000000001323,1.0000000000000004,1.0000000000000004,True,22
HAI a2,raw_rectified_support,raw data with rectified support,355,P2_SD01_06,25,25,0.010479499775820657,-0.05795834776278183,0.05795834776278183,1.0,0.25904140480181587,1.0000000000000004,1.0000000000000004,1.0000000000000016,1.0000000000000016,1.0000000000001323,1.0000000000000004,1.0000000000000004,True,23
HAI a2,raw_rectified_support,raw data with rectified support,356,P2_SD01_07,25,25,0.010479499775820657,-0.05795834776278183,0.05795834776278183,1.0,0.25904140480181587,1.0000000000000004,1.0000000000000004,1.0000000000000016,1.0000000000000016,1.0000000000001323,1.0000000000000004,1.0000000000000004,True,24
HAI a2,raw_rectified_support,raw data with rectified support,357,P2_SD01_08,25,25,0.010479499775820657,-0.05795834776278183,0.05795834776278183,1.0,0.25904140480181587,1.0000000000000004,1.0000000000000004,1.0000000000000016,1.0000000000000016,1.0000000000001323,1.0000000000000004,1.0000000000000004,True,25
HAI a2,raw_rectified_support,raw data with rectified support,358,P2_SD01_09,25,25,0.010479499775820657,-0.05795834776278183,0.05795834776278183,1.0,0.25904140480181587,1.0000000000000004,1.0000000000000004,1.0000000000000016,1.0000000000000016,1.0000000000001323,1.0000000000000004,1.0000000000000004,True,26
HAI a2,raw_rectified_support,raw data with rectified support,359,P2_SD01_10,25,25,0.010479499775820657,-0.05795834776278183,0.05795834776278183,1.0,0.25904140480181587,1.0000000000000004,1.0000000000000004,1.0000000000000016,1.0000000000000016,1.0000000000001323,1.0000000000000004,1.0000000000000004,True,27
HAI a2,raw_rectified_support,raw data with rectified support,38,P1_B3005_09,25,25,0.010479499775820657,0.03908865844633347,0.03908865844633347,0.9999476147674283,0.17470444528887633,0.9999881744408925,0.9999881744408925,0.9970252027575724,0.9970252027575724,1.0121170125095846,0.9999881744408925,0.9999881744408925,False,28
HAI a2,raw_rectified_support,raw data with rectified support,9,P1_B2004_10,25,25,0.010479499775820657,0.01986479039094933,0.01986479039094933,0.9999914164804979,0.0887845048659155,0.9999827393499241,0.9999827393499241,1.001035380279564,1.001035380279564,1.0022553011550055,0.9999827393499241,0.9999827393499241,False,29
HAI a2,raw_rectified_support,raw data with rectified support,34,P1_B3005_05,25,25,0.010479499775820657,0.039126579215748095,0.039126579215748095,0.9999941765031616,0.17487392992326473,0.999980653167281,0.999980653167281,1.0009685646213615,1.0009685646213615,1.0040246522488063,0.999980653167281,0.999980653167281,False,30
HAI a2,raw_rectified_support,raw data with rectified support,39,P1_B3005_10,25,25,0.010479499775820657,0.03907785850245209,0.03907785850245209,0.9999065819487392,0.17465617557894147,0.9999791349099568,0.9999791349099568,0.995930284906077,0.995930284906077,1.0162202047945494,0.9999791349099568,0.9999791349099568,False,31
HAI a2,raw_rectified_support,raw data with rectified support,33,P1_B3005_04,25,25,0.010479499775820657,0.03913492278052145,0.03913492278052145,0.9999767047038337,0.17491122099216805,0.9999496572430524,0.9999496572430524,1.0019255339183268,1.0019255339183268,1.0080378569145416,0.9999496572430524,0.9999496572430524,False,32
HAI a2,raw_rectified_support,raw data with rectified support,32,P1_B3005_03,25,25,0.010479499775820657,0.039142527724226495,0.039142527724226495,0.9999477699289705,0.17494521083792516,0.9999065581647307,0.9999065581647307,1.0028980692339349,1.0028980692339349,1.0120605683492845,0.9999065581647307,0.9999065581647307,False,33
HAI a2,raw_rectified_support,raw data with rectified support,31,P1_B3005_02,25,25,0.010479499775820657,0.03914967968375886,0.03914967968375886,0.9999072605243771,0.17497717609773436,0.9998518847719865,0.9998518847719865,1.0038590072041715,1.0038590072041715,1.0160716112073516,0.9998518847719865,0.9998518847719865,False,34
HAI a2,raw_rectified_support,raw data with rectified support,30,P1_B3005_01,25,25,0.010479499775820657,0.03915637852557814,0.03915637852557814,0.999855176877592,0.17500711617474474,0.9997856376934338,0.9997856376934338,1.0048083311716143,1.0048083311716143,1.0200709169176942,0.9997856376934338,0.9997856376934338,False,35
HAI a2,raw_rectified_support,raw data with rectified support,368,P2_SIT01_09,25,25,0.010479499775820657,0.016272883954566685,0.016272883954566685,0.9975113357637244,0.07273069165154472,0.9971937805707288,0.9971937805707288,1.0077876720082453,1.0077876720082453,1.0915758838931438,0.9971937805707288,0.9971937805707288,False,36
HAI a2,raw_rectified_support,raw data with rectified support,367,P2_SIT01_08,25,25,0.010479499775820657,0.016581217717462734,0.016581217717462734,0.9949919885137445,0.07410877115469634,0.9945398812931101,0.9945398812931101,1.0184964232794198,1.0184964232794198,1.1240892107162972,0.9945398812931101,0.9945398812931101,False,37
HAI a2,raw_rectified_support,raw data with rectified support,366,P2_SIT01_07,25,25,0.010479499775820657,0.016805367979381584,0.016805367979381584,0.9924247947534546,0.07511059748300723,0.9915349205518161,0.9915349205518161,1.029266073563795,1.029266073563795,1.1068878643731725,0.9915349205518161,0.9915349205518161,False,38
HAI a2,raw_rectified_support,raw data with rectified support,365,P2_SIT01_06,25,25,0.010479499775820657,0.016930342292349874,0.016930342292349874,0.9898196583718969,0.07566916277765555,0.9882232428213942,0.9882232428213942,1.042560942644876,1.042560942644876,1.137969016526449,0.9882232428213942,0.9882232428213942,False,39
HAI a2,raw_rectified_support,raw data with rectified support,364,P2_SIT01_05,25,25,0.010479499775820657,0.017145478012590663,0.017145478012590663,0.9871979654964402,0.0766306991455023,0.9847559489428869,0.9847559489428869,1.0583955637113747,1.0583955637113747,1.152279011081629,0.9847559489428869,0.9847559489428869,False,40
HAI a2,raw_rectified_support,raw data with rectified support,363,P2_SIT01_04,25,25,0.010479499775820657,0.017432197441919726,0.017432197441919726,0.9845890472387241,0.07791217466411723,0.9816178448211748,0.9816178448211748,1.0701065870450537,1.0701065870450537,1.151048552797966,0.9816178448211748,0.9816178448211748,False,41
HAI a2,raw_rectified_support,raw data with rectified support,362,P2_SIT01_03,25,25,0.010479499775820657,0.017687293434984173,0.017687293434984173,0.9820063085210512,0.07905231110612193,0.9786470464549699,0.9786470464549699,1.0821807489644435,1.0821807489644435,1.1315207555912727,0.9786470464549699,0.9786470464549699,False,42
HAI a2,raw_rectified_support,raw data with rectified support,361,P2_SIT01_02,25,25,0.010479499775820657,0.01774461037904856,0.01774461037904856,0.9794167297410962,0.07930848579505811,0.9759950201406161,0.9759950201406161,1.0906346326732754,1.0906346326732754,1.1500701966530205,0.9759950201406161,0.9759950201406161,False,43
HAI a2,raw_rectified_support,raw data with rectified support,360,P2_SIT01_01,25,25,0.010479499775820657,0.017665478763516342,0.017665478763516342,0.9768038874390333,0.07895481172319532,0.9736087870038476,0.9736087870038476,1.0916435003095653,1.0916435003095653,1.1489719024382736,0.9736087870038476,0.9736087870038476,False,44
HAI a2,raw_rectified_support,raw data with rectified support,255,P1_PCV02D_06,25,25,0.010479499775820657,0.1348723710316296,0.1348723710316296,0.7764489774886947,0.60280407930159,0.9315948428726705,0.9315948428726705,1.3010146169680346,1.3010146169680346,2.394505888418545,0.9315948428726705,0.9315948428726705,False,45
HAI a2,raw_rectified_support,raw data with rectified support,254,P1_PCV02D_05,25,25,0.010479499775820657,0.13671205860005872,0.13671205860005872,0.7840568174871146,0.6110264539985502,0.8526328705026179,0.8526328705026179,1.3151887239143338,1.3151887239143338,2.3164628574078163,0.8526328705026179,0.8526328705026179,False,46
HAI a2,raw_rectified_support,raw data with rectified support,482,P4_HT_FD_03,25,25,0.010479499775820657,0.0016384820202611924,0.0016384820202611924,0.04238733237042351,0.007323098408673563,0.8175383254546866,0.8175383254546866,-0.11311547651495368,0.11311547651495368,2.480857548975099,0.8175383254546866,0.8175383254546866,False,47
HAI a2,raw_rectified_support,raw data with rectified support,264,P1_PCV02Z_05,25,25,0.010479499775820657,0.16231658527998863,0.16231658527998863,0.9907136793929675,0.7254643704761103,0.7727348969930865,0.7727348969930865,1.003468624881685,1.003468624881685,1.3326246857607047,0.7727348969930865,0.7727348969930865,False,48
HAI a2,raw_rectified_support,raw data with rectified support,483,P4_HT_FD_04,25,25,0.010479499775820657,-0.0030396535995517093,0.0030396535995517093,0.030916028098432122,0.013585551847708129,0.7362987159422886,0.7362987159422886,-0.11271488238626622,0.11271488238626622,2.444479704132462,0.7362987159422886,0.7362987159422886,False,49
HAI a2,raw_rectified_support,raw data with rectified support,240,P1_PCV01Z_01,25,25,0.010479499775820657,0.005014369354264663,0.005014369354264663,0.5869442233518192,0.022411427031017003,0.7345655149440791,0.7345655149440791,-1.7559028728033381,1.7559028728033381,2.148067310128667,0.7345655149440791,0.7345655149440791,False,50
HAI a2,raw_rectified_support,raw data with rectified support,241,P1_PCV01Z_02,25,25,0.010479499775820657,0.004969809727459303,0.004969809727459303,0.5862780915619441,0.02221227041647118,0.7326752173336505,0.7326752173336505,-1.7560816924337452,1.7560816924337452,2.1469809656637016,0.7326752173336505,0.7326752173336505,False,51
HAI a2,raw_rectified_support,raw data with rectified support,242,P1_PCV01Z_03,25,25,0.010479499775820657,0.004910450767174098,0.004910450767174098,0.5856293152149863,0.021946969056901907,0.7307911699180625,0.7307911699180625,-1.7558709206295497,1.7558709206295497,2.147062345887452,0.7307911699180625,0.7307911699180625,False,52
HAI a2,raw_rectified_support,raw data with rectified support,243,P1_PCV01Z_04,25,25,0.010479499775820657,0.004819578245925885,0.004819578245925885,0.5850924168398339,0.02154081970187947,0.7290540496326916,0.7290540496326916,-1.7563517206649153,1.7563517206649153,2.149639042012097,0.7290540496326916,0.7290540496326916,False,53
HAI a2,raw_rectified_support,raw data with rectified support,230,P1_PCV01D_01,25,25,0.010479499775820657,0.004602343117874969,0.004602343117874969,0.5839838913974033,0.02056990015508819,0.7283513562596372,0.7283513562596372,-1.757385214405521,1.757385214405521,2.1485112388714485,0.7283513562596372,0.7283513562596372,False,54
HAI a2,raw_rectified_support,raw data with rectified support,244,P1_PCV01Z_05,25,25,0.010479499775820657,0.004731500942619469,0.004731500942619469,0.5845750844395108,0.021147163408000425,0.7274114371272223,0.7274114371272223,-1.7567213321627393,1.7567213321627393,2.1537796001423266,0.7274114371272223,0.7274114371272223,False,55
HAI a2,raw_rectified_support,raw data with rectified support,231,P1_PCV01D_02,25,25,0.010479499775820657,0.004517520674604038,0.004517520674604038,0.5833644407031432,0.0201907912654843,0.7266009328789934,0.7266009328789934,-1.7579889999773655,1.7579889999773655,2.148246286737181,0.7266009328789934,0.7266009328789934,False,56
HAI a2,raw_rectified_support,raw data with rectified support,245,P1_PCV01Z_06,25,25,0.010479499775820657,0.00468991591369752,0.00468991591369752,0.5838781730619448,0.02096130158262963,0.7253930165134581,0.7253930165134581,-1.7562340150964342,1.7562340150964342,2.1465594376283286,0.7253930165134581,0.7253930165134581,False,57
HAI a2,raw_rectified_support,raw data with rectified support,232,P1_PCV01D_03,25,25,0.010479499775820657,0.004487936784378771,0.004487936784378771,0.5827353087672431,0.020058567819177277,0.7246590037910717,0.7246590037910717,-1.758147940553348,1.758147940553348,2.144738161549986,0.7246590037910717,0.7246590037910717,False,58
HAI a2,raw_rectified_support,raw data with rectified support,246,P1_PCV01Z_07,25,25,0.010479499775820657,0.004672636690766494,0.004672636690766494,0.5831496852568472,0.020884073118487476,0.7232988381871224,0.7232988381871224,-1.754731816419199,1.754731816419199,2.1367410679485546,0.7232988381871224,0.7232988381871224,False,59
HAI a2,raw_rectified_support,raw data with rectified support,233,P1_PCV01D_04,25,25,0.010479499775820657,0.004476735047535878,0.004476735047535878,0.5820650256916929,0.020008502319382844,0.7226300163894228,0.7226300163894228,-1.7578042131282785,1.7578042131282785,2.144405068533981,0.7226300163894228,0.7226300163894228,False,60
HAI a2,raw_rectified_support,raw data with rectified support,247,P1_PCV01Z_08,25,25,0.010479499775820657,0.004614169257284144,0.004614169257284144,0.5824542881975995,0.020622756385194563,0.7213078054039955,0.7213078054039955,-1.7548890254988376,1.7548890254988376,2.133692596272953,0.7213078054039955,0.7213078054039955,False,61
HAI a2,raw_rectified_support,raw data with rectified support,234,P1_PCV01D_05,25,25,0.010479499775820657,0.004396723983392205,0.004396723983392205,0.5813653899754968,0.01965089760400525,0.7206987013197225,0.7206987013197225,-1.758036458198391,1.758036458198391,2.140426900887285,0.7206987013197225,0.7206987013197225,False,62
HAI a2,raw_rectified_support,raw data with rectified support,248,P1_PCV01Z_09,25,25,0.010479499775820657,0.004524884572104664,0.004524884572104664,0.5817397713321261,0.02022370376949815,0.7193668968600491,0.7193668968600491,-1.755085778690001,1.755085778690001,2.1413441069363057,0.7193668968600491,0.7193668968600491,False,63
HAI a2,raw_rectified_support,raw data with rectified support,235,P1_PCV01D_06,25,25,0.010479499775820657,0.004311269410054574,0.004311269410054574,0.5806217637494295,0.019268963446483687,0.7186911427923673,0.7186911427923673,-1.7581792542048473,1.7581792542048473,2.1387789126829144,0.7186911427923673,0.7186911427923673,False,64
HAI a2,raw_rectified_support,raw data with rectified support,249,P1_PCV01Z_10,25,25,0.010479499775820657,0.0044533385054530104,0.0044533385054530104,0.5808923189691966,0.019903932859372413,0.716792460808226,0.716792460808226,-1.7540533438084456,1.7540533438084456,2.138101220826887,0.716792460808226,0.716792460808226,False,65
HAI a2,raw_rectified_support,raw data with rectified support,236,P1_PCV01D_07,25,25,0.010479499775820657,0.004258789990946258,0.004258789990946258,0.5799440891556183,0.019034409789008118,0.7165657260474354,0.7165657260474354,-1.7580533616283627,1.7580533616283627,2.1420007849305867,0.7165657260474354,0.7165657260474354,False,66
HAI a2,raw_rectified_support,raw data with rectified support,253,P1_PCV02D_04,25,25,0.010479499775820657,0.1382982806535044,0.1382982806535044,0.7888152983652508,0.6181159795787816,0.7157334470512207,0.7157334470512207,1.3283947281840778,1.3283947281840778,1.9579764586428654,0.7157334470512207,0.7157334470512207,False,67
HAI a2,raw_rectified_support,raw data with rectified support,237,P1_PCV01D_08,25,25,0.010479499775820657,0.004248863849861759,0.004248863849861759,0.5793422180642992,0.018990045488953992,0.7146703796179384,0.7146703796179384,-1.7590903598593695,1.7590903598593695,2.1437491572960936,0.7146703796179384,0.7146703796179384,False,68
HAI a2,raw_rectified_support,raw data with rectified support,238,P1_PCV01D_09,25,25,0.010479499775820657,0.004225646102048609,0.004225646102048609,0.5787667375800523,0.01888627513934932,0.7126100742171221,0.7126100742171221,-1.7597355348175987,1.7597355348175987,2.1405208981359003,0.7126100742171221,0.7126100742171221,False,69
HAI a2,raw_rectified_support,raw data with rectified support,239,P1_PCV01D_10,25,25,0.010479499775820657,0.004171541642950727,0.004171541642950727,0.5780635946604331,0.01864445846182565,0.7101010906611092,0.7101010906611092,-1.7590130623147364,1.7590130623147364,2.135289675331445,0.7101010906611092,0.7101010906611092,False,70
HAI a2,raw_rectified_support,raw data with rectified support,426,P2_VYT03_07,25,25,0.010479499775820657,-0.07409043417182204,0.07409043417182204,0.7635759493691306,0.33114281015736224,0.70953719710628,0.70953719710628,-0.8073029956612897,0.8073029956612897,2.3873845219719647,0.70953719710628,0.70953719710628,False,71
HAI a2,raw_rectified_support,raw data with rectified support,560,P4_ST_PS_01,25,25,0.010479499775820657,-0.04264978798523018,0.04264978798523018,0.7664148997169543,0.190620702981602,0.7042931400596861,0.7042931400596861,1.0588505763496363,1.0588505763496363,1.4413343649530357,0.7042931400596861,0.7042931400596861,False,72
HAI a2,raw_rectified_support,raw data with rectified support,561,P4_ST_PS_02,25,25,0.010479499775820657,-0.04264978798523018,0.04264978798523018,0.7664148997169543,0.190620702981602,0.7042931400596861,0.7042931400596861,1.0588505763496363,1.0588505763496363,1.4413343649530357,0.7042931400596861,0.7042931400596861,False,73
HAI a2,raw_rectified_support,raw data with rectified support,562,P4_ST_PS_03,25,25,0.010479499775820657,-0.042639898486279915,0.042639898486279915,0.7653246182056476,0.190576502451398,0.7029242360827935,0.7029242360827935,1.0543826468449338,1.0543826468449338,1.4312812982455434,0.7029242360827935,0.7029242360827935,False,74
HAI a2,raw_rectified_support,raw data with rectified support,563,P4_ST_PS_04,25,25,0.010479499775820657,-0.042639898486279915,0.042639898486279915,0.7653246182056476,0.190576502451398,0.7029242360827935,0.7029242360827935,1.0543826468449338,1.0543826468449338,1.4312812982455434,0.7029242360827935,0.7029242360827935,False,75
HAI a2,raw_rectified_support,raw data with rectified support,564,P4_ST_PS_05,25,25,0.010479499775820657,-0.042639898486279915,0.042639898486279915,0.7653246182056476,0.190576502451398,0.7029242360827935,0.7029242360827935,1.0543826468449338,1.0543826468449338,1.4312812982455434,0.7029242360827935,0.7029242360827935,False,76
HAI a2,raw_rectified_support,raw data with rectified support,565,P4_ST_PS_06,25,25,0.010479499775820657,-0.042639898486279915,0.042639898486279915,0.7653246182056476,0.190576502451398,0.7029242360827935,0.7029242360827935,1.0543826468449338,1.0543826468449338,1.4312812982455434,0.7029242360827935,0.7029242360827935,False,77
HAI a2,raw_rectified_support,raw data with rectified support,566,P4_ST_PS_07,25,25,0.010479499775820657,-0.042639898486279915,0.042639898486279915,0.7653246182056476,0.190576502451398,0.7029242360827935,0.7029242360827935,1.0543826468449338,1.0543826468449338,1.4312812982455434,0.7029242360827935,0.7029242360827935,False,78
HAI a2,raw_rectified_support,raw data with rectified support,567,P4_ST_PS_08,25,25,0.010479499775820657,-0.042639898486279915,0.042639898486279915,0.7653246182056476,0.190576502451398,0.7029242360827935,0.7029242360827935,1.0543826468449338,1.0543826468449338,1.4312812982455434,0.7029242360827935,0.7029242360827935,False,79
HAI a2,raw_rectified_support,raw data with rectified support,568,P4_ST_PS_09,25,25,0.010479499775820657,-0.042639898486279915,0.042639898486279915,0.7653246182056476,0.190576502451398,0.7029242360827935,0.7029242360827935,1.0543826468449338,1.0543826468449338,1.4312812982455434,0.7029242360827935,0.7029242360827935,False,80
HAI a2,raw_rectified_support,raw data with rectified support,569,P4_ST_PS_10,25,25,0.010479499775820657,-0.042639898486279915,0.042639898486279915,0.7653246182056476,0.190576502451398,0.7029242360827935,0.7029242360827935,1.0543826468449338,1.0543826468449338,1.4312812982455434,0.7029242360827935,0.7029242360827935,False,81
HAI a2,raw_rectified_support,raw data with rectified support,423,P2_VYT03_04,25,25,0.010479499775820657,0.022625533719992465,0.022625533719992465,0.7822247380400462,0.10112348376813692,0.702645047109877,0.702645047109877,-0.821016147471821,0.821016147471821,2.4956455626738143,0.702645047109877,0.702645047109877,False,82
HAI a2,raw_rectified_support,raw data with rectified support,424,P2_VYT03_05,25,25,0.010479499775820657,-0.023650328779243522,0.023650328779243522,0.7808088018322612,0.10570374462838218,0.6947304386614914,0.6947304386614914,-0.8247623531888356,0.8247623531888356,2.5434561501694066,0.6947304386614914,0.6947304386614914,False,83
HAI a2,raw_rectified_support,raw data with rectified support,13,P1_B2016_04,25,25,0.010479499775820657,0.02248922890472432,0.02248922890472432,0.7539490251819647,0.10051427746410584,0.6914972103174901,0.6914972103174901,-1.4653461196445658,1.4653461196445658,1.7939824640407296,0.6914972103174901,0.6914972103174901,False,84
HAI a2,raw_rectified_support,raw data with rectified support,12,P1_B2016_03,25,25,0.010479499775820657,0.02222063198180137,0.02222063198180137,0.7538531717522119,0.09931379941521146,0.6912607423897517,0.6912607423897517,-1.4627681556644434,1.4627681556644434,1.8200078704551235,0.6912607423897517,0.6912607423897517,False,85
HAI a2,raw_rectified_support,raw data with rectified support,14,P1_B2016_05,25,25,0.010479499775820657,0.022825063120708332,0.022825063120708332,0.7543039147388124,0.10201526861459682,0.6909966017517738,0.6909966017517738,-1.4677226148648788,1.4677226148648788,1.8023662960882803,0.6909966017517738,0.6909966017517738,False,86
HAI a2,raw_rectified_support,raw data with rectified support,11,P1_B2016_02,25,25,0.010479499775820657,0.022046106835146434,0.022046106835146434,0.7536130728432698,0.09853376960228831,0.6909606616529377,0.6909606616529377,-1.4596254079758004,1.4596254079758004,1.8336424096566273,0.6909606616529377,0.6909606616529377,False,87
HAI a2,raw_rectified_support,raw data with rectified support,15,P1_B2016_06,25,25,0.010479499775820657,0.023075040439953107,0.023075040439953107,0.7547331577291013,0.10313252744693609,0.690136229557552,0.690136229557552,-1.4702281375434652,1.4702281375434652,1.7992774742980286,0.690136229557552,0.690136229557552,False,88
HAI a2,raw_rectified_support,raw data with rectified support,10,P1_B2016_01,25,25,0.010479499775820657,0.022030806631654794,0.022030806631654794,0.7531881776622824,0.09846538624839338,0.6894530943933284,0.6894530943933284,-1.448773466038378,1.448773466038378,1.8258938248916323,0.6894530943933284,0.6894530943933284,False,89
HAI a2,raw_rectified_support,raw data with rectified support,16,P1_B2016_07,25,25,0.010479499775820657,0.023190206671904173,0.023190206671904173,0.7549794376462726,0.10364725610401304,0.6892205803985499,0.6892205803985499,-1.4739699557419206,1.4739699557419206,1.7829839609129359,0.6892205803985499,0.6892205803985499,False,90
HAI a2,raw_rectified_support,raw data with rectified support,17,P1_B2016_08,25,25,0.010479499775820657,0.023413119348221628,0.023413119348221628,0.7551102847510415,0.10464355111673054,0.6876402679009195,0.6876402679009195,-1.4736722317931532,1.4736722317931532,1.7833953289560105,0.6876402679009195,0.6876402679009195,False,91
HAI a2,raw_rectified_support,raw data with rectified support,18,P1_B2016_09,25,25,0.010479499775820657,0.023679252553399404,0.023679252553399404,0.7555336001069618,0.10583301772498901,0.6869652376600819,0.6869652376600819,-1.4748521912309007,1.4748521912309007,1.791158009667551,0.6869652376600819,0.6869652376600819,False,92
HAI a2,raw_rectified_support,raw data with rectified support,19,P1_B2016_10,25,25,0.010479499775820657,0.023829231089876023,0.023829231089876023,0.7557046523602535,0.10650333791662105,0.6861255153650301,0.6861255153650301,-1.48132070019118,1.48132070019118,1.794982573508255,0.6861255153650301,0.6861255153650301,False,93
HAI a2,raw_rectified_support,raw data with rectified support,428,P2_VYT03_09,25,25,0.010479499775820657,0.01634419646366831,0.01634419646366831,0.7281192891192335,0.07304941869002476,0.6846756781103549,0.6846756781103549,-0.8305085038404841,0.8305085038404841,2.6012806418960097,0.6846756781103549,0.6846756781103549,False,94
HAI a2,raw_rectified_support,raw data with rectified support,263,P1_PCV02Z_04,25,25,0.010479499775820657,0.16142338460178685,0.16142338460178685,0.9907129487555072,0.721472262912963,0.6843008838621804,0.6843008838621804,1.0046498485539375,1.0046498485539375,1.1180860264511523,0.6843008838621804,0.6843008838621804,False,95
HAI a2,raw_rectified_support,raw data with rectified support,429,P2_VYT03_10,25,25,0.010479499775820657,-0.04672534147869292,0.04672534147869292,0.7261147969530364,0.2088361480907789,0.6842080937026571,0.6842080937026571,-0.815323434434875,0.815323434434875,2.5698824741489505,0.6842080937026571,0.6842080937026571,False,96
HAI a2,raw_rectified_support,raw data with rectified support,425,P2_VYT03_06,25,25,0.010479499775820657,-0.09019922828708954,0.09019922828708954,0.7834164822740332,0.40314011198455,0.6837771888579148,0.6837771888579148,-0.8351851359771617,0.8351851359771617,2.4967526901669372,0.6837771888579148,0.6837771888579148,False,97
HAI a2,raw_rectified_support,raw data with rectified support,402,P2_VXT03_03,25,25,0.010479499775820657,0.01379868793177238,0.01379868793177238,0.792446132823852,0.061672418974019046,0.6800632926792448,0.6800632926792448,-1.3523064312397821,1.3523064312397821,2.425311426510112,0.6800632926792448,0.6800632926792448,False,98
HAI a2,raw_rectified_support,raw data with rectified support,427,P2_VYT03_08,25,25,0.010479499775820657,-0.005331079068480937,0.005331079068480937,0.7247338234806117,0.02382694235282623,0.678672210705617,0.678672210705617,-0.798415331267286,0.798415331267286,2.5136823465958695,0.678672210705617,0.678672210705617,False,99
HAI a2,raw_rectified_support,raw data with rectified support,252,P1_PCV02D_03,25,25,0.010479499775820657,0.13962055618957747,0.13962055618957747,0.7920083568941577,0.6240258118224707,0.6531931487500521,0.6531931487500521,1.3395941526620483,1.3395941526620483,1.7633546324759093,0.6531931487500521,0.6531931487500521,False,100
HAI a2,raw_rectified_support,raw data with rectified support,401,P2_VXT03_02,25,25,0.010479499775820657,-0.010361539639368443,0.010361539639368443,0.791568248286664,0.04631028812410843,0.6509541025071157,0.6509541025071157,-1.3020283027142117,1.3020283027142117,2.3806808952417593,0.6509541025071157,0.6509541025071157,False,101
HAI a2,raw_rectified_support,raw data with rectified support,406,P2_VXT03_07,25,25,0.010479499775820657,0.003443953819115877,0.003443953819115877,0.755434675968439,0.015392547748734102,0.6338863475041832,0.6338863475041832,-1.4837995705256999,1.4837995705256999,1.7902007913026663,0.6338863475041832,0.6338863475041832,False,102
HAI a2,raw_rectified_support,raw data with rectified support,400,P2_VXT03_01,25,25,0.010479499775820657,-0.08008795291093045,0.08008795291093045,0.7908101139273146,0.35794836517184647,0.6266519102485623,0.6266519102485623,-1.3710754997924863,1.3710754997924863,2.278703141986575,0.6266519102485623,0.6266519102485623,False,103
HAI a2,raw_rectified_support,raw data with rectified support,405,P2_VXT03_06,25,25,0.010479499775820657,-0.06602624991161682,0.06602624991161682,0.7660790149192792,0.2951004159211745,0.617489222514184,0.617489222514184,-1.4892198593258763,1.4892198593258763,1.6928988843071147,0.617489222514184,0.617489222514184,False,104
HAI a2,raw_rectified_support,raw data with rectified support,420,P2_VYT03_01,25,25,0.010479499775820657,-0.07929063534973377,0.07929063534973377,0.7862952451113053,0.35438480152488244,0.6147065752350085,0.6147065752350085,-0.9305198602526531,0.9305198602526531,2.5660315401694236,0.6147065752350085,0.6147065752350085,False,105
HAI a2,raw_rectified_support,raw data with rectified support,407,P2_VXT03_08,25,25,0.010479499775820657,0.0022105435187279297,0.0022105435187279297,0.7583009601102833,0.009879893416053236,0.6075500658305385,0.6075500658305385,-1.4860206097989508,1.4860206097989508,1.7819792286032048,0.6075500658305385,0.6075500658305385,False,106
HAI a2,raw_rectified_support,raw data with rectified support,409,P2_VXT03_10,25,25,0.010479499775820657,-0.10097454344632224,0.10097454344632224,0.7595749994588031,0.45129974530353767,0.6061259078204506,0.6061259078204506,-1.4838126025650462,1.4838126025650462,1.7926843973238467,0.6061259078204506,0.6061259078204506,False,107
HAI a2,raw_rectified_support,raw data with rectified support,79,P1_B4022_10,25,25,0.010479499775820657,0.02200310332562737,0.02200310332562737,0.26818967390679344,0.09834156796184781,0.597264575344777,0.597264575344777,2.076156852145479,2.076156852145479,3.1814413508791044,0.597264575344777,0.597264575344777,False,108
HAI a2,raw_rectified_support,raw data with rectified support,408,P2_VXT03_09,25,25,0.010479499775820657,-0.06871242876910238,0.06871242876910238,0.7558708075589861,0.30710613333120096,0.5962658932178023,0.5962658932178023,-1.495109760400564,1.495109760400564,1.8236584178467334,0.5962658932178023,0.5962658932178023,False,109
HAI a2,raw_rectified_support,raw data with rectified support,78,P1_B4022_09,25,25,0.010479499775820657,0.021886744948800652,0.021886744948800652,0.2683228041394534,0.09782151108381157,0.5962395137067242,0.5962395137067242,2.0808275682716073,2.0808275682716073,3.1610579306350637,0.5962395137067242,0.5962395137067242,False,110
HAI a2,raw_rectified_support,raw data with rectified support,77,P1_B4022_08,25,25,0.010479499775820657,0.02160819640048457,0.02160819640048457,0.2686673775226487,0.09657655483425402,0.5950406196022127,0.5950406196022127,2.0793503443034336,2.0793503443034336,3.155887507750138,0.5950406196022127,0.5950406196022127,False,111
HAI a2,raw_rectified_support,raw data with rectified support,403,P2_VXT03_04,25,25,0.010479499775820657,-0.04584256490399488,0.04584256490399488,0.7896218523360126,0.20489063044124436,0.5950127108340725,0.5950127108340725,-1.4866246221824047,1.4866246221824047,1.732300888038277,0.5950127108340725,0.5950127108340725,False,112
HAI a2,raw_rectified_support,raw data with rectified support,76,P1_B4022_07,25,25,0.010479499775820657,0.02134083429654592,0.02134083429654592,0.2687175089808178,0.09538159573572169,0.5929451061905073,0.5929451061905073,2.0753703489572146,2.0753703489572146,3.152676101559247,0.5929451061905073,0.5929451061905073,False,113
HAI a2,raw_rectified_support,raw data with rectified support,75,P1_B4022_06,25,25,0.010479499775820657,0.02123145505139685,0.02123145505139685,0.26885385098847464,0.09489273167362756,0.5916528889671685,0.5916528889671685,2.0762334722842817,2.0762334722842817,3.151384846317972,0.5916528889671685,0.5916528889671685,False,114
HAI a2,raw_rectified_support,raw data with rectified support,74,P1_B4022_05,25,25,0.010479499775820657,0.020949159602190764,0.020949159602190764,0.26944581281861,0.09363102887231925,0.5903934405062373,0.5903934405062373,2.0747313192302705,2.0747313192302705,3.142819447499548,0.5903934405062373,0.5903934405062373,False,115
HAI a2,raw_rectified_support,raw data with rectified support,73,P1_B4022_04,25,25,0.010479499775820657,0.02063062568327602,0.02063062568327602,0.2699294854549821,0.09220736037558391,0.5896353966085,0.5896353966085,2.0750506337825367,2.0750506337825367,3.1320845421897974,0.5896353966085,0.5896353966085,False,116
HAI a2,raw_rectified_support,raw data with rectified support,72,P1_B4022_03,25,25,0.010479499775820657,0.020342179647616785,0.020342179647616785,0.26976065371291724,0.0909181678921732,0.5889093902452558,0.5889093902452558,2.0726863195413205,2.0726863195413205,3.133724281819171,0.5889093902452558,0.5889093902452558,False,117
HAI a2,raw_rectified_support,raw data with rectified support,70,P1_B4022_01,25,25,0.010479499775820657,0.020144554770849338,0.020144554770849338,0.26960762098327606,0.09003489520277298,0.5886939129589848,0.5886939129589848,2.0785879765013,2.0785879765013,3.1157510160074087,0.5886939129589848,0.5886939129589848,False,118
HAI a2,raw_rectified_support,raw data with rectified support,71,P1_B4022_02,25,25,0.010479499775820657,0.02016595777928608,0.02016595777928608,0.26981554400583313,0.09013055468214826,0.5885675918785683,0.5885675918785683,2.073140410649649,2.073140410649649,3.117281539333986,0.5885675918785683,0.5885675918785683,False,119
HAI a2,raw_rectified_support,raw data with rectified support,470,P3_LT01_01,25,25,0.010479499775820657,-0.008879239118256622,0.008879239118256622,0.7165367315235613,0.039685233681582686,0.5858786481202494,0.5858786481202494,1.3924298943893747,1.3924298943893747,1.9095467144513265,0.5858786481202494,0.5858786481202494,False,120
HAI a2,raw_rectified_support,raw data with rectified support,471,P3_LT01_02,25,25,0.010479499775820657,-0.009034005115945896,0.009034005115945896,0.716455859989709,0.040376951147737386,0.5842458788473909,0.5842458788473909,1.3892276883462222,1.3892276883462222,1.932160138330202,0.5842458788473909,0.5842458788473909,False,121
HAI a2,raw_rectified_support,raw data with rectified support,472,P3_LT01_03,25,25,0.010479499775820657,-0.009174530070136454,0.009174530070136454,0.7164041823634844,0.0410050191128944,0.5829677179905445,0.5829677179905445,1.388740378987966,1.388740378987966,1.9556175884353353,0.5829677179905445,0.5829677179905445,False,122
HAI a2,raw_rectified_support,raw data with rectified support,404,P2_VXT03_05,25,25,0.010479499775820657,-0.10272953871735052,0.10272953871735052,0.7924032641913137,0.45914359279015704,0.582210406876985,0.582210406876985,-1.5199629392943175,1.5199629392943175,1.7140685244834521,0.582210406876985,0.582210406876985,False,123
HAI a2,raw_rectified_support,raw data with rectified support,473,P3_LT01_04,25,25,0.010479499775820657,-0.009306308497073076,0.009306308497073076,0.7163895540565246,0.04159399499219227,0.5816538995511796,0.5816538995511796,1.3874212340791763,1.3874212340791763,1.9797090876267223,0.5816538995511796,0.5816538995511796,False,124
HAI a2,raw_rectified_support,raw data with rectified support,474,P3_LT01_05,25,25,0.010479499775820657,-0.009378083490662078,0.009378083490662078,0.7163473238456849,0.04191478907771441,0.5809005965161466,0.5809005965161466,1.388433556502948,1.388433556502948,1.9914140535499276,0.5809005965161466,0.5809005965161466,False,125
HAI a2,raw_rectified_support,raw data with rectified support,475,P3_LT01_06,25,25,0.010479499775820657,-0.009468432661874842,0.009468432661874842,0.7162765583357831,0.04231859935073023,0.5805582203291985,0.5805582203291985,1.3903747844317853,1.3903747844317853,1.9914205499324957,0.5805582203291985,0.5805582203291985,False,126
HAI a2,raw_rectified_support,raw data with rectified support,477,P3_LT01_08,25,25,0.010479499775820657,-0.009641480403863834,0.009641480403863834,0.7161056895602941,0.04309202599094574,0.5803176531250542,0.5803176531250542,1.3932363366870928,1.3932363366870928,1.9911164327383601,0.5803176531250542,0.5803176531250542,False,127
HAI a2,raw_rectified_support,raw data with rectified support,476,P3_LT01_07,25,25,0.010479499775820657,-0.00957490216014051,0.00957490216014051,0.7161665552972278,0.04279445847135536,0.5802513393313462,0.5802513393313462,1.3904385210201742,1.3904385210201742,1.9914202365902651,0.5802513393313462,0.5802513393313462,False,128
HAI a2,raw_rectified_support,raw data with rectified support,478,P3_LT01_09,25,25,0.010479499775820657,-0.009737156108496394,0.009737156108496394,0.7160497576333114,0.043519642889806635,0.5799134520792987,0.5799134520792987,1.393536229480724,1.393536229480724,1.9897168752362324,0.5799134520792987,0.5799134520792987,False,129
HAI a2,raw_rectified_support,raw data with rectified support,479,P3_LT01_10,25,25,0.010479499775820657,-0.00982021452661255,0.00982021452661255,0.7159830406459112,0.043890867573392965,0.5797567453247907,0.5797567453247907,1.3945604221310213,1.3945604221310213,1.9897757351803123,0.5797567453247907,0.5797567453247907,False,130
HAI a2,raw_rectified_support,raw data with rectified support,421,P2_VYT03_02,25,25,0.010479499775820657,-0.09163210501127353,0.09163210501127353,0.7836077882398497,0.4095442696920752,0.5769976085084375,0.5769976085084375,-1.0661768440649604,1.0661768440649604,2.325031608795131,0.5769976085084375,0.5769976085084375,False,131
HAI a2,raw_rectified_support,raw data with rectified support,422,P2_VYT03_03,25,25,0.010479499775820657,-0.026050954274323457,0.026050954274323457,0.7820349029039879,0.1164331981868891,0.5716283366357758,0.5716283366357758,-1.0276973222821593,1.0276973222821593,2.2828747325629446,0.5716283366357758,0.5716283366357758,False,132
HAI a2,raw_rectified_support,raw data with rectified support,49,P1_B4002_10,25,25,0.010479499775820657,0.038624098023849474,0.038624098023849474,0.28839152250201,0.17262811997766972,0.5553267122396494,0.5553267122396494,2.7573949128117743,2.7573949128117743,3.2713455354894276,0.5553267122396494,0.5553267122396494,False,133
HAI a2,raw_rectified_support,raw data with rectified support,48,P1_B4002_09,25,25,0.010479499775820657,0.03862045071823708,0.03862045071823708,0.28838279229583974,0.17261181856111724,0.5552966544479944,0.5552966544479944,2.7569745779075627,2.7569745779075627,3.2711630789504267,0.5552966544479944,0.5552966544479944,False,134
HAI a2,raw_rectified_support,raw data with rectified support,47,P1_B4002_08,25,25,0.010479499775820657,0.038615867341545915,0.038615867341545915,0.2883103661869595,0.17259133343028368,0.5551617339856725,0.5551617339856725,2.7563625525174538,2.7563625525174538,3.270497616121108,0.5551617339856725,0.5551617339856725,False,135
HAI a2,raw_rectified_support,raw data with rectified support,46,P1_B4002_07,25,25,0.010479499775820657,0.03861111717161101,0.03861111717161101,0.2882366957825877,0.17257010282691967,0.5550244174265027,0.5550244174265027,2.755738629056843,2.755738629056843,3.2698180343225807,0.5550244174265027,0.5550244174265027,False,136
HAI a2,raw_rectified_support,raw data with rectified support,45,P1_B4002_06,25,25,0.010479499775820657,0.03860620028530952,0.03860620028530952,0.28816178215203886,0.17254812709462308,0.554884706770648,0.554884706770648,2.75510281670645,2.75510281670645,3.269124343660554,0.554884706770648,0.554884706770648,False,137
HAI a2,raw_rectified_support,raw data with rectified support,44,P1_B4002_05,25,25,0.010479499775820657,0.038601116765994835,0.038601116765994835,0.28808562641287494,0.1725254066059369,0.554742604111193,0.554742604111193,2.754455125108498,2.754455125108498,3.268416554788994,0.554742604111193,0.554742604111193,False,138
HAI a2,raw_rectified_support,raw data with rectified support,43,P1_B4002_04,25,25,0.010479499775820657,0.03859586670349119,0.03859586670349119,0.2880082297308223,0.17250194176232528,0.5545981116339775,0.5545981116339775,2.7537955643659684,2.7537955643659684,3.2676946789081627,0.5545981116339775,0.5545981116339775,False,139
HAI a2,raw_rectified_support,raw data with rectified support,42,P1_B4002_03,25,25,0.010479499775820657,0.03859045019408492,0.03859045019408492,0.2879295933196823,0.1724777329941343,0.5544512316174369,0.5544512316174369,2.753124145041848,2.753124145041848,3.2669587277649486,0.5544512316174369,0.5544512316174369,False,140
HAI a2,raw_rectified_support,raw data with rectified support,41,P1_B4002_02,25,25,0.010479499775820657,0.03858486734051759,0.03858486734051759,0.2878497184412451,0.17245278076056125,0.5543019664324372,0.5543019664324372,2.7524408781583247,2.7524408781583247,3.2662087136511055,0.5543019664324372,0.5543019664324372,False,141
HAI a2,raw_rectified_support,raw data with rectified support,40,P1_B4002_01,25,25,0.010479499775820657,0.03857911825197585,0.03857911825197585,0.28776860640518354,0.17242708554960948,0.5541503185420733,0.5541503185420733,2.751745775195881,2.751745775195881,3.2654446494028893,0.5541503185420733,0.5541503185420733,False,142
HAI a2,raw_rectified_support,raw data with rectified support,251,P1_PCV02D_02,25,25,0.010479499775820657,0.1404509373279935,0.1404509373279935,0.7921168719048766,0.627737151170801,0.4967103914292584,0.4967103914292584,1.347156483696553,1.347156483696553,1.7385292172757132,0.4967103914292584,0.4967103914292584,False,143
HAI a2,raw_rectified_support,raw data with rectified support,183,P1_FT03_04,25,25,0.010479499775820657,0.02167437633630809,0.02167437633630809,0.4569852420113632,0.09687234214026187,0.46761611097198824,0.46761611097198824,0.7232974478736623,0.7232974478736623,1.3200813338798807,0.46761611097198824,0.46761611097198824,False,144
HAI a2,raw_rectified_support,raw data with rectified support,184,P1_FT03_05,25,25,0.010479499775820657,0.021584212410727086,0.021584212410727086,0.453451838687023,0.09646935981163261,0.4642817295943164,0.4642817295943164,0.7264537961046111,0.7264537961046111,1.3044177175429168,0.4642817295943164,0.4642817295943164,False,145
HAI a2,raw_rectified_support,raw data with rectified support,182,P1_FT03_03,25,25,0.010479499775820657,0.0219445755460967,0.0219445755460967,0.45327812719199345,0.0980799815154638,0.46414720989382746,0.46414720989382746,0.7296618840940862,0.7296618840940862,1.3022176603107758,0.46414720989382746,0.46414720989382746,False,146
HAI a2,raw_rectified_support,raw data with rectified support,141,P1_FT01_02,25,25,0.010479499775820657,-0.011532901654442923,0.011532901654442923,0.2456128435833201,0.051545621318185936,0.46142477814199956,0.46142477814199956,-0.9785923509937429,0.9785923509937429,1.7999247353469998,0.46142477814199956,0.46142477814199956,False,147
HAI a2,raw_rectified_support,raw data with rectified support,143,P1_FT01_04,25,25,0.010479499775820657,-0.011876489086545438,0.011876489086545438,0.2445520643132448,0.053081265009209816,0.4614239476357462,0.4614239476357462,-0.963773326101536,0.963773326101536,1.8085259043112225,0.4614239476357462,0.4614239476357462,False,148
HAI a2,raw_rectified_support,raw data with rectified support,140,P1_FT01_01,25,25,0.010479499775820657,-0.011338165451870698,0.011338165451870698,0.24519949895837512,0.05067525938712216,0.4608569632895607,0.4608569632895607,-0.9756037026201431,0.9756037026201431,1.8149007541586244,0.4608569632895607,0.4608569632895607,False,149
HAI a2,raw_rectified_support,raw data with rectified support,142,P1_FT01_03,25,25,0.010479499775820657,-0.011701596377430332,0.011701596377430332,0.24455240941353004,0.05229959239762676,0.4606410127988365,0.4606410127988365,-0.965465335126506,0.965465335126506,1.803297942188243,0.4606410127988365,0.4606410127988365,False,150
HAI a2,raw_rectified_support,raw data with rectified support,559,P4_ST_PO_10,25,25,0.010479499775820657,-0.030191290639585238,0.030191290639585238,0.4264304915714945,0.13493818650710787,0.4605664427705664,0.4605664427705664,-1.3721379754152307,1.3721379754152307,1.7445756725837693,0.4605664427705664,0.4605664427705664,False,151
HAI a2,raw_rectified_support,raw data with rectified support,146,P1_FT01_07,25,25,0.010479499775820657,-0.011228571249689845,0.011228571249689845,0.245056022523096,0.050185434587297684,0.46000515353136173,0.46000515353136173,-0.9538380533770969,0.9538380533770969,1.7777080878218883,0.46000515353136173,0.46000515353136173,False,152
HAI a2,raw_rectified_support,raw data with rectified support,149,P1_FT01_10,25,25,0.010479499775820657,-0.011037929108282458,0.011037929108282458,0.24427289161126708,0.04933337082028484,0.45986294531015837,0.45986294531015837,-0.9330034707781663,0.9330034707781663,1.7974929021309483,0.45986294531015837,0.45986294531015837,False,153
HAI a2,raw_rectified_support,raw data with rectified support,144,P1_FT01_05,25,25,0.010479499775820657,-0.011463822367822833,0.011463822367822833,0.24326289912430957,0.05123687553540386,0.4597317753388155,0.4597317753388155,-0.9541884303816763,0.9541884303816763,1.8132672830627752,0.4597317753388155,0.4597317753388155,False,154
HAI a2,raw_rectified_support,raw data with rectified support,145,P1_FT01_06,25,25,0.010479499775820657,-0.011111382465435232,0.011111382465435232,0.2441057544563108,0.04966166625241382,0.4595554479424516,0.4595554479424516,-0.952184749559741,0.952184749559741,1.8009306406247199,0.4595554479424516,0.4595554479424516,False,155
HAI a2,raw_rectified_support,raw data with rectified support,147,P1_FT01_08,25,25,0.010479499775820657,-0.011658665068374596,0.011658665068374596,0.24416932059270977,0.05210771345288362,0.4585364474520587,0.4585364474520587,-0.9461210139816412,0.9461210139816412,1.7701714878257415,0.4585364474520587,0.4585364474520587,False,156
HAI a2,raw_rectified_support,raw data with rectified support,558,P4_ST_PO_09,25,25,0.010479499775820657,-0.0304929017151131,0.0304929017151131,0.42360074930233715,0.13628621935697968,0.4581442695108463,0.4581442695108463,-1.3588092076978948,1.3588092076978948,1.7351940086892317,0.4581442695108463,0.4581442695108463,False,157
HAI a2,raw_rectified_support,raw data with rectified support,148,P1_FT01_09,25,25,0.010479499775820657,-0.011725174190018627,0.011725174190018627,0.24298803117581488,0.052404972035431895,0.4581285717603304,0.4581285717603304,-0.9425574273675443,0.9425574273675443,1.7877117486181628,0.4581285717603304,0.4581285717603304,False,158
HAI a2,raw_rectified_support,raw data with rectified support,181,P1_FT03_02,25,25,0.010479499775820657,0.02191619414891544,0.02191619414891544,0.4464364224168229,0.09795313254064203,0.45671519666055466,0.45671519666055466,0.7247597025184179,0.7247597025184179,1.3059619872976405,0.45671519666055466,0.45671519666055466,False,159
HAI a2,raw_rectified_support,raw data with rectified support,557,P4_ST_PO_08,25,25,0.010479499775820657,-0.030859315262204964,0.030859315262204964,0.42038179729286723,0.1379238830178828,0.45506542726160226,0.45506542726160226,-1.3502691880660955,1.3502691880660955,1.7121102255540086,0.45506542726160226,0.45506542726160226,False,160
HAI a2,raw_rectified_support,raw data with rectified support,185,P1_FT03_06,25,25,0.010479499775820657,0.021467176809234143,0.021467176809234143,0.444639764238368,0.09594627611803523,0.45396592174887423,0.45396592174887423,0.7094475698078162,0.7094475698078162,1.2953269947324935,0.45396592174887423,0.45396592174887423,False,161
HAI a2,raw_rectified_support,raw data with rectified support,194,P1_FT03Z_05,25,25,0.010479499775820657,0.02440913487512393,0.02440913487512393,0.43909160469460734,0.10909518356058835,0.4526270169826084,0.4526270169826084,0.867259118567076,0.867259118567076,1.305553598564434,0.4526270169826084,0.4526270169826084,False,162
HAI a2,raw_rectified_support,raw data with rectified support,556,P4_ST_PO_07,25,25,0.010479499775820657,-0.031179920074973246,0.031179920074973246,0.4175322354462416,0.1393568072521214,0.45192290976111105,0.45192290976111105,-1.3455632730732032,1.3455632730732032,1.7076153642646759,0.45192290976111105,0.45192290976111105,False,163
HAI a2,raw_rectified_support,raw data with rectified support,193,P1_FT03Z_04,25,25,0.010479499775820657,0.024882036545928517,0.024882036545928517,0.436294414346238,0.11120878958744977,0.45020310088578763,0.45020310088578763,0.8718602750164364,0.8718602750164364,1.2947369141193295,0.45020310088578763,0.45020310088578763,False,164
HAI a2,raw_rectified_support,raw data with rectified support,555,P4_ST_PO_06,25,25,0.010479499775820657,-0.03148403973285095,0.03148403973285095,0.41440257156747295,0.14071605206232418,0.448359690489475,0.448359690489475,-1.3398403130231062,1.3398403130231062,1.6978470684658373,0.448359690489475,0.448359690489475,False,165
HAI a2,raw_rectified_support,raw data with rectified support,180,P1_FT03_01,25,25,0.010479499775820657,0.02208061862834685,0.02208061862834685,0.43812429319299534,0.09868801801926279,0.44751111077044553,0.44751111077044553,0.7302743102336462,0.7302743102336462,1.2984840010550882,0.44751111077044553,0.44751111077044553,False,166
HAI a2,raw_rectified_support,raw data with rectified support,390,P2_VXT02_01,25,25,0.010479499775820657,-0.02511081538717387,0.02511081538717387,0.7955541357888113,0.11223130307709732,0.4464473950104209,0.4464473950104209,-0.816481541350652,0.816481541350652,2.540001241800969,0.4464473950104209,0.4464473950104209,False,167
HAI a2,raw_rectified_support,raw data with rectified support,186,P1_FT03_07,25,25,0.010479499775820657,0.021041118600302017,0.021041118600302017,0.4366147853702512,0.09404203417137305,0.44560564065730235,0.44560564065730235,0.6883780260150221,0.6883780260150221,1.274241938875694,0.44560564065730235,0.44560564065730235,False,168
HAI a2,raw_rectified_support,raw data with rectified support,195,P1_FT03Z_06,25,25,0.010479499775820657,0.02445744512077847,0.02445744512077847,0.43196227098881296,0.10931110334408344,0.4455327284435991,0.4455327284435991,0.872962604263416,0.872962604263416,1.3009079384993214,0.4455327284435991,0.4455327284435991,False,169
HAI a2,raw_rectified_support,raw data with rectified support,554,P4_ST_PO_05,25,25,0.010479499775820657,-0.03192113544536164,0.03192113544536164,0.411370261532432,0.14266962547792675,0.44524524829322937,0.44524524829322937,-1.3400770426456319,1.3400770426456319,1.7030158313748545,0.44524524829322937,0.44524524829322937,False,170
HAI a2,raw_rectified_support,raw data with rectified support,587,P4_ST_TT01_08,25,25,0.010479499775820657,0.03115052360344329,0.03115052360344329,0.44150709156907697,0.13922542146257985,0.4443576973704644,0.4443576973704644,1.542047664923237,1.542047664923237,1.8205028313044238,0.4443576973704644,0.4443576973704644,False,171
HAI a2,raw_rectified_support,raw data with rectified support,580,P4_ST_TT01_01,25,25,0.010479499775820657,0.03186815019731007,0.03186815019731007,0.44022335337690066,0.14243281104792904,0.4439860771093549,0.4439860771093549,1.5559323232927689,1.5559323232927689,1.7503835648833563,0.4439860771093549,0.4439860771093549,False,172
HAI a2,raw_rectified_support,raw data with rectified support,582,P4_ST_TT01_03,25,25,0.010479499775820657,0.03152245085298171,0.03152245085298171,0.440739220787539,0.1408877282902147,0.44395899162399294,0.44395899162399294,1.5533122036935287,1.5533122036935287,1.7971868205792632,0.44395899162399294,0.44395899162399294,False,173
HAI a2,raw_rectified_support,raw data with rectified support,583,P4_ST_TT01_04,25,25,0.010479499775820657,0.031561702973516834,0.031561702973516834,0.4396580229064696,0.1410631633196342,0.4436902645820766,0.4436902645820766,1.5453665382956876,1.5453665382956876,1.8003363744100613,0.4436902645820766,0.4436902645820766,False,174
HAI a2,raw_rectified_support,raw data with rectified support,586,P4_ST_TT01_07,25,25,0.010479499775820657,0.031438808820693664,0.031438808820693664,0.44032203001827336,0.14051389517763094,0.4432134431674458,0.4432134431674458,1.5487173016794638,1.5487173016794638,1.7543460870412995,0.4432134431674458,0.4432134431674458,False,175
HAI a2,raw_rectified_support,raw data with rectified support,581,P4_ST_TT01_02,25,25,0.010479499775820657,0.03178023358968654,0.03178023358968654,0.4395952552851504,0.14203987297389317,0.4431613902566892,0.4431613902566892,1.5552902945608744,1.5552902945608744,1.7667827355352594,0.4431613902566892,0.4431613902566892,False,176
HAI a2,raw_rectified_support,raw data with rectified support,192,P1_FT03Z_03,25,25,0.010479499775820657,0.025011709438147012,0.025011709438147012,0.4297022801856221,0.11178835490395046,0.44304421636398483,0.44304421636398483,0.8718058413661663,0.8718058413661663,1.2930771773494456,0.44304421636398483,0.44304421636398483,False,177
HAI a2,raw_rectified_support,raw data with rectified support,553,P4_ST_PO_04,25,25,0.010479499775820657,-0.03238609296644613,0.03238609296644613,0.4087216008789616,0.1447477255978242,0.44284084272022045,0.44284084272022045,-1.334605378037415,1.334605378037415,1.697076181078834,0.44284084272022045,0.44284084272022045,False,178
HAI a2,raw_rectified_support,raw data with rectified support,585,P4_ST_TT01_06,25,25,0.010479499775820657,0.031416641246576026,0.031416641246576026,0.4399536630650684,0.14041481851719914,0.4427871083445525,0.4427871083445525,1.5414102546512374,1.5414102546512374,1.7964831600010784,0.4427871083445525,0.4427871083445525,False,179
HAI a2,raw_rectified_support,raw data with rectified support,584,P4_ST_TT01_05,25,25,0.010479499775820657,0.03148447211988101,0.03148447211988101,0.43888171203560755,0.14071798459056226,0.44220198786618514,0.44220198786618514,1.54671984670999,1.54671984670999,1.7800971570327826,0.44220198786618514,0.44220198786618514,False,180
HAI a2,raw_rectified_support,raw data with rectified support,588,P4_ST_TT01_09,25,25,0.010479499775820657,0.031980452506441534,0.031980452506441534,0.4392430841378985,0.14293473957147787,0.4419917322960069,0.4419917322960069,1.5625482912032795,1.5625482912032795,1.796530823181481,0.4419917322960069,0.4419917322960069,False,181
HAI a2,raw_rectified_support,raw data with rectified support,589,P4_ST_TT01_10,25,25,0.010479499775820657,0.031268010885768804,0.031268010885768804,0.43925642765080014,0.13975052391692366,0.44186752522603034,0.44186752522603034,1.5454705344931003,1.5454705344931003,1.7479976289397572,0.44186752522603034,0.44186752522603034,False,182
HAI a2,raw_rectified_support,raw data with rectified support,552,P4_ST_PO_03,25,25,0.010479499775820657,-0.03277243321774678,0.03277243321774678,0.4059286265504277,0.14647445048373742,0.4407842226186939,0.4407842226186939,-1.3262520082561555,1.3262520082561555,1.7174164187181205,0.4407842226186939,0.4407842226186939,False,183
HAI a2,raw_rectified_support,raw data with rectified support,549,P4_ST_LD_10,25,25,0.010479499775820657,-0.025755927638349198,0.025755927638349198,0.411456821347502,0.11511459409987264,0.4397912103973527,0.4397912103973527,-1.3659773303885925,1.3659773303885925,1.7477045607856498,0.4397912103973527,0.4397912103973527,False,184
HAI a2,raw_rectified_support,raw data with rectified support,551,P4_ST_PO_02,25,25,0.010479499775820657,-0.03308521729342726,0.03308521729342726,0.4028312602807895,0.1478724203964674,0.43893879861190327,0.43893879861190327,-1.3149341718626386,1.3149341718626386,1.7508083772113516,0.43893879861190327,0.43893879861190327,False,185
HAI a2,raw_rectified_support,raw data with rectified support,391,P2_VXT02_02,25,25,0.010479499775820657,0.03558626475123332,0.03558626475123332,0.7959973991097461,0.15905070397345586,0.43849222665094406,0.43849222665094406,-0.6460832031216802,0.6460832031216802,2.695824353251135,0.43849222665094406,0.43849222665094406,False,186
HAI a2,raw_rectified_support,raw data with rectified support,187,P1_FT03_08,25,25,0.010479499775820657,0.02060525241648058,0.02060525241648058,0.42939837850025875,0.09209395606147194,0.43789816206259863,0.43789816206259863,0.6765751219984627,0.6765751219984627,1.278527335434491,0.43789816206259863,0.43789816206259863,False,187
HAI a2,raw_rectified_support,raw data with rectified support,550,P4_ST_PO_01,25,25,0.010479499775820657,-0.03323822294114307,0.03323822294114307,0.4002397460282836,0.14855627008260985,0.4375517018825115,0.4375517018825115,-1.2971382422514246,1.2971382422514246,1.744337039546628,0.4375517018825115,0.4375517018825115,False,188
HAI a2,raw_rectified_support,raw data with rectified support,548,P4_ST_LD_09,25,25,0.010479499775820657,-0.026080793710185488,0.026080793710185488,0.40842960470022016,0.11656656377929403,0.43717385746456044,0.43717385746456044,-1.3493739368808901,1.3493739368808901,1.7117846221007107,0.43717385746456044,0.43717385746456044,False,189
HAI a2,raw_rectified_support,raw data with rectified support,392,P2_VXT02_03,25,25,0.010479499775820657,0.005945663647646512,0.005945663647646512,0.7958110715035934,0.026573791752470714,0.4369007640354684,0.4369007640354684,-0.7187595727835698,0.7187595727835698,2.676024692453817,0.4369007640354684,0.4369007640354684,False,190
HAI a2,raw_rectified_support,raw data with rectified support,196,P1_FT03Z_07,25,25,0.010479499775820657,0.024498834664550374,0.024498834664550374,0.42353068528963056,0.10949609146014676,0.43610315638833524,0.43610315638833524,0.8555897085483161,0.8555897085483161,1.292580490340974,0.43610315638833524,0.43610315638833524,False,191
HAI a2,raw_rectified_support,raw data with rectified support,188,P1_FT03_09,25,25,0.010479499775820657,0.020077118730117718,0.020077118730117718,0.4277348653359454,0.08973349381022658,0.4353944106380033,0.4353944106380033,0.6457712404313125,0.6457712404313125,1.2685166544673132,0.4353944106380033,0.4353944106380033,False,192
HAI a2,raw_rectified_support,raw data with rectified support,547,P4_ST_LD_08,25,25,0.010479499775820657,-0.02641578980354112,0.02641578980354112,0.4048694751097988,0.11806380899030552,0.43354827974821636,0.43354827974821636,-1.3323994976881042,1.3323994976881042,1.6953022780000078,0.43354827974821636,0.43354827974821636,False,193
HAI a2,raw_rectified_support,raw data with rectified support,189,P1_FT03_10,25,25,0.010479499775820657,0.02010097979454607,0.02010097979454607,0.4254262408689034,0.08984013942536531,0.43315919559633653,0.43315919559633653,0.6383485558082378,0.6383485558082378,1.273265352515716,0.43315919559633653,0.43315919559633653,False,194
HAI a2,raw_rectified_support,raw data with rectified support,191,P1_FT03Z_02,25,25,0.010479499775820657,0.024998886547319896,0.024998886547319896,0.4201653482420399,0.11173104375237879,0.432945455705371,0.432945455705371,0.8738719537727997,0.8738719537727997,1.27657256607841,0.432945455705371,0.432945455705371,False,195
HAI a2,raw_rectified_support,raw data with rectified support,546,P4_ST_LD_07,25,25,0.010479499775820657,-0.02683993604077131,0.02683993604077131,0.40111740066058016,0.1199595054926145,0.4290184042249026,0.4290184042249026,-1.3330517384212581,1.3330517384212581,1.7354046344728318,0.4290184042249026,0.4290184042249026,False,196
HAI a2,raw_rectified_support,raw data with rectified support,197,P1_FT03Z_08,25,25,0.010479499775820657,0.024185588590116783,0.024185588590116783,0.41646535086367287,0.10809605667133523,0.42829980317921545,0.42829980317921545,0.8346598405314474,0.8346598405314474,1.2649298375535893,0.42829980317921545,0.42829980317921545,False,197
HAI a2,raw_rectified_support,raw data with rectified support,190,P1_FT03Z_01,25,25,0.010479499775820657,0.02490999240638197,0.02490999240638197,0.41530890356753125,0.1113337366510539,0.4281908084422226,0.4281908084422226,0.8761418777950675,0.8761418777950675,1.2719075285903267,0.4281908084422226,0.4281908084422226,False,198
HAI a2,raw_rectified_support,raw data with rectified support,545,P4_ST_LD_06,25,25,0.010479499775820657,-0.026894864780088654,0.026894864780088654,0.3976050033154348,0.12020500624179034,0.42475179563957294,0.42475179563957294,-1.3238691144650145,1.3238691144650145,1.687837219434522,0.42475179563957294,0.42475179563957294,False,199
HAI a2,raw_rectified_support,raw data with rectified support,198,P1_FT03Z_09,25,25,0.010479499775820657,0.023721370402542723,0.023721370402542723,0.4117034892970584,0.10602126095880188,0.42333314215189394,0.42333314215189394,0.8288054689875812,0.8288054689875812,1.2605462528326266,0.42333314215189394,0.42333314215189394,False,200
HAI a2,raw_rectified_support,raw data with rectified support,544,P4_ST_LD_05,25,25,0.010479499775820657,-0.02740200660731735,0.02740200660731735,0.3941796363500894,0.12247164662113258,0.42070550148726144,0.42070550148726144,-1.3244020863859105,1.3244020863859105,1.72648897780598,0.42070550148726144,0.42070550148726144,False,201
HAI a2,raw_rectified_support,raw data with rectified support,199,P1_FT03Z_10,25,25,0.010479499775820657,0.02312894000116831,0.02312894000116831,0.40915586586905356,0.10337342834550092,0.42034330675076054,0.42034330675076054,0.7959231193756121,0.7959231193756121,1.2369804476286208,0.42034330675076054,0.42034330675076054,False,202
HAI a2,raw_rectified_support,raw data with rectified support,543,P4_ST_LD_04,25,25,0.010479499775820657,-0.028104272847405708,0.028104272847405708,0.39192357829545266,0.12561038401444033,0.4179338617010946,0.4179338617010946,-1.320352893594078,1.320352893594078,1.7393403037240722,0.4179338617010946,0.4179338617010946,False,203
HAI a2,raw_rectified_support,raw data with rectified support,529,P4_LD_10,25,25,0.010479499775820657,-0.03508725959603272,0.03508725959603272,0.3957081961389072,0.1568204299681379,0.4154477206458407,0.4154477206458407,-1.5376866934966247,1.5376866934966247,1.625900479482374,0.4154477206458407,0.4154477206458407,False,204
HAI a2,raw_rectified_support,raw data with rectified support,542,P4_ST_LD_03,25,25,0.010479499775820657,-0.028542274294450914,0.028542274294450914,0.38891770381120105,0.12756800555693498,0.41543530713232907,0.41543530713232907,-1.3078895670359403,1.3078895670359403,1.7426348278258397,0.41543530713232907,0.41543530713232907,False,205
HAI a2,raw_rectified_support,raw data with rectified support,29,P1_B3004_10,25,25,0.010479499775820657,0.09658709536645552,0.09658709536645552,0.2958878730104169,0.43169030580130374,0.41522671147770324,0.41522671147770324,2.657650315517039,2.657650315517039,2.893022952717652,0.41522671147770324,0.41522671147770324,False,206
HAI a2,raw_rectified_support,raw data with rectified support,28,P1_B3004_09,25,25,0.010479499775820657,0.09658901219966348,0.09658901219966348,0.2959101368810276,0.4316988729738704,0.4151867746283395,0.4151867746283395,2.6574116496706535,2.6574116496706535,2.892962467880075,0.4151867746283395,0.4151867746283395,False,207
HAI a2,raw_rectified_support,raw data with rectified support,27,P1_B3004_08,25,25,0.010479499775820657,0.09658996416435127,0.09658996416435127,0.2959320533896539,0.4317031277236962,0.4151552611096328,0.4151552611096328,2.657127934164647,2.657127934164647,2.8928693115397226,0.4151552611096328,0.4151552611096328,False,208
HAI a2,raw_rectified_support,raw data with rectified support,26,P1_B3004_07,25,25,0.010479499775820657,0.0965903626932871,0.0965903626932871,0.2959522737541055,0.4317049089251861,0.41512136984955256,0.41512136984955256,2.6568290026298556,2.6568290026298556,2.8927595831886856,0.41512136984955256,0.41512136984955256,False,209
HAI a2,raw_rectified_support,raw data with rectified support,25,P1_B3004_06,25,25,0.010479499775820657,0.09659020782551442,0.09659020782551442,0.2959707982766944,0.43170421675284265,0.41508510065793464,0.41508510065793464,2.656514853131611,2.656514853131611,2.892633282831433,0.41508510065793464,0.41508510065793464,False,210
HAI a2,raw_rectified_support,raw data with rectified support,24,P1_B3004_05,25,25,0.010479499775820657,0.09658949964312212,0.09658949964312212,0.295987625864011,0.43170105157355726,0.4150464564391626,0.4150464564391626,2.656185509922401,2.656185509922401,2.8924904215295113,0.4150464564391626,0.4150464564391626,False,211
HAI a2,raw_rectified_support,raw data with rectified support,23,P1_B3004_04,25,25,0.010479499775820657,0.09658823825728892,0.09658823825728892,0.29600275703959933,0.4316954138842365,0.4150054373127013,0.4150054373127013,2.655840973048356,2.655840973048356,2.89233100144551,0.4150054373127013,0.4150054373127013,False,212
HAI a2,raw_rectified_support,raw data with rectified support,22,P1_B3004_03,25,25,0.010479499775820657,0.09658816821363393,0.09658816821363393,0.29600287552190113,0.4316951008282664,0.4150050862643734,0.4150050862643734,2.6558346724765003,2.6558346724765003,2.892326593433847,0.4150050862643734,0.4150050862643734,False,213
HAI a2,raw_rectified_support,raw data with rectified support,21,P1_B3004_02,25,25,0.010479499775820657,0.09658809836869663,0.09658809836869663,0.29600299349506637,0.4316947886604532,0.4150047362380034,0.4150047362380034,2.6558283920514185,2.6558283920514185,2.892322199128007,0.4150047362380034,0.4150047362380034,False,214
HAI a2,raw_rectified_support,raw data with rectified support,20,P1_B3004_01,25,25,0.010479499775820657,0.09658802848749208,0.09658802848749208,0.2960031113568749,0.4316944763305457,0.4150043860558378,0.4150043860558378,2.6558221106319113,2.6558221106319113,2.8923178037377513,0.4150043860558378,0.4150043860558378,False,215
HAI a2,raw_rectified_support,raw data with rectified support,528,P4_LD_09,25,25,0.010479499775820657,-0.03485083540028336,0.03485083540028336,0.39376041570966297,0.15576374601905918,0.4136116633137088,0.4136116633137088,-1.528066764525531,1.528066764525531,1.604528366347689,0.4136116633137088,0.4136116633137088,False,216
HAI a2,raw_rectified_support,raw data with rectified support,541,P4_ST_LD_02,25,25,0.010479499775820657,-0.028804528208907693,0.028804528208907693,0.38632358199469385,0.1287401339049291,0.4131866694732621,0.4131866694732621,-1.2984388771069542,1.2984388771069542,1.7382154155046825,0.4131866694732621,0.4131866694732621,False,217
HAI a2,raw_rectified_support,raw data with rectified support,540,P4_ST_LD_01,25,25,0.010479499775820657,-0.02907518782627672,0.02907518782627672,0.3830204097483945,0.12994983104456043,0.41128288915482863,0.41128288915482863,-1.2727483077872743,1.2727483077872743,1.7060592317290273,0.41128288915482863,0.41128288915482863,False,218
HAI a2,raw_rectified_support,raw data with rectified support,527,P4_LD_08,25,25,0.010479499775820657,-0.03466142530770331,0.03466142530770331,0.3913572172166368,0.1549171888213558,0.41079294220074997,0.41079294220074997,-1.5173410205676285,1.5173410205676285,1.6088224025331581,0.41079294220074997,0.41079294220074997,False,219
HAI a2,raw_rectified_support,raw data with rectified support,309,P1_TIT02_10,25,25,0.010479499775820657,0.001790177772126219,0.001790177772126219,0.39433577203776565,0.008001093592843012,0.40975946397154706,0.40975946397154706,0.33409082189147365,0.33409082189147365,1.2628669259823875,0.40975946397154706,0.40975946397154706,False,220
HAI a2,raw_rectified_support,raw data with rectified support,308,P1_TIT02_09,25,25,0.010479499775820657,0.001735462983651109,0.001735462983651109,0.39331197279534225,0.007756549084292887,0.4083537892006311,0.4083537892006311,0.33002300830803777,0.33002300830803777,1.2564335707672407,0.4083537892006311,0.4083537892006311,False,221
HAI a2,raw_rectified_support,raw data with rectified support,307,P1_TIT02_08,25,25,0.010479499775820657,0.0017660583417876575,0.0017660583417876575,0.39306277867533274,0.00789329322656113,0.4079115341709733,0.4079115341709733,0.32872884190415863,0.32872884190415863,1.2470560797065708,0.4079115341709733,0.4079115341709733,False,222
HAI a2,raw_rectified_support,raw data with rectified support,526,P4_LD_07,25,25,0.010479499775820657,-0.03445016225757987,0.03445016225757987,0.38912421263271046,0.15397296112337724,0.4078407726161738,0.4078407726161738,-1.5119764587673443,1.5119764587673443,1.6037475823050265,0.4078407726161738,0.4078407726161738,False,223
HAI a2,raw_rectified_support,raw data with rectified support,306,P1_TIT02_07,25,25,0.010479499775820657,0.0017022834327139736,0.0017022834327139736,0.3925925412604773,0.007608255045259423,0.40747075789115406,0.40747075789115406,0.32840545529642556,0.32840545529642556,1.2477586843734498,0.40747075789115406,0.40747075789115406,False,224
HAI a2,raw_rectified_support,raw data with rectified support,305,P1_TIT02_06,25,25,0.010479499775820657,0.0017468634150478851,0.0017468634150478851,0.39216584067447663,0.0078075026376352745,0.4070328885752172,0.4070328885752172,0.3287023467910297,0.3287023467910297,1.2466082313280338,0.4070328885752172,0.4070328885752172,False,225
HAI a2,raw_rectified_support,raw data with rectified support,304,P1_TIT02_05,25,25,0.010479499775820657,0.0017533484733540247,0.0017533484733540247,0.3918361029514541,0.007836487221887395,0.4066973473338688,0.4066973473338688,0.3273838031284914,0.3273838031284914,1.2489199322740108,0.4066973473338688,0.4066973473338688,False,226
HAI a2,raw_rectified_support,raw data with rectified support,303,P1_TIT02_04,25,25,0.010479499775820657,0.0017268934056501983,0.0017268934056501983,0.3913832135330269,0.007718247862646604,0.4062200447097088,0.4062200447097088,0.3262458968990698,0.3262458968990698,1.244910917503638,0.4062200447097088,0.4062200447097088,False,227
HAI a2,raw_rectified_support,raw data with rectified support,302,P1_TIT02_03,25,25,0.010479499775820657,0.0017169653356058994,0.0017169653356058994,0.39097913685888425,0.0076738749412208224,0.4058558703946226,0.4058558703946226,0.32609899578844714,0.32609899578844714,1.2432663848747465,0.4058558703946226,0.4058558703946226,False,228
HAI a2,raw_rectified_support,raw data with rectified support,301,P1_TIT02_02,25,25,0.010479499775820657,0.0016958057645307617,0.0016958057645307617,0.39059332738057995,0.007579303490724311,0.40532943275990396,0.40532943275990396,0.32503936965602664,0.32503936965602664,1.239340984906151,0.40532943275990396,0.40532943275990396,False,229
HAI a2,raw_rectified_support,raw data with rectified support,300,P1_TIT02_01,25,25,0.010479499775820657,0.001710874720673556,0.001710874720673556,0.3901558001569705,0.007646653298280989,0.40494963078185914,0.40494963078185914,0.32392021253681474,0.32392021253681474,1.241898969882337,0.40494963078185914,0.40494963078185914,False,230
HAI a2,raw_rectified_support,raw data with rectified support,525,P4_LD_06,25,25,0.010479499775820657,-0.034154810506072095,0.034154810506072095,0.38663394957156305,0.15265290395172715,0.4040630691211215,0.4040630691211215,-1.5081987573058333,1.5081987573058333,1.5953706389544422,0.4040630691211215,0.4040630691211215,False,231
HAI a2,raw_rectified_support,raw data with rectified support,524,P4_LD_05,25,25,0.010479499775820657,-0.03410612907309783,0.03410612907309783,0.3844956930733673,0.15243532516847694,0.40099974586067444,0.40099974586067444,-1.5112585963374245,1.5112585963374245,1.5921287440043144,0.40099974586067444,0.40099974586067444,False,232
HAI a2,raw_rectified_support,raw data with rectified support,523,P4_LD_04,25,25,0.010479499775820657,-0.034023453634807334,0.034023453634807334,0.38225568392749026,0.152065812190553,0.3985239205122547,0.3985239205122547,-1.5032309968860806,1.5032309968860806,1.6024290937227228,0.3985239205122547,0.3985239205122547,False,233
HAI a2,raw_rectified_support,raw data with rectified support,89,P1_FCV01D_10,25,25,0.010479499775820657,0.0030721731394333517,0.0030721731394333517,0.29859905191885444,0.013730896006394771,0.3968859625494271,0.3968859625494271,0.9466468443917113,0.9466468443917113,2.0505633818189746,0.3968859625494271,0.3968859625494271,False,234
HAI a2,raw_rectified_support,raw data with rectified support,522,P4_LD_03,25,25,0.010479499775820657,-0.03384467525451718,0.03384467525451718,0.38004296171114416,0.1512667728016439,0.39647022236873897,0.39647022236873897,-1.4909482773516913,1.4909482773516913,1.5898615379031988,0.39647022236873897,0.39647022236873897,False,235
HAI a2,raw_rectified_support,raw data with rectified support,88,P1_FCV01D_09,25,25,0.010479499775820657,0.0030979494205362677,0.0030979494205362677,0.29800096323819747,0.013846101569099814,0.39557237666340345,0.39557237666340345,0.9420404521941644,0.9420404521941644,2.032859558423651,0.39557237666340345,0.39557237666340345,False,236
HAI a2,raw_rectified_support,raw data with rectified support,87,P1_FCV01D_08,25,25,0.010479499775820657,0.0031527635158953627,0.0031527635158953627,0.29786552501854024,0.014091089923889988,0.39539517461180246,0.39539517461180246,0.943764879011686,0.943764879011686,2.030173024254525,0.39539517461180246,0.39539517461180246,False,237
HAI a2,raw_rectified_support,raw data with rectified support,86,P1_FCV01D_07,25,25,0.010479499775820657,0.0031817008138750207,0.0031817008138750207,0.29764318420142677,0.014220423464426713,0.3951620304809752,0.3951620304809752,0.9449494982481725,0.9449494982481725,2.033617391398662,0.3951620304809752,0.3951620304809752,False,238
HAI a2,raw_rectified_support,raw data with rectified support,85,P1_FCV01D_06,25,25,0.010479499775820657,0.0032006399596861486,0.0032006399596861486,0.29742388095725536,0.014305070855631529,0.3949935468715811,0.3949935468715811,0.9459993051808195,0.9459993051808195,2.0394781069932897,0.3949935468715811,0.3949935468715811,False,239
HAI a2,raw_rectified_support,raw data with rectified support,521,P4_LD_02,25,25,0.010479499775820657,-0.033534032741028875,0.033534032741028875,0.37785729489325637,0.14987837447437394,0.39494616407074845,0.39494616407074845,-1.476312320324182,1.476312320324182,1.605887715083664,0.39494616407074845,0.39494616407074845,False,240
HAI a2,raw_rectified_support,raw data with rectified support,84,P1_FCV01D_05,25,25,0.010479499775820657,0.003191935269001064,0.003191935269001064,0.2971215153405013,0.014266165755840578,0.39477171905837743,0.39477171905837743,0.9458787092661687,0.9458787092661687,2.0389542836556087,0.39477171905837743,0.39477171905837743,False,241
HAI a2,raw_rectified_support,raw data with rectified support,83,P1_FCV01D_04,25,25,0.010479499775820657,0.003208228512441621,0.003208228512441621,0.2969021663643942,0.01433898744300969,0.39462815726734,0.39462815726734,0.9462861494462069,0.9462861494462069,2.0365374754211496,0.39462815726734,0.39462815726734,False,242
HAI a2,raw_rectified_support,raw data with rectified support,82,P1_FCV01D_03,25,25,0.010479499775820657,0.0032184520844196784,0.0032184520844196784,0.2968148145361009,0.014384681092837802,0.39454794540901944,0.39454794540901944,0.9464578498225132,0.9464578498225132,2.0386283031730055,0.39454794540901944,0.39454794540901944,False,243
HAI a2,raw_rectified_support,raw data with rectified support,81,P1_FCV01D_02,25,25,0.010479499775820657,0.003224308098807689,0.003224308098807689,0.29676711318839677,0.014410854202530621,0.3944547732482141,0.3944547732482141,0.9461807142771398,0.9461807142771398,2.041714297806858,0.3944547732482141,0.3944547732482141,False,244
HAI a2,raw_rectified_support,raw data with rectified support,80,P1_FCV01D_01,25,25,0.010479499775820657,0.00325302092272845,0.00325302092272845,0.29676617898690505,0.01453918446954761,0.394349843122717,0.394349843122717,0.9469937364000035,0.9469937364000035,2.0412050576442358,0.394349843122717,0.394349843122717,False,245
HAI a2,raw_rectified_support,raw data with rectified support,99,P1_FCV01Z_10,25,25,0.010479499775820657,0.0031385518527366524,0.0031385518527366524,0.29703790944826053,0.014027571736582955,0.394128951121849,0.394128951121849,0.9452085902367166,0.9452085902367166,2.031145225430236,0.394128951121849,0.394128951121849,False,246
HAI a2,raw_rectified_support,raw data with rectified support,520,P4_LD_01,25,25,0.010479499775820657,-0.03315701821258186,0.03315701821258186,0.37557605972649627,0.14819333035477045,0.3941150476067238,0.3941150476067238,-1.4523611312851852,1.4523611312851852,1.595189661552074,0.3941150476067238,0.3941150476067238,False,247
HAI a2,raw_rectified_support,raw data with rectified support,98,P1_FCV01Z_09,25,25,0.010479499775820657,0.003159889097944066,0.003159889097944066,0.29623258018859966,0.014122937291097235,0.3928232682918394,0.3928232682918394,0.9418326621190174,0.9418326621190174,2.021329066646987,0.3928232682918394,0.3928232682918394,False,248
HAI a2,raw_rectified_support,raw data with rectified support,97,P1_FCV01Z_08,25,25,0.010479499775820657,0.003190454709840331,0.003190454709840331,0.29595342873402136,0.014259548484305197,0.39260832815276675,0.39260832815276675,0.9434147105104405,0.9434147105104405,2.0354761187442603,0.39260832815276675,0.39260832815276675,False,249
HAI a2,raw_rectified_support,raw data with rectified support,95,P1_FCV01Z_06,25,25,0.010479499775820657,0.003186044988442529,0.003186044988442529,0.29580685817125985,0.014239839495526797,0.39258134751739,0.39258134751739,0.9434670784694565,0.9434670784694565,2.0382660995099426,0.39258134751739,0.39258134751739,False,250
HAI a2,raw_rectified_support,raw data with rectified support,229,P1_LIT01_10,25,25,0.010479499775820657,0.062443488538611466,0.062443488538611466,0.3093014624235512,0.27908747602627704,0.3925805316147253,0.3925805316147253,2.062333279473519,2.062333279473519,2.7495718375244165,0.3925805316147253,0.3925805316147253,False,251
HAI a2,raw_rectified_support,raw data with rectified support,94,P1_FCV01Z_05,25,25,0.010479499775820657,0.0031749244563584354,0.0031749244563584354,0.2957705196912159,0.01419013693559535,0.39254944567566685,0.39254944567566685,0.943458738879843,0.943458738879843,2.0304506304156966,0.39254944567566685,0.39254944567566685,False,252
HAI a2,raw_rectified_support,raw data with rectified support,96,P1_FCV01Z_07,25,25,0.010479499775820657,0.003204997698091029,0.003204997698091029,0.29576451012290667,0.014324547509499911,0.39252857338853053,0.39252857338853053,0.9440641951474138,0.9440641951474138,2.0349710526914033,0.39252857338853053,0.39252857338853053,False,253
HAI a2,raw_rectified_support,raw data with rectified support,93,P1_FCV01Z_04,25,25,0.010479499775820657,0.0032193921742324316,0.0032193921742324316,0.29580622514079796,0.014388882768612485,0.3924369745392125,0.3924369745392125,0.9438461274579921,0.9438461274579921,2.0324347089961843,0.3924369745392125,0.3924369745392125,False,254
HAI a2,raw_rectified_support,raw data with rectified support,92,P1_FCV01Z_03,25,25,0.010479499775820657,0.0032447787997275557,0.0032447787997275557,0.2957856917402627,0.01450234678864201,0.3923739020388292,0.3923739020388292,0.9445970175997589,0.9445970175997589,2.0313132271385843,0.3923739020388292,0.3923739020388292,False,255
HAI a2,raw_rectified_support,raw data with rectified support,91,P1_FCV01Z_02,25,25,0.010479499775820657,0.0032680511103029553,0.0032680511103029553,0.2955890612498864,0.01460636100328301,0.3921944809721619,0.3921944809721619,0.9463536909649795,0.9463536909649795,2.0355792141662663,0.3921944809721619,0.3921944809721619,False,256
HAI a2,raw_rectified_support,raw data with rectified support,90,P1_FCV01Z_01,25,25,0.010479499775820657,0.0032752430133764364,0.0032752430133764364,0.2953527135690507,0.014638504788384996,0.39192142597728374,0.39192142597728374,0.9478492960562257,0.9478492960562257,2.0424164076648057,0.39192142597728374,0.39192142597728374,False,257
HAI a2,raw_rectified_support,raw data with rectified support,228,P1_LIT01_09,25,25,0.010479499775820657,0.06276780253335111,0.06276780253335111,0.30859025105315785,0.2805369782297921,0.391619799746901,0.391619799746901,2.0669660468163586,2.0669660468163586,2.7513451697412736,0.391619799746901,0.391619799746901,False,258
HAI a2,raw_rectified_support,raw data with rectified support,227,P1_LIT01_08,25,25,0.010479499775820657,0.06314902792470897,0.06314902792470897,0.3080577304777044,0.2822408425519369,0.3908689544237993,0.3908689544237993,2.0729278078175857,2.0729278078175857,2.7541476490199788,0.3908689544237993,0.3908689544237993,False,259
HAI a2,raw_rectified_support,raw data with rectified support,226,P1_LIT01_07,25,25,0.010479499775820657,0.06356480517381105,0.06356480517381105,0.3074872162604019,0.2840991343571633,0.3899456333185447,0.3899456333185447,2.07880748310967,2.07880748310967,2.75660349700318,0.3899456333185447,0.3899456333185447,False,260
HAI a2,raw_rectified_support,raw data with rectified support,225,P1_LIT01_06,25,25,0.010479499775820657,0.06394172594837028,0.06394172594837028,0.3068457116601838,0.2857837594493145,0.3890866611891869,0.3890866611891869,2.085683999383579,2.085683999383579,2.7608743655014494,0.3890866611891869,0.3890866611891869,False,261
HAI a2,raw_rectified_support,raw data with rectified support,224,P1_LIT01_05,25,25,0.010479499775820657,0.06429235213907501,0.06429235213907501,0.30623772297235535,0.2873508624552906,0.38839892169238477,0.38839892169238477,2.0924420356501923,2.0924420356501923,2.7636054437638333,0.38839892169238477,0.38839892169238477,False,262
HAI a2,raw_rectified_support,raw data with rectified support,223,P1_LIT01_04,25,25,0.010479499775820657,0.06466200430419738,0.06466200430419738,0.3055573864966502,0.28900300092778897,0.3875454363912442,0.3875454363912442,2.0987807956130524,2.0987807956130524,2.7673493438921737,0.3875454363912442,0.3875454363912442,False,263
HAI a2,raw_rectified_support,raw data with rectified support,222,P1_LIT01_03,25,25,0.010479499775820657,0.06506701342082191,0.06506701342082191,0.3048251706613221,0.29081316520226697,0.38668128762534093,0.38668128762534093,2.104425323940431,2.104425323940431,2.7678839475114607,0.38668128762534093,0.38668128762534093,False,264
HAI a2,raw_rectified_support,raw data with rectified support,221,P1_LIT01_02,25,25,0.010479499775820657,0.06549644471563408,0.06549644471563408,0.304045609439818,0.29273248295661886,0.385658576979744,0.385658576979744,2.1100702085763388,2.1100702085763388,2.7698255807402266,0.385658576979744,0.385658576979744,False,265
HAI a2,raw_rectified_support,raw data with rectified support,220,P1_LIT01_01,25,25,0.010479499775820657,0.06589457091032552,0.06589457091032552,0.30326654863378416,0.29451188441891346,0.38473497171688337,0.38473497171688337,2.116138916276863,2.116138916276863,2.769707543134871,0.38473497171688337,0.38473497171688337,False,266
HAI a2,raw_rectified_support,raw data with rectified support,169,P1_FT02_10,25,25,0.010479499775820657,-0.00805894552873777,0.00805894552873777,0.2646293541247789,0.03601898003597172,0.3816963405980401,0.3816963405980401,0.7405955735633435,0.7405955735633435,1.9812371824408275,0.3816963405980401,0.3816963405980401,False,267
HAI a2,raw_rectified_support,raw data with rectified support,162,P1_FT02_03,25,25,0.010479499775820657,-0.008111773115436377,0.008111773115436377,0.26431910941610354,0.03625508980788423,0.3811211708262238,0.3811211708262238,0.7376521689190216,0.7376521689190216,1.9795709868454332,0.3811211708262238,0.3811211708262238,False,268
HAI a2,raw_rectified_support,raw data with rectified support,163,P1_FT02_04,25,25,0.010479499775820657,-0.008139943704199626,0.008139943704199626,0.2643915524780838,0.03638099658695933,0.3811100448323965,0.3811100448323965,0.7360239033859632,0.7360239033859632,1.9772422191617693,0.3811100448323965,0.3811100448323965,False,269
HAI a2,raw_rectified_support,raw data with rectified support,161,P1_FT02_02,25,25,0.010479499775820657,-0.00807993580064871,0.00807993580064871,0.2641248794061574,0.036112794813874576,0.380941595771337,0.380941595771337,0.7400510035547737,0.7400510035547737,1.9774427233713154,0.380941595771337,0.380941595771337,False,270
HAI a2,raw_rectified_support,raw data with rectified support,164,P1_FT02_05,25,25,0.010479499775820657,-0.00816483148704574,0.00816483148704574,0.26408031977560614,0.03649223105929534,0.3809174991887614,0.3809174991887614,0.7354720138437939,0.7354720138437939,1.9749233383415048,0.3809174991887614,0.3809174991887614,False,271
HAI a2,raw_rectified_support,raw data with rectified support,168,P1_FT02_09,25,25,0.010479499775820657,-0.00808836582324841,0.00808836582324841,0.2641762049889905,0.03615047230091536,0.3808012742165372,0.3808012742165372,0.7386836193633571,0.7386836193633571,1.9744565763617152,0.3808012742165372,0.3808012742165372,False,272
HAI a2,raw_rectified_support,raw data with rectified support,160,P1_FT02_01,25,25,0.010479499775820657,-0.008095019203009866,0.008095019203009866,0.26405164289630584,0.036180209187949154,0.3807612899225565,0.3807612899225565,0.7413446987444879,0.7413446987444879,1.9781509589710164,0.3807612899225565,0.3807612899225565,False,273
HAI a2,raw_rectified_support,raw data with rectified support,165,P1_FT02_06,25,25,0.010479499775820657,-0.008177674572170833,0.008177674572170833,0.2638227637120841,0.036549632468086526,0.38072083903010645,0.38072083903010645,0.7377838660464002,0.7377838660464002,1.9779772329896461,0.38072083903010645,0.38072083903010645,False,274
HAI a2,raw_rectified_support,raw data with rectified support,167,P1_FT02_08,25,25,0.010479499775820657,-0.008104553477300054,0.008104553477300054,0.26371408551847947,0.0362228220625605,0.3805943368557829,0.3805943368557829,0.7418163574216794,0.7418163574216794,1.9818124435426827,0.3805943368557829,0.3805943368557829,False,275
HAI a2,raw_rectified_support,raw data with rectified support,166,P1_FT02_07,25,25,0.010479499775820657,-0.008178736839032778,0.008178736839032778,0.26348846417947486,0.03655438020695098,0.38045688675909206,0.38045688675909206,0.7385707908602708,0.7385707908602708,1.980902693801824,0.38045688675909206,0.38045688675909206,False,276
HAI a2,raw_rectified_support,raw data with rectified support,381,P2_VT01e_02,25,25,0.010479499775820657,0.011842647227936926,0.011842647227936926,0.695661032251193,0.05293001082524077,0.354836761111826,0.354836761111826,-0.27629003577082867,0.27629003577082867,2.1809024087230595,0.354836761111826,0.354836761111826,False,277
HAI a2,raw_rectified_support,raw data with rectified support,150,P1_FT01Z_01,25,25,0.010479499775820657,-0.02382464213891764,0.02382464213891764,0.2140777865061164,0.10648282787193013,0.3526246963147196,0.3526246963147196,-0.5529109113998918,0.5529109113998918,1.1756545504719735,0.3526246963147196,0.3526246963147196,False,278
HAI a2,raw_rectified_support,raw data with rectified support,59,P1_B4005_10,25,25,0.010479499775820657,-0.007455069756046514,0.007455069756046514,0.22707220055209137,0.033319993013015616,0.3519151012954127,0.3519151012954127,0.8158782756099198,0.8158782756099198,2.0465317584186713,0.3519151012954127,0.3519151012954127,False,279
HAI a2,raw_rectified_support,raw data with rectified support,50,P1_B4005_01,25,25,0.010479499775820657,-0.007418917513384357,0.007418917513384357,0.22718539681659944,0.03315841270426922,0.3517154892279476,0.3517154892279476,0.8195067616417047,0.8195067616417047,2.0467590405751976,0.3517154892279476,0.3517154892279476,False,280
HAI a2,raw_rectified_support,raw data with rectified support,51,P1_B4005_02,25,25,0.010479499775820657,-0.007423102774382553,0.007423102774382553,0.22713520987085442,0.03317711848057727,0.35166729581970013,0.35166729581970013,0.8188775851615849,0.8188775851615849,2.0460701867901667,0.35166729581970013,0.35166729581970013,False,281
HAI a2,raw_rectified_support,raw data with rectified support,52,P1_B4005_03,25,25,0.010479499775820657,-0.007426816348029524,0.007426816348029524,0.2270840758282547,0.03319371607818795,0.35161780490633177,0.35161780490633177,0.8182509966479047,0.8182509966479047,2.046084886211405,0.35161780490633177,0.35161780490633177,False,282
HAI a2,raw_rectified_support,raw data with rectified support,53,P1_B4005_04,25,25,0.010479499775820657,-0.007431281229947244,0.007431281229947244,0.22703975960967462,0.033213671603645196,0.35156965927643324,0.35156965927643324,0.8176331239582779,0.8176331239582779,2.04466383719987,0.35156965927643324,0.35156965927643324,False,283
HAI a2,raw_rectified_support,raw data with rectified support,54,P1_B4005_05,25,25,0.010479499775820657,-0.007436019730727816,0.007436019730727816,0.2269938118096833,0.03323485005241461,0.3515263133815612,0.3515263133815612,0.8169725982700816,0.8169725982700816,2.044402149690104,0.3515263133815612,0.3515263133815612,False,284
HAI a2,raw_rectified_support,raw data with rectified support,55,P1_B4005_06,25,25,0.010479499775820657,-0.007440358122771239,0.007440358122771239,0.22694615044466582,0.03325424023886556,0.35147908863994026,0.35147908863994026,0.8163387190113807,0.8163387190113807,2.043756576435912,0.35147908863994026,0.35147908863994026,False,285
HAI a2,raw_rectified_support,raw data with rectified support,56,P1_B4005_07,25,25,0.010479499775820657,-0.007444128590742391,0.007444128590742391,0.22690135525391925,0.03327109212229062,0.35143031303777506,0.35143031303777506,0.8156301853360606,0.8156301853360606,2.0428891716528543,0.35143031303777506,0.35143031303777506,False,286
HAI a2,raw_rectified_support,raw data with rectified support,57,P1_B4005_08,25,25,0.010479499775820657,-0.007448548090020695,0.007448548090020695,0.2268564344737185,0.03329084481272718,0.35138590376603046,0.35138590376603046,0.8149758077320889,0.8149758077320889,2.042554303938583,0.35138590376603046,0.35138590376603046,False,287
HAI a2,raw_rectified_support,raw data with rectified support,58,P1_B4005_09,25,25,0.010479499775820657,-0.0074552162895004815,0.0074552162895004815,0.22681165717438648,0.03332064793561488,0.351332979871192,0.351332979871192,0.8142383416632901,0.8142383416632901,2.0416131277521177,0.351332979871192,0.351332979871192,False,288
HAI a2,raw_rectified_support,raw data with rectified support,152,P1_FT01Z_03,25,25,0.010479499775820657,-0.022363348816938692,0.022363348816938692,0.21379262818559094,0.09995166386252376,0.3499450717700605,0.3499450717700605,-0.5510112461038783,0.5510112461038783,1.1177553440468613,0.3499450717700605,0.3499450717700605,False,289
HAI a2,raw_rectified_support,raw data with rectified support,151,P1_FT01Z_02,25,25,0.010479499775820657,-0.022822585420973353,0.022822585420973353,0.21262042235311523,0.10200419468228507,0.3498680330904989,0.3498680330904989,-0.5496899198387672,0.5496899198387672,1.1449027581814348,0.3498680330904989,0.3498680330904989,False,290
HAI a2,raw_rectified_support,raw data with rectified support,153,P1_FT01Z_04,25,25,0.010479499775820657,-0.022876783997096556,0.022876783997096556,0.21119218570112014,0.10224643201028268,0.34851330604235037,0.34851330604235037,-0.5407091399951247,0.5407091399951247,1.146409977199927,0.34851330604235037,0.34851330604235037,False,291
HAI a2,raw_rectified_support,raw data with rectified support,154,P1_FT01Z_05,25,25,0.010479499775820657,-0.023816655141033198,0.023816655141033198,0.20905899209020792,0.1064471304576318,0.3476545261340621,0.3476545261340621,-0.5303320954921897,0.5303320954921897,1.142446627857154,0.3476545261340621,0.3476545261340621,False,292
HAI a2,raw_rectified_support,raw data with rectified support,156,P1_FT01Z_07,25,25,0.010479499775820657,-0.02240003233087524,0.02240003233087524,0.2102759904447953,0.10011561865678538,0.34561130491516234,0.34561130491516234,-0.5256769381617289,0.5256769381617289,1.160715027934885,0.34561130491516234,0.34561130491516234,False,293
HAI a2,raw_rectified_support,raw data with rectified support,69,P1_B400B_10,25,25,0.010479499775820657,-0.005860418836766178,0.005860418836766178,0.21961712127501792,0.02619279511583631,0.3455370187924547,0.3455370187924547,0.8826552834193986,0.8826552834193986,2.1021509506459135,0.3455370187924547,0.3455370187924547,False,294
HAI a2,raw_rectified_support,raw data with rectified support,179,P1_FT02Z_10,25,25,0.010479499775820657,-0.005691721512346809,0.005691721512346809,0.220093501233636,0.025438812409449316,0.345476810494429,0.345476810494429,0.881098760432317,0.881098760432317,2.0817101958801048,0.345476810494429,0.345476810494429,False,295
HAI a2,raw_rectified_support,raw data with rectified support,173,P1_FT02Z_04,25,25,0.010479499775820657,-0.005939121815073143,0.005939121815073143,0.21999668269204398,0.02654455341899165,0.34541014758919997,0.34541014758919997,0.8800285369145933,0.8800285369145933,2.0884258110410165,0.34541014758919997,0.34541014758919997,False,296
HAI a2,raw_rectified_support,raw data with rectified support,174,P1_FT02Z_05,25,25,0.010479499775820657,-0.005897248703921967,0.005897248703921967,0.2199086523679742,0.02635740402714876,0.34539376770240593,0.34539376770240593,0.8793049064491221,0.8793049064491221,2.0906604968144418,0.34539376770240593,0.34539376770240593,False,297
HAI a2,raw_rectified_support,raw data with rectified support,172,P1_FT02Z_03,25,25,0.010479499775820657,-0.005958770088813128,0.005958770088813128,0.21990084269844656,0.026632370215501584,0.3453526887677121,0.3453526887677121,0.8802290767476378,0.8802290767476378,2.084703002886177,0.3453526887677121,0.3453526887677121,False,298
HAI a2,raw_rectified_support,raw data with rectified support,64,P1_B400B_05,25,25,0.010479499775820657,-0.00595758078247366,0.00595758078247366,0.21992940848814277,0.026627054681211744,0.34522890203985085,0.34522890203985085,0.8807443032390416,0.8807443032390416,2.087680193977068,0.34522890203985085,0.34522890203985085,False,299
HAI a2,raw_rectified_support,raw data with rectified support,65,P1_B400B_06,25,25,0.010479499775820657,-0.0059583495354648495,0.0059583495354648495,0.21996759102199878,0.026630490577203784,0.34520500662082393,0.34520500662082393,0.8792867075006359,0.8792867075006359,2.0859142688733554,0.34520500662082393,0.34520500662082393,False,300
HAI a2,raw_rectified_support,raw data with rectified support,175,P1_FT02Z_06,25,25,0.010479499775820657,-0.005901291671128718,0.005901291671128718,0.21962594258397336,0.026375473829778243,0.3451785769804126,0.3451785769804126,0.8784049531554453,0.8784049531554453,2.0976533098725505,0.3451785769804126,0.3451785769804126,False,301
HAI a2,raw_rectified_support,raw data with rectified support,63,P1_B400B_04,25,25,0.010479499775820657,-0.005924112832406612,0.005924112832406612,0.21975695728449546,0.02647747165933733,0.3450892598597063,0.3450892598597063,0.8828652115155917,0.8828652115155917,2.0931022849527534,0.3450892598597063,0.3450892598597063,False,302
HAI a2,raw_rectified_support,raw data with rectified support,66,P1_B400B_07,25,25,0.010479499775820657,-0.005957600667581693,0.005957600667581693,0.2198433778581147,0.026627143556525106,0.34508212827276713,0.34508212827276713,0.8770960631079774,0.8770960631079774,2.087788438237357,0.34508212827276713,0.34508212827276713,False,303
HAI a2,raw_rectified_support,raw data with rectified support,171,P1_FT02Z_02,25,25,0.010479499775820657,-0.005984160267786496,0.005984160267786496,0.21951396920512534,0.026745850117591792,0.34501878912345413,0.34501878912345413,0.8809679322824936,0.8809679322824936,2.0835452442475813,0.34501878912345413,0.34501878912345413,False,304
HAI a2,raw_rectified_support,raw data with rectified support,67,P1_B400B_08,25,25,0.010479499775820657,-0.005950722811399047,0.005950722811399047,0.2195790885070557,0.026596403385413442,0.3449926926033028,0.3449926926033028,0.8765531935433395,0.8765531935433395,2.083925768637704,0.3449926926033028,0.3449926926033028,False,305
HAI a2,raw_rectified_support,raw data with rectified support,62,P1_B400B_03,25,25,0.010479499775820657,-0.005945251436951425,0.005945251436951425,0.21943172367384992,0.026571949401167555,0.34494450472374794,0.34494450472374794,0.8832407454502518,0.8832407454502518,2.091854382380226,0.34494450472374794,0.34494450472374794,False,306
HAI a2,raw_rectified_support,raw data with rectified support,176,P1_FT02Z_07,25,25,0.010479499775820657,-0.005866721073214157,0.005866721073214157,0.21933585928480762,0.02622096258861451,0.3449324368991551,0.3449324368991551,0.8799389770128685,0.8799389770128685,2.0992181545220476,0.3449324368991551,0.3449324368991551,False,307
HAI a2,raw_rectified_support,raw data with rectified support,68,P1_B400B_09,25,25,0.010479499775820657,-0.005916903194379501,0.005916903194379501,0.21931798464197055,0.026445248608909816,0.34484267520467937,0.34484267520467937,0.8777438801932204,0.8777438801932204,2.090744434640231,0.34484267520467937,0.34484267520467937,False,308
HAI a2,raw_rectified_support,raw data with rectified support,178,P1_FT02Z_09,25,25,0.010479499775820657,-0.005732237421360336,0.005732237421360336,0.21940983260106833,0.025619895866670055,0.34482008693848304,0.34482008693848304,0.8821222203906137,0.8821222203906137,2.095652348580821,0.34482008693848304,0.34482008693848304,False,309
HAI a2,raw_rectified_support,raw data with rectified support,177,P1_FT02Z_08,25,25,0.010479499775820657,-0.005822184102972332,0.005822184102972332,0.21916079502373612,0.02602190723623838,0.34469279644239426,0.34469279644239426,0.8805085643323135,0.8805085643323135,2.1022441507587,0.34469279644239426,0.34469279644239426,False,310
HAI a2,raw_rectified_support,raw data with rectified support,170,P1_FT02Z_01,25,25,0.010479499775820657,-0.006006492050333132,0.006006492050333132,0.21907207083609492,0.02684566069787759,0.34464816427853134,0.34464816427853134,0.8804906338775184,0.8804906338775184,2.0818452525139115,0.34464816427853134,0.34464816427853134,False,311
HAI a2,raw_rectified_support,raw data with rectified support,61,P1_B400B_02,25,25,0.010479499775820657,-0.006020152217653613,0.006020152217653613,0.21897032342034878,0.026906714007178405,0.3446460387862601,0.3446460387862601,0.8817549073106998,0.8817549073106998,2.07678139436001,0.3446460387862601,0.3446460387862601,False,312
HAI a2,raw_rectified_support,raw data with rectified support,60,P1_B400B_01,25,25,0.010479499775820657,-0.006092321265435309,0.006092321265435309,0.2186944586882499,0.02722926929459094,0.34454715081495135,0.34454715081495135,0.8785757858198128,0.8785757858198128,2.0782247461356618,0.34454715081495135,0.34454715081495135,False,313
HAI a2,raw_rectified_support,raw data with rectified support,155,P1_FT01Z_06,25,25,0.010479499775820657,-0.02330550370095853,0.02330550370095853,0.2070982414836394,0.10416256935100134,0.3441923572332813,0.3441923572332813,-0.5085194088888584,0.5085194088888584,1.1704392798772916,0.3441923572332813,0.3441923572332813,False,314
HAI a2,raw_rectified_support,raw data with rectified support,157,P1_FT01Z_08,25,25,0.010479499775820657,-0.02189586518064179,0.02189586518064179,0.20989820349557622,0.09786227342020383,0.3426544998133422,0.3426544998133422,-0.5169124014140407,0.5169124014140407,1.1258483156949524,0.3426544998133422,0.3426544998133422,False,315
HAI a2,raw_rectified_support,raw data with rectified support,159,P1_FT01Z_10,25,25,0.010479499775820657,-0.023688148101093563,0.023688148101093563,0.20585449614147502,0.1058727758488853,0.3409574057221341,0.3409574057221341,-0.5095866211763318,0.5095866211763318,1.1571332230658773,0.3409574057221341,0.3409574057221341,False,316
HAI a2,raw_rectified_support,raw data with rectified support,158,P1_FT01Z_09,25,25,0.010479499775820657,-0.022874514947523933,0.022874514947523933,0.20714207912613386,0.10223629062752168,0.33946827331906887,0.33946827331906887,-0.5061389564310236,0.5061389564310236,1.142987360546222,0.33946827331906887,0.33946827331906887,False,317
HAI a2,raw_rectified_support,raw data with rectified support,380,P2_VT01e_01,25,25,0.010479499775820657,-0.0545385916333088,0.0545385916333088,0.6938885538213168,0.243757007194692,0.3381607508793081,0.3381607508793081,-0.38942248247626976,0.38942248247626976,2.4474278701166803,0.3381607508793081,0.3381607508793081,False,318
HAI a2,raw_rectified_support,raw data with rectified support,250,P1_PCV02D_01,25,25,0.010479499775820657,0.14074831178293465,0.14074831178293465,0.7921667269771346,0.6290662486957238,0.32946003872983504,0.32946003872983504,1.3503621777892136,1.3503621777892136,1.7465882345082606,0.32946003872983504,0.32946003872983504,False,319
HAI a2,raw_rectified_support,raw data with rectified support,480,P4_HT_FD_01,25,25,0.010479499775820657,6.515614131677605e-05,6.515614131677605e-05,0.027076884401777742,0.000291211517057801,0.3206069407368483,0.3206069407368483,-0.1300776134796752,0.1300776134796752,1.5921667117617746,0.3206069407368483,0.3206069407368483,False,320
HAI a2,raw_rectified_support,raw data with rectified support,449,P3_LCV01D_10,25,25,0.010479499775820657,-0.034824875186081135,0.034824875186081135,0.2991271447631663,0.15564771837825367,0.3157505169473104,0.3157505169473104,-1.38436432052579,1.38436432052579,1.9487296289487255,0.3157505169473104,0.3157505169473104,False,321
HAI a2,raw_rectified_support,raw data with rectified support,448,P3_LCV01D_09,25,25,0.010479499775820657,-0.03401123345129376,0.03401123345129376,0.2983489092044608,0.15201119480364528,0.3151739765061098,0.3151739765061098,-1.376221907082115,1.376221907082115,1.9722526793279416,0.3151739765061098,0.3151739765061098,False,322
HAI a2,raw_rectified_support,raw data with rectified support,447,P3_LCV01D_08,25,25,0.010479499775820657,-0.03299947938622305,0.03299947938622305,0.2976160487066465,0.14748921989499952,0.31440456278933643,0.31440456278933643,-1.364042621368165,1.364042621368165,1.985742012961877,0.31440456278933643,0.31440456278933643,False,323
HAI a2,raw_rectified_support,raw data with rectified support,446,P3_LCV01D_07,25,25,0.010479499775820657,-0.032042018270429205,0.032042018270429205,0.2966653145870451,0.14320990410957576,0.31335585310559505,0.31335585310559505,-1.3520138825438064,1.3520138825438064,1.9814089469150769,0.31335585310559505,0.31335585310559505,False,324
HAI a2,raw_rectified_support,raw data with rectified support,509,P4_HT_PO_10,25,25,0.010479499775820657,-0.033023405949924915,0.033023405949924915,0.30269317056259953,0.14759615825526437,0.3125497858778554,0.3125497858778554,-1.3968763175690757,1.3968763175690757,1.9888455091159316,0.3125497858778554,0.3125497858778554,False,325
HAI a2,raw_rectified_support,raw data with rectified support,508,P4_HT_PO_09,25,25,0.010479499775820657,-0.032081257897437,0.032081257897437,0.3022037133081313,0.14338528329991435,0.31217446252171144,0.31217446252171144,-1.3865454821395757,1.3865454821395757,2.015835830684823,0.31217446252171144,0.31217446252171144,False,326
HAI a2,raw_rectified_support,raw data with rectified support,445,P3_LCV01D_06,25,25,0.010479499775820657,-0.0311954499579437,0.0311954499579437,0.2959152963745797,0.1394262171448523,0.31192045354555886,0.31192045354555886,-1.3430276752839618,1.3430276752839618,1.9771393130482475,0.31192045354555886,0.31192045354555886,False,327
HAI a2,raw_rectified_support,raw data with rectified support,507,P4_HT_PO_08,25,25,0.010479499775820657,-0.031112357837928862,0.031112357837928862,0.30123552433173645,0.1390548418326246,0.3116652897413499,0.3116652897413499,-1.3743334991990244,1.3743334991990244,2.02949222950517,0.3116652897413499,0.3116652897413499,False,328
HAI a2,raw_rectified_support,raw data with rectified support,444,P3_LCV01D_05,25,25,0.010479499775820657,-0.030478613239885936,0.030478613239885936,0.29526814003650104,0.13622235786267917,0.31072603891474987,0.31072603891474987,-1.3378912685923958,1.3378912685923958,1.968891715134825,0.31072603891474987,0.31072603891474987,False,329
HAI a2,raw_rectified_support,raw data with rectified support,506,P4_HT_PO_07,25,25,0.010479499775820657,-0.03007786544352333,0.03007786544352333,0.3003542999229635,0.13443123930688652,0.31050500239559986,0.31050500239559986,-1.35702167773968,1.35702167773968,2.0248960479914246,0.31050500239559986,0.31050500239559986,False,330
HAI a2,raw_rectified_support,raw data with rectified support,443,P3_LCV01D_04,25,25,0.010479499775820657,-0.029682763890096543,0.029682763890096543,0.2942131692679968,0.1326653562996974,0.30967516802605166,0.30967516802605166,-1.3298190841832866,1.3298190841832866,1.9820004697269706,0.30967516802605166,0.30967516802605166,False,331
HAI a2,raw_rectified_support,raw data with rectified support,505,P4_HT_PO_06,25,25,0.010479499775820657,-0.029273756742218326,0.029273756742218326,0.2999858646775177,0.13083732306117238,0.3094932510974612,0.3094932510974612,-1.3517065825309529,1.3517065825309529,2.0166319345523114,0.3094932510974612,0.3094932510974612,False,332
HAI a2,raw_rectified_support,raw data with rectified support,442,P3_LCV01D_03,25,25,0.010479499775820657,-0.02861258141379621,0.02861258141379621,0.29338276339162167,0.12788223906540758,0.3090389242126039,0.3090389242126039,-1.3133670734276457,1.3133670734276457,1.972813851433637,0.3090389242126039,0.3090389242126039,False,333
HAI a2,raw_rectified_support,raw data with rectified support,441,P3_LCV01D_02,25,25,0.010479499775820657,-0.027518155609038693,0.027518155609038693,0.29262262430354025,0.12299076770952817,0.3089145768944619,0.3089145768944619,-1.2905174272165807,1.2905174272165807,1.954933805857096,0.3089145768944619,0.3089145768944619,False,334
HAI a2,raw_rectified_support,raw data with rectified support,440,P3_LCV01D_01,25,25,0.010479499775820657,-0.026523700491647068,0.026523700491647068,0.29148921480580686,0.11854610942361851,0.3086101499894526,0.3086101499894526,-1.2653425388229627,1.2653425388229627,1.9552681272503214,0.3086101499894526,0.3086101499894526,False,335
HAI a2,raw_rectified_support,raw data with rectified support,504,P4_HT_PO_05,25,25,0.010479499775820657,-0.028484681815355354,0.028484681815355354,0.2986945609087265,0.12731059938048572,0.3081696844649127,0.3081696844649127,-1.3414486926471803,1.3414486926471803,2.0298954117632615,0.3081696844649127,0.3081696844649127,False,336
HAI a2,raw_rectified_support,raw data with rectified support,503,P4_HT_PO_04,25,25,0.010479499775820657,-0.027492197244832157,0.027492197244832157,0.298029318861399,0.1228747483371689,0.30742837833668,0.30742837833668,-1.3298623028509273,1.3298623028509273,2.0196223494003807,0.30742837833668,0.30742837833668,False,337
HAI a2,raw_rectified_support,raw data with rectified support,502,P4_HT_PO_03,25,25,0.010479499775820657,-0.026459035417955478,0.026459035417955478,0.2971433927104793,0.11825709270424545,0.3070891083893884,0.3070891083893884,-1.313633480672839,1.313633480672839,1.9853484064046896,0.3070891083893884,0.3070891083893884,False,338
HAI a2,raw_rectified_support,raw data with rectified support,501,P4_HT_PO_02,25,25,0.010479499775820657,-0.02535757464813669,0.02535757464813669,0.2958270245607949,0.11333417898842055,0.3063312930123169,0.3063312930123169,-1.2887115910342102,1.2887115910342102,1.98201927792578,0.3063312930123169,0.3063312930123169,False,339
HAI a2,raw_rectified_support,raw data with rectified support,500,P4_HT_PO_01,25,25,0.010479499775820657,-0.02423732288151679,0.02423732288151679,0.2946472908314637,0.10832728002462222,0.30609377452608866,0.30609377452608866,-1.2594119933563492,1.2594119933563492,1.9621038530076065,0.30609377452608866,0.30609377452608866,False,340
HAI a2,raw_rectified_support,raw data with rectified support,499,P4_HT_LD_10,25,25,0.010479499775820657,-0.03725116545819071,0.03725116545819071,0.2952743501953867,0.16649187913861,0.30114482233088347,0.30114482233088347,-1.378169812832016,1.378169812832016,1.7777931189877298,0.30114482233088347,0.30114482233088347,False,341
HAI a2,raw_rectified_support,raw data with rectified support,498,P4_HT_LD_09,25,25,0.010479499775820657,-0.03667653275020874,0.03667653275020874,0.29456476385956903,0.16392359226249054,0.3002552067088065,0.3002552067088065,-1.3802730724337815,1.3802730724337815,1.8201531728505873,0.3002552067088065,0.3002552067088065,False,342
HAI a2,raw_rectified_support,raw data with rectified support,389,P2_VT01e_10,25,25,0.010479499775820657,-0.06739024858643505,0.06739024858643505,0.6900821271394522,0.3011967272639147,0.29994339564648315,0.29994339564648315,-0.3303447283896922,0.3303447283896922,2.68859718395886,0.29994339564648315,0.29994339564648315,False,343
HAI a2,raw_rectified_support,raw data with rectified support,497,P4_HT_LD_08,25,25,0.010479499775820657,-0.03588412290895863,0.03588412290895863,0.29407741411557226,0.16038196337934238,0.299321917695462,0.299321917695462,-1.3778574276629643,1.3778574276629643,1.8460651620657424,0.299321917695462,0.299321917695462,False,344
HAI a2,raw_rectified_support,raw data with rectified support,496,P4_HT_LD_07,25,25,0.010479499775820657,-0.035078360618701676,0.035078360618701676,0.29340154779170036,0.15678065651568254,0.29788453672336873,0.29788453672336873,-1.3729384656117092,1.3729384656117092,1.8556895218266705,0.29788453672336873,0.29788453672336873,False,345
HAI a2,raw_rectified_support,raw data with rectified support,495,P4_HT_LD_06,25,25,0.010479499775820657,-0.03435371158039357,0.03435371158039357,0.2929285806224011,0.15354188053055762,0.29618668768278583,0.29618668768278583,-1.371957778299575,1.371957778299575,1.878995999197216,0.29618668768278583,0.29618668768278583,False,346
HAI a2,raw_rectified_support,raw data with rectified support,310,P2_24Vdc_01,25,25,0.010479499775820657,-0.03515281510013339,0.03515281510013339,0.22391474923000254,0.15711342641352025,0.29479616620752047,0.29479616620752047,-0.7871883182981438,0.7871883182981438,1.9021867310268583,0.29479616620752047,0.29479616620752047,False,347
HAI a2,raw_rectified_support,raw data with rectified support,494,P4_HT_LD_05,25,25,0.010479499775820657,-0.03373981111471038,0.03373981111471038,0.2923701430176691,0.15079808873563036,0.2945747162939931,0.2945747162939931,-1.3730088119695256,1.3730088119695256,1.9023940008068516,0.2945747162939931,0.2945747162939931,False,348
HAI a2,raw_rectified_support,raw data with rectified support,387,P2_VT01e_08,25,25,0.010479499775820657,0.03433372462331707,0.03433372462331707,0.6886255538275858,0.1534525500089216,0.29443025224572167,0.29443025224572167,-0.27024736497232343,0.27024736497232343,1.987170035042384,0.29443025224572167,0.29443025224572167,False,349
HAI a2,raw_rectified_support,raw data with rectified support,493,P4_HT_LD_04,25,25,0.010479499775820657,-0.03304339886033802,0.03304339886033802,0.29153112775832357,0.14768551538498592,0.2935279325466672,0.2935279325466672,-1.3721467222243329,1.3721467222243329,1.9376567246586185,0.2935279325466672,0.2935279325466672,False,350
HAI a2,raw_rectified_support,raw data with rectified support,481,P4_HT_FD_02,25,25,0.010479499775820657,-0.001910232884055103,0.001910232884055103,0.02595900650699999,0.008537672809610606,0.29305527400037445,0.29305527400037445,-0.06793639711082025,0.06793639711082025,1.2913381427641653,0.29305527400037445,0.29305527400037445,False,351
HAI a2,raw_rectified_support,raw data with rectified support,492,P4_HT_LD_03,25,25,0.010479499775820657,-0.032142926336855095,0.032142926336855095,0.2906792230522921,0.14366090673977122,0.2927860520110036,0.2927860520110036,-1.3639164725301143,1.3639164725301143,1.9579967331013401,0.2927860520110036,0.2927860520110036,False,352
HAI a2,raw_rectified_support,raw data with rectified support,491,P4_HT_LD_02,25,25,0.010479499775820657,-0.031158777330466073,0.031158777330466073,0.2898316657003998,0.13926231100697445,0.29255050106240754,0.29255050106240754,-1.3465478673145357,1.3465478673145357,1.9641756427904293,0.29255050106240754,0.29255050106240754,False,353
HAI a2,raw_rectified_support,raw data with rectified support,490,P4_HT_LD_01,25,25,0.010479499775820657,-0.03017059829284573,0.03017059829284573,0.28841079770064154,0.1348457032881247,0.2920990177775123,0.2920990177775123,-1.323649657292834,1.323649657292834,1.9740524031282534,0.2920990177775123,0.2920990177775123,False,354
HAI a2,raw_rectified_support,raw data with rectified support,384,P2_VT01e_05,25,25,0.010479499775820657,-0.06855035394872898,0.06855035394872898,0.6940750724000654,0.30638174951466485,0.28694879857644995,0.28694879857644995,-0.39336860459813056,0.39336860459813056,1.9646058868827305,0.28694879857644995,0.28694879857644995,False,355
HAI a2,raw_rectified_support,raw data with rectified support,430,P3_LCP01D_01,25,25,0.010479499775820657,0.005258103108199397,0.005258103108199397,0.21685430751797624,0.023500780617756362,0.27997452550433505,0.27997452550433505,0.5113295094727603,0.5113295094727603,1.8470807430712457,0.27997452550433505,0.27997452550433505,False,356
HAI a2,raw_rectified_support,raw data with rectified support,382,P2_VT01e_03,25,25,0.010479499775820657,0.04378412877164843,0.04378412877164843,0.6941114141947347,0.19569057198546744,0.27996485197745186,0.27996485197745186,-0.21506397554110546,0.21506397554110546,2.3991408391224622,0.27996485197745186,0.27996485197745186,False,357
HAI a2,raw_rectified_support,raw data with rectified support,437,P3_LCP01D_08,25,25,0.010479499775820657,0.00666712896047777,0.00666712896047777,0.21776603287470764,0.02979833826501989,0.27984962041603517,0.27984962041603517,0.5713775756932169,0.5713775756932169,1.7811693376442035,0.27984962041603517,0.27984962041603517,False,358
HAI a2,raw_rectified_support,raw data with rectified support,436,P3_LCP01D_07,25,25,0.010479499775820657,0.006450942371950204,0.006450942371950204,0.21762778266901273,0.02883210510356572,0.2797759007610022,0.2797759007610022,0.5666944556891859,0.5666944556891859,1.771269565346318,0.2797759007610022,0.2797759007610022,False,359
HAI a2,raw_rectified_support,raw data with rectified support,438,P3_LCP01D_09,25,25,0.010479499775820657,0.006928098248253535,0.006928098248253535,0.21783717113795079,0.03096472505009961,0.2795270443898883,0.2795270443898883,0.5758845690586212,0.5758845690586212,1.7629365061766622,0.2795270443898883,0.2795270443898883,False,360
HAI a2,raw_rectified_support,raw data with rectified support,431,P3_LCP01D_02,25,25,0.010479499775820657,0.005545108158168745,0.005545108158168745,0.21696163678086122,0.024783532700917314,0.279491545392711,0.279491545392711,0.5295671782241982,0.5295671782241982,1.8368880826804503,0.279491545392711,0.279491545392711,False,361
HAI a2,raw_rectified_support,raw data with rectified support,435,P3_LCP01D_06,25,25,0.010479499775820657,0.0063572645122232894,0.0063572645122232894,0.21743216867819617,0.028413417454259227,0.279406766854316,0.279406766854316,0.5631865926319761,0.5631865926319761,1.7548250843071131,0.279406766854316,0.279406766854316,False,362
HAI a2,raw_rectified_support,raw data with rectified support,432,P3_LCP01D_03,25,25,0.010479499775820657,0.005861478988481653,0.005861478988481653,0.21706970808928858,0.026197533401178807,0.2791606541320511,0.2791606541320511,0.5447301049822241,0.5447301049822241,1.8142398872698533,0.2791606541320511,0.2791606541320511,False,363
HAI a2,raw_rectified_support,raw data with rectified support,434,P3_LCP01D_05,25,25,0.010479499775820657,0.006328386866304314,0.006328386866304314,0.217270120094295,0.02828435052507695,0.2790734628589759,0.2790734628589759,0.5608672782401625,0.5608672782401625,1.764353006491692,0.2790734628589759,0.2790734628589759,False,364
HAI a2,raw_rectified_support,raw data with rectified support,439,P3_LCP01D_10,25,25,0.010479499775820657,0.007131896673139071,0.007131896673139071,0.21797944896572377,0.031875590047404576,0.2790087988207683,0.2790087988207683,0.5794925332215418,0.5794925332215418,1.7309573704389174,0.2790087988207683,0.2790087988207683,False,365
HAI a2,raw_rectified_support,raw data with rectified support,433,P3_LCP01D_04,25,25,0.010479499775820657,0.006210902101292204,0.006210902101292204,0.21714456276161984,0.0277592593217164,0.27897166997611916,0.27897166997611916,0.5564903269931825,0.5564903269931825,1.7923500849295286,0.27897166997611916,0.27897166997611916,False,366
HAI a2,raw_rectified_support,raw data with rectified support,385,P2_VT01e_06,25,25,0.010479499775820657,-0.041932914851337724,0.041932914851337724,0.6943356781155883,0.1874166809410112,0.2765026370194766,0.2765026370194766,-0.4292968218097655,0.4292968218097655,2.253178376835721,0.2765026370194766,0.2765026370194766,False,367
HAI a2,raw_rectified_support,raw data with rectified support,383,P2_VT01e_04,25,25,0.010479499775820657,-0.012146718344776722,0.012146718344776722,0.6947812834623214,0.05428903868414772,0.26721132428990985,0.26721132428990985,-0.3203708160172009,0.3203708160172009,2.117064589556915,0.26721132428990985,0.26721132428990985,False,368
HAI a2,raw_rectified_support,raw data with rectified support,386,P2_VT01e_07,25,25,0.010479499775820657,0.027663053303955302,0.027663053303955302,0.6896229089686916,0.12363837938054005,0.26702611992446795,0.26702611992446795,-0.31448740822243043,0.31448740822243043,2.0258420635778207,0.26702611992446795,0.26702611992446795,False,369
HAI a2,raw_rectified_support,raw data with rectified support,533,P4_ST_FD_04,25,25,0.010479499775820657,0.004881622264649032,0.004881622264649032,0.04000597139294561,0.021818121771209936,0.26582037041215806,0.26582037041215806,0.3524109673817922,0.3524109673817922,1.3712467579757404,0.26582037041215806,0.26582037041215806,False,370
HAI a2,raw_rectified_support,raw data with rectified support,219,P1_LCV01Z_10,25,25,0.010479499775820657,0.04566966819217797,0.04566966819217797,0.2048595857638271,0.20411787882144358,0.26350903080325255,0.26350903080325255,0.6461580276069933,0.6461580276069933,1.2525902697069564,0.26350903080325255,0.26350903080325255,False,371
HAI a2,raw_rectified_support,raw data with rectified support,218,P1_LCV01Z_09,25,25,0.010479499775820657,0.045134391404401286,0.045134391404401286,0.20468469277983461,0.20172549090122555,0.2627678049697962,0.2627678049697962,0.6422473184968659,0.6422473184968659,1.2330935303580322,0.2627678049697962,0.2627678049697962,False,372
HAI a2,raw_rectified_support,raw data with rectified support,200,P1_LCV01D_01,25,25,0.010479499775820657,0.04345878066869429,0.04345878066869429,0.2121699222838613,0.19423644789649597,0.26271904892047476,0.26271904892047476,0.642178557686172,0.642178557686172,1.2449932353900224,0.26271904892047476,0.26271904892047476,False,373
HAI a2,raw_rectified_support,raw data with rectified support,217,P1_LCV01Z_08,25,25,0.010479499775820657,0.04467436450349387,0.04467436450349387,0.20463793509465245,0.1996694278963687,0.2621573816618225,0.2621573816618225,0.6416621526706997,0.6416621526706997,1.2367382553311868,0.2621573816618225,0.2621573816618225,False,374
HAI a2,raw_rectified_support,raw data with rectified support,216,P1_LCV01Z_07,25,25,0.010479499775820657,0.044211340209691995,0.044211340209691995,0.20681441044925045,0.19759996822138418,0.26139046937904414,0.26139046937904414,0.6401925518603389,0.6401925518603389,1.234735083362507,0.26139046937904414,0.26139046937904414,False,375
HAI a2,raw_rectified_support,raw data with rectified support,209,P1_LCV01D_10,25,25,0.010479499775820657,0.048192833114696965,0.048192833114696965,0.21330930003917845,0.2153950150978455,0.2610554330127873,0.2610554330127873,0.6829758023346766,0.6829758023346766,1.3483636558591292,0.2610554330127873,0.2610554330127873,False,376
HAI a2,raw_rectified_support,raw data with rectified support,215,P1_LCV01Z_06,25,25,0.010479499775820657,0.043687130205960684,0.043687130205960684,0.20753833636758645,0.19525704263741983,0.2607901442494967,0.2607901442494967,0.6372841263864442,0.6372841263864442,1.2144848019446595,0.2607901442494967,0.2607901442494967,False,377
HAI a2,raw_rectified_support,raw data with rectified support,201,P1_LCV01D_02,25,25,0.010479499775820657,0.04383181404470102,0.04383181404470102,0.21084907714977208,0.19590369849090988,0.2607672432840237,0.2607672432840237,0.645974174150746,0.645974174150746,1.2241482124955878,0.2607672432840237,0.2607672432840237,False,378
HAI a2,raw_rectified_support,raw data with rectified support,214,P1_LCV01Z_05,25,25,0.010479499775820657,0.04316486797963915,0.04316486797963915,0.2091871365231186,0.19292282252930057,0.260143777929073,0.260143777929073,0.6335874505566975,0.6335874505566975,1.2105514550579182,0.260143777929073,0.260143777929073,False,379
HAI a2,raw_rectified_support,raw data with rectified support,208,P1_LCV01D_09,25,25,0.010479499775820657,0.04749323660144223,0.04749323660144223,0.2124811466121798,0.2122682098906009,0.2598522344592877,0.2598522344592877,0.6732265972422362,0.6732265972422362,1.3266459652775793,0.2598522344592877,0.2598522344592877,False,380
HAI a2,raw_rectified_support,raw data with rectified support,210,P1_LCV01Z_01,25,25,0.010479499775820657,0.04092779793681406,0.04092779793681406,0.20428536273665618,0.182924370383886,0.259848207810804,0.259848207810804,0.6004980593675138,0.6004980593675138,1.2596961027557272,0.259848207810804,0.259848207810804,False,381
HAI a2,raw_rectified_support,raw data with rectified support,213,P1_LCV01Z_04,25,25,0.010479499775820657,0.042667830297256765,0.042667830297256765,0.20895505713014006,0.19070134202728994,0.2597599897656037,0.2597599897656037,0.627494594617627,0.627494594617627,1.26990141510355,0.2597599897656037,0.2597599897656037,False,382
HAI a2,raw_rectified_support,raw data with rectified support,211,P1_LCV01Z_02,25,25,0.010479499775820657,0.04155503279658543,0.04155503279658543,0.20609692718215336,0.18572775946393466,0.25973627735068355,0.25973627735068355,0.6103342122348571,0.6103342122348571,1.23781877940455,0.25973627735068355,0.25973627735068355,False,383
HAI a2,raw_rectified_support,raw data with rectified support,212,P1_LCV01Z_03,25,25,0.010479499775820657,0.042193352617528775,0.042193352617528775,0.20830803172990026,0.18858069212182849,0.25971120813910736,0.25971120813910736,0.6197624875510039,0.6197624875510039,1.2442728591943044,0.25971120813910736,0.25971120813910736,False,384
HAI a2,raw_rectified_support,raw data with rectified support,207,P1_LCV01D_08,25,25,0.010479499775820657,0.04677869532913349,0.04677869532913349,0.20959027964206262,0.20907460996733684,0.25942546344082945,0.25942546344082945,0.6652552849161615,0.6652552849161615,1.2823505698529416,0.25942546344082945,0.25942546344082945,False,385
HAI a2,raw_rectified_support,raw data with rectified support,206,P1_LCV01D_07,25,25,0.010479499775820657,0.04623130276137385,0.04623130276137385,0.20610285794564165,0.20662807128561156,0.2590991310762138,0.2590991310762138,0.6555386016723579,0.6555386016723579,1.2526747166645846,0.2590991310762138,0.2590991310762138,False,386
HAI a2,raw_rectified_support,raw data with rectified support,205,P1_LCV01D_06,25,25,0.010479499775820657,0.04583966289547379,0.04583966289547379,0.20401319819935138,0.2048776600859277,0.25886892971581954,0.25886892971581954,0.6485588180820745,0.6485588180820745,1.2447540551151022,0.25886892971581954,0.25886892971581954,False,387
HAI a2,raw_rectified_support,raw data with rectified support,535,P4_ST_FD_06,25,25,0.010479499775820657,0.0023334458271806924,0.0023334458271806924,0.03667082393231399,0.010429198009160251,0.25883515509948063,0.25883515509948063,0.10085846309823937,0.10085846309823937,1.2270285466080781,0.25883515509948063,0.25883515509948063,False,388
HAI a2,raw_rectified_support,raw data with rectified support,204,P1_LCV01D_05,25,25,0.010479499775820657,0.04545919238096688,0.04545919238096688,0.20435056978217359,0.2031771696411875,0.25833421198301165,0.25833421198301165,0.6522184897309251,0.6522184897309251,1.2212344468691874,0.25833421198301165,0.25833421198301165,False,389
HAI a2,raw_rectified_support,raw data with rectified support,202,P1_LCV01D_03,25,25,0.010479499775820657,0.04427318301597915,0.04427318301597915,0.20862161840958446,0.19787637098364164,0.25768255783607935,0.25768255783607935,0.6487058139386532,0.6487058139386532,1.2197881626352853,0.25768255783607935,0.25768255783607935,False,390
HAI a2,raw_rectified_support,raw data with rectified support,203,P1_LCV01D_04,25,25,0.010479499775820657,0.04481827132288231,0.04481827132288231,0.20621855639392975,0.20031261090785685,0.25762943118832365,0.25762943118832365,0.6497258122318055,0.6497258122318055,1.2257526128450236,0.25762943118832365,0.25762943118832365,False,391
HAI a2,raw_rectified_support,raw data with rectified support,388,P2_VT01e_09,25,25,0.010479499775820657,-0.03342252074010184,0.03342252074010184,0.688652658256269,0.14937997818656687,0.2465144027959148,0.2465144027959148,-0.3993779512131411,0.3993779512131411,2.297581416374248,0.2465144027959148,0.2465144027959148,False,392
HAI a2,raw_rectified_support,raw data with rectified support,110,P1_FCV02Z_01,25,25,0.010479499775820657,-0.02008811810693032,0.02008811810693032,0.0917999647205721,0.08978265487384321,0.2444404928742933,0.2444404928742933,-1.5429234579077078,1.5429234579077078,2.151719297718742,0.2444404928742933,0.2444404928742933,False,393
HAI a2,raw_rectified_support,raw data with rectified support,111,P1_FCV02Z_02,25,25,0.010479499775820657,-0.02020346918238569,0.02020346918238569,0.09152877775008725,0.09029820967802187,0.24443762251207996,0.24443762251207996,-1.5467953078857324,1.5467953078857324,2.148444170274054,0.24443762251207996,0.24443762251207996,False,394
HAI a2,raw_rectified_support,raw data with rectified support,112,P1_FCV02Z_03,25,25,0.010479499775820657,-0.020310004445873893,0.020310004445873893,0.09159107626199557,0.09077436273241651,0.24426796634447076,0.24426796634447076,-1.5497213425154377,1.5497213425154377,2.1585607174133594,0.24426796634447076,0.24426796634447076,False,395
HAI a2,raw_rectified_support,raw data with rectified support,113,P1_FCV02Z_04,25,25,0.010479499775820657,-0.020427579519913266,0.020427579519913266,0.09199130444597488,0.09129985756662906,0.24371645751448398,0.24371645751448398,-1.5514953450672453,1.5514953450672453,2.162763207025046,0.24371645751448398,0.24371645751448398,False,396
HAI a2,raw_rectified_support,raw data with rectified support,114,P1_FCV02Z_05,25,25,0.010479499775820657,-0.020550565323200966,0.020550565323200966,0.09233332159103297,0.09184953533495882,0.2431545145482215,0.2431545145482215,-1.5527265445206444,1.5527265445206444,2.1567890993844863,0.2431545145482215,0.2431545145482215,False,397
HAI a2,raw_rectified_support,raw data with rectified support,115,P1_FCV02Z_06,25,25,0.010479499775820657,-0.0206276761194238,0.0206276761194238,0.09245656485593756,0.09219417747452954,0.2425980384134461,0.2425980384134461,-1.553359116723009,1.553359116723009,2.154624083030318,0.2425980384134461,0.2425980384134461,False,398
HAI a2,raw_rectified_support,raw data with rectified support,116,P1_FCV02Z_07,25,25,0.010479499775820657,-0.02071047671799656,0.02071047671799656,0.09274054133452346,0.09256424984892687,0.24188584874004793,0.24188584874004793,-1.5545398797115837,1.5545398797115837,2.157467327103587,0.24188584874004793,0.24188584874004793,False,399
HAI a2,raw_rectified_support,raw data with rectified support,117,P1_FCV02Z_08,25,25,0.010479499775820657,-0.020782650761819774,0.020782650761819774,0.0928943947758566,0.09288682746585127,0.24128851091730355,0.24128851091730355,-1.5547110064597525,1.5547110064597525,2.150596712884718,0.24128851091730355,0.24128851091730355,False,400
HAI a2,raw_rectified_support,raw data with rectified support,118,P1_FCV02Z_09,25,25,0.010479499775820657,-0.020847822017962758,0.020847822017962758,0.0925671213826149,0.09317810653773016,0.24090384575245585,0.24090384575245585,-1.5552995018489368,1.5552995018489368,2.136720143428844,0.24090384575245585,0.24090384575245585,False,401
HAI a2,raw_rectified_support,raw data with rectified support,119,P1_FCV02Z_10,25,25,0.010479499775820657,-0.0208866890259842,0.0208866890259842,0.09202151298644876,0.09335182032956436,0.24063529247122806,0.24063529247122806,-1.556943675893557,1.556943675893557,2.1377954892540614,0.24063529247122806,0.24063529247122806,False,402
HAI a2,raw_rectified_support,raw data with rectified support,534,P4_ST_FD_05,25,25,0.010479499775820657,0.0020463483157220886,0.0020463483157220886,0.04068517020051487,0.009146032674845818,0.23928682779094732,0.23928682779094732,0.2947206396638498,0.2947206396638498,1.2321130365996518,0.23928682779094732,0.23928682779094732,False,403
HAI a2,raw_rectified_support,raw data with rectified support,532,P4_ST_FD_03,25,25,0.010479499775820657,0.0018311189605148257,0.0018311189605148257,0.03214310056549156,0.00818407781105861,0.23722195299484528,0.23722195299484528,0.0466814437334199,0.0466814437334199,1.1038613776639923,0.23722195299484528,0.23722195299484528,False,404
HAI a2,raw_rectified_support,raw data with rectified support,128,P1_FCV03D_09,25,25,0.010479499775820657,-0.019661452820490286,0.019661452820490286,0.21513911212810014,0.08787569963019203,0.22236870499336853,0.22236870499336853,-0.37619301046817266,0.37619301046817266,1.689790427864803,0.22236870499336853,0.22236870499336853,False,405
HAI a2,raw_rectified_support,raw data with rectified support,129,P1_FCV03D_10,25,25,0.010479499775820657,-0.019769507651497993,0.019769507651497993,0.21580131669709793,0.0883586443016727,0.22141613249580339,0.22141613249580339,-0.39468860132556427,0.39468860132556427,1.6953639354739307,0.22141613249580339,0.22141613249580339,False,406
HAI a2,raw_rectified_support,raw data with rectified support,127,P1_FCV03D_08,25,25,0.010479499775820657,-0.019588204411806344,0.019588204411806344,0.2141327318545836,0.0875483202031137,0.2200573675071106,0.2200573675071106,-0.3568524748100543,0.3568524748100543,1.7060802336982688,0.2200573675071106,0.2200573675071106,False,407
HAI a2,raw_rectified_support,raw data with rectified support,104,P1_FCV02D_05,25,25,0.010479499775820657,-0.020660994433930387,0.020660994433930387,0.07628406650783934,0.09234309170912333,0.21819461041448113,0.21819461041448113,-1.4076321033590289,1.4076321033590289,2.247663943705693,0.21819461041448113,0.21819461041448113,False,408
HAI a2,raw_rectified_support,raw data with rectified support,126,P1_FCV03D_07,25,25,0.010479499775820657,-0.01949775010028989,0.01949775010028989,0.20891103549108442,0.08714404001173374,0.2176457890621746,0.2176457890621746,-0.34641533687753845,0.34641533687753845,1.7139608509468733,0.2176457890621746,0.2176457890621746,False,409
HAI a2,raw_rectified_support,raw data with rectified support,125,P1_FCV03D_06,25,25,0.010479499775820657,-0.019099350310662528,0.019099350310662528,0.20476140112148658,0.08536341573306701,0.21508640118689565,0.21508640118689565,-0.33414630221041725,0.33414630221041725,1.7130732286379873,0.21508640118689565,0.21508640118689565,False,410
HAI a2,raw_rectified_support,raw data with rectified support,138,P1_FCV03Z_09,25,25,0.010479499775820657,-0.018164051691564494,0.018164051691564494,0.20421874100923829,0.08118315391483873,0.21371704457999496,0.21371704457999496,-0.2837947169385182,0.2837947169385182,1.7375894791021746,0.21371704457999496,0.21371704457999496,False,411
HAI a2,raw_rectified_support,raw data with rectified support,139,P1_FCV03Z_10,25,25,0.010479499775820657,-0.018343746792047994,0.018343746792047994,0.2064523994839722,0.08198629053039182,0.2128672651432579,0.2128672651432579,-0.31204636988320794,0.31204636988320794,1.7434778767762382,0.2128672651432579,0.2128672651432579,False,412
HAI a2,raw_rectified_support,raw data with rectified support,124,P1_FCV03D_05,25,25,0.010479499775820657,-0.018613736679340923,0.018613736679340923,0.2027821985294723,0.08319299435108898,0.21240030414949673,0.21240030414949673,-0.3067361507383346,0.3067361507383346,1.711224454347102,0.21240030414949673,0.21240030414949673,False,413
HAI a2,raw_rectified_support,raw data with rectified support,137,P1_FCV03Z_08,25,25,0.010479499775820657,-0.017717554613704486,0.017717554613704486,0.2052026728821778,0.07918756165326922,0.21121491477640697,0.21121491477640697,-0.25741149163429655,0.25741149163429655,1.757697103889597,0.21121491477640697,0.21121491477640697,False,414
HAI a2,raw_rectified_support,raw data with rectified support,123,P1_FCV03D_04,25,25,0.010479499775820657,-0.018479872656226245,0.018479872656226245,0.20556399523607763,0.08259469702311863,0.21001431953133118,0.21001431953133118,-0.2829454505738782,0.2829454505738782,1.7246599610848017,0.21001431953133118,0.21001431953133118,False,415
HAI a2,raw_rectified_support,raw data with rectified support,314,P2_24Vdc_05,25,25,0.010479499775820657,-0.037652827693784814,0.037652827693784814,0.28139874886672506,0.16828708472642265,0.20910852243535696,0.20910852243535696,-0.7776804623015606,0.7776804623015606,1.8547966886595415,0.20910852243535696,0.20910852243535696,False,416
HAI a2,raw_rectified_support,raw data with rectified support,136,P1_FCV03Z_07,25,25,0.010479499775820657,-0.01713671221412971,0.01713671221412971,0.21049276883314957,0.07659152092812405,0.20879090336867212,0.20879090336867212,-0.2308076218847737,0.2308076218847737,1.7692344943601421,0.20879090336867212,0.20879090336867212,False,417
HAI a2,raw_rectified_support,raw data with rectified support,122,P1_FCV03D_03,25,25,0.010479499775820657,-0.018203247552259456,0.018203247552259456,0.20994637658821694,0.0813583374942326,0.20718720366709112,0.20718720366709112,-0.2549421628748358,0.2549421628748358,1.7196692001033491,0.20718720366709112,0.20718720366709112,False,418
HAI a2,raw_rectified_support,raw data with rectified support,135,P1_FCV03Z_06,25,25,0.010479499775820657,-0.016678768646712666,0.016678768646712666,0.21633971891010043,0.07454476925899102,0.20612007691352752,0.20612007691352752,-0.2042542365834371,0.2042542365834371,1.770841181772202,0.20612007691352752,0.20612007691352752,False,419
HAI a2,raw_rectified_support,raw data with rectified support,276,P1_PIT01_07,25,25,0.010479499775820657,0.01004907491056195,0.01004907491056195,0.281069206911392,0.04491374551332978,0.20563688563355964,0.20563688563355964,-0.3084352146791429,0.3084352146791429,1.5385519771592904,0.20563688563355964,0.20563688563355964,False,420
HAI a2,raw_rectified_support,raw data with rectified support,274,P1_PIT01_05,25,25,0.010479499775820657,0.010751728525954234,0.010751728525954234,0.2816644762103922,0.04805421425762988,0.2056186354329452,0.2056186354329452,-0.3034600291037753,0.3034600291037753,1.5038569675409637,0.2056186354329452,0.2056186354329452,False,421
HAI a2,raw_rectified_support,raw data with rectified support,278,P1_PIT01_09,25,25,0.010479499775820657,0.010466381769501851,0.010466381769501851,0.28057299372072203,0.04677887381918949,0.2054565998195198,0.2054565998195198,-0.30421193079818065,0.30421193079818065,1.568896222971032,0.2054565998195198,0.2054565998195198,False,422
HAI a2,raw_rectified_support,raw data with rectified support,279,P1_PIT01_10,25,25,0.010479499775820657,0.011123506173273186,0.011123506173273186,0.2808762625464126,0.049715852446999706,0.20538674975302224,0.20538674975302224,-0.30701199645067884,0.30701199645067884,1.5876543150758597,0.20538674975302224,0.20538674975302224,False,423
HAI a2,raw_rectified_support,raw data with rectified support,277,P1_PIT01_08,25,25,0.010479499775820657,0.009795712669681848,0.009795712669681848,0.28064713707862643,0.043781357974093146,0.20531654135151095,0.20531654135151095,-0.2999145466183286,0.2999145466183286,1.5637182055259673,0.20531654135151095,0.20531654135151095,False,424
HAI a2,raw_rectified_support,raw data with rectified support,275,P1_PIT01_06,25,25,0.010479499775820657,0.01093687272124387,0.01093687272124387,0.2817420846761264,0.048881705279889956,0.20446108175257977,0.20446108175257977,-0.3035904127038951,0.3035904127038951,1.536623496712506,0.20446108175257977,0.20446108175257977,False,425
HAI a2,raw_rectified_support,raw data with rectified support,121,P1_FCV03D_02,25,25,0.010479499775820657,-0.017626553671518427,0.017626553671518427,0.21563346997291521,0.07878083832846625,0.20423504593151817,0.20423504593151817,-0.22978184404982435,0.22978184404982435,1.7349786948403436,0.20423504593151817,0.20423504593151817,False,426
HAI a2,raw_rectified_support,raw data with rectified support,134,P1_FCV03Z_05,25,25,0.010479499775820657,-0.016294626938508514,0.016294626938508514,0.22417081505601918,0.07282787063131702,0.20355746665356528,0.20355746665356528,-0.18162855481740262,0.18162855481740262,1.788333665763402,0.20355746665356528,0.20355746665356528,False,427
HAI a2,raw_rectified_support,raw data with rectified support,273,P1_PIT01_04,25,25,0.010479499775820657,0.010074337091218591,0.010074337091218591,0.2806653958938172,0.04502665333451953,0.20275309554427928,0.20275309554427928,-0.286116485765568,0.286116485765568,1.5017652696515107,0.20275309554427928,0.20275309554427928,False,428
HAI a2,raw_rectified_support,raw data with rectified support,272,P1_PIT01_03,25,25,0.010479499775820657,0.009633962117455897,0.009633962117455897,0.2799856386923923,0.04305842345484886,0.20271918640838557,0.20271918640838557,-0.2859258249154068,0.2859258249154068,1.4471532375924328,0.20271918640838557,0.20271918640838557,False,429
HAI a2,raw_rectified_support,raw data with rectified support,538,P4_ST_FD_09,25,25,0.010479499775820657,-0.004839775781706739,0.004839775781706739,0.049240403035142336,0.021631091392570544,0.20235171176777392,0.20235171176777392,-0.04348692900435649,0.04348692900435649,1.213205712591825,0.20235171176777392,0.20235171176777392,False,430
HAI a2,raw_rectified_support,raw data with rectified support,120,P1_FCV03D_01,25,25,0.010479499775820657,-0.017157471084075695,0.017157471084075695,0.22184414744291903,0.0766843014686411,0.2014750453168397,0.2014750453168397,-0.20830071428016853,0.20830071428016853,1.7460180514740553,0.2014750453168397,0.2014750453168397,False,431
HAI a2,raw_rectified_support,raw data with rectified support,271,P1_PIT01_02,25,25,0.010479499775820657,0.010441088772252567,0.010441088772252567,0.28010725501980976,0.046665828265062936,0.2014736865660984,0.2014736865660984,-0.274245115642704,0.274245115642704,1.4444295856756346,0.2014736865660984,0.2014736865660984,False,432
HAI a2,raw_rectified_support,raw data with rectified support,133,P1_FCV03Z_04,25,25,0.010479499775820657,-0.01603143958616956,0.01603143958616956,0.2286709640222215,0.07165157033795819,0.201152591313538,0.201152591313538,-0.16634303782135995,0.16634303782135995,1.808423603740065,0.201152591313538,0.201152591313538,False,433
HAI a2,raw_rectified_support,raw data with rectified support,270,P1_PIT01_01,25,25,0.010479499775820657,0.011314380471907809,0.011314380471907809,0.2803105842799693,0.05056895382699841,0.19840338705660465,0.19840338705660465,-0.2629615258624836,0.2629615258624836,1.429529704198101,0.19840338705660465,0.19840338705660465,False,434
HAI a2,raw_rectified_support,raw data with rectified support,132,P1_FCV03Z_03,25,25,0.010479499775820657,-0.015747329554922706,0.015747329554922706,0.23037326740586048,0.07038175736962281,0.1983411343035038,0.1983411343035038,-0.14978900218629299,0.14978900218629299,1.813951725300712,0.1983411343035038,0.1983411343035038,False,435
HAI a2,raw_rectified_support,raw data with rectified support,109,P1_FCV02D_10,25,25,0.010479499775820657,-0.02037115018480973,0.02037115018480973,0.07446022426809838,0.09104764999340631,0.1974322037426768,0.1974322037426768,-1.4406635402452082,1.4406635402452082,2.1710465447887426,0.1974322037426768,0.1974322037426768,False,436
HAI a2,raw_rectified_support,raw data with rectified support,107,P1_FCV02D_08,25,25,0.010479499775820657,-0.020151268235010088,0.020151268235010088,0.07286581799200832,0.09006490063347307,0.1971048878265328,0.1971048878265328,-1.4435701468165243,1.4435701468165243,2.2485821575215685,0.1971048878265328,0.1971048878265328,False,437
HAI a2,raw_rectified_support,raw data with rectified support,108,P1_FCV02D_09,25,25,0.010479499775820657,-0.019741945414532367,0.019741945414532367,0.07425534979023263,0.08823545651494906,0.19652124650743955,0.19652124650743955,-1.4505192809052387,1.4505192809052387,2.2552809913590925,0.19652124650743955,0.19652124650743955,False,438
HAI a2,raw_rectified_support,raw data with rectified support,131,P1_FCV03Z_02,25,25,0.010479499775820657,-0.015531317105260295,0.015531317105260295,0.22674984310004326,0.06941630251151926,0.1951727975635346,0.1951727975635346,-0.13932435344012392,0.13932435344012392,1.8202216183056248,0.1951727975635346,0.1951727975635346,False,439
HAI a2,raw_rectified_support,raw data with rectified support,105,P1_FCV02D_06,25,25,0.010479499775820657,-0.021625196728170235,0.021625196728170235,0.0697152695872062,0.09665253679260472,0.1930396337788377,0.1930396337788377,-1.4222936108152324,1.4222936108152324,2.2982269911094253,0.1930396337788377,0.1930396337788377,False,440
HAI a2,raw_rectified_support,raw data with rectified support,106,P1_FCV02D_07,25,25,0.010479499775820657,-0.020566756898210515,0.020566756898210515,0.06904853841610913,0.09192190262109325,0.19217343425318875,0.19217343425318875,-1.4041023881054084,1.4041023881054084,2.0965206513314567,0.19217343425318875,0.19217343425318875,False,441
HAI a2,raw_rectified_support,raw data with rectified support,130,P1_FCV03Z_01,25,25,0.010479499775820657,-0.015338966348159044,0.015338966348159044,0.22302587491890236,0.06855660218779475,0.19202217433908192,0.19202217433908192,-0.12534802227566494,0.12534802227566494,1.8318004648841102,0.19202217433908192,0.19202217433908192,False,442
HAI a2,raw_rectified_support,raw data with rectified support,577,P4_ST_PT01_08,25,25,0.010479499775820657,0.008153387012207634,0.008153387012207634,0.26871893419311316,0.03644108065639883,0.19151175812214558,0.19151175812214558,-0.32947247477012054,0.32947247477012054,1.547950686118998,0.19151175812214558,0.19151175812214558,False,443
HAI a2,raw_rectified_support,raw data with rectified support,578,P4_ST_PT01_09,25,25,0.010479499775820657,0.008370700873050606,0.008370700873050606,0.2682212728349691,0.037412352094744056,0.19127905345023927,0.19127905345023927,-0.32327699465969834,0.32327699465969834,1.5525437533470812,0.19127905345023927,0.19127905345023927,False,444
HAI a2,raw_rectified_support,raw data with rectified support,579,P4_ST_PT01_10,25,25,0.010479499775820657,0.009176064034218896,0.009176064034218896,0.2680936016161589,0.04101187507456635,0.18987294274591934,0.18987294274591934,-0.3153530202238442,0.3153530202238442,1.5651288730400958,0.18987294274591934,0.18987294274591934,False,445
HAI a2,raw_rectified_support,raw data with rectified support,575,P4_ST_PT01_06,25,25,0.010479499775820657,0.008777158699007005,0.008777158699007005,0.26929249637569996,0.03922899128983253,0.18976961694259867,0.18976961694259867,-0.3354432877657212,0.3354432877657212,1.5167360604096471,0.18976961694259867,0.18976961694259867,False,446
HAI a2,raw_rectified_support,raw data with rectified support,576,P4_ST_PT01_07,25,25,0.010479499775820657,0.008372801498831227,0.008372801498831227,0.2685593884838849,0.037421740717335616,0.18973465665119038,0.18973465665119038,-0.3315233971402917,0.3315233971402917,1.5741343373284924,0.18973465665119038,0.18973465665119038,False,447
HAI a2,raw_rectified_support,raw data with rectified support,574,P4_ST_PT01_05,25,25,0.010479499775820657,0.008804355363028132,0.008804355363028132,0.26879258390101296,0.0393505451699188,0.1881066249096899,0.1881066249096899,-0.324233614736976,0.324233614736976,1.5063065861013194,0.1881066249096899,0.1881066249096899,False,448
HAI a2,raw_rectified_support,raw data with rectified support,573,P4_ST_PT01_04,25,25,0.010479499775820657,0.008050480913106246,0.008050480913106246,0.2675479371407032,0.035981147937422735,0.1880477018332699,0.1880477018332699,-0.3286426625230091,0.3286426625230091,1.4847418995013457,0.1880477018332699,0.1880477018332699,False,449
HAI a2,raw_rectified_support,raw data with rectified support,103,P1_FCV02D_04,25,25,0.010479499775820657,-0.021100338616852836,0.021100338616852836,0.07609708961995032,0.0943067145301455,0.18688463729269622,0.18688463729269622,-1.4312197228672892,1.4312197228672892,2.232419760666907,0.18688463729269622,0.18688463729269622,False,450
HAI a2,raw_rectified_support,raw data with rectified support,100,P1_FCV02D_01,25,25,0.010479499775820657,-0.020686256857490957,0.020686256857490957,0.07684767553854885,0.09245600061595781,0.1868578163117601,0.1868578163117601,-1.4072194667281037,1.4072194667281037,2.112365620766773,0.1868578163117601,0.1868578163117601,False,451
HAI a2,raw_rectified_support,raw data with rectified support,572,P4_ST_PT01_03,25,25,0.010479499775820657,0.007972325379657507,0.007972325379657507,0.26749486361709773,0.03563183640665827,0.18515309499861707,0.18515309499861707,-0.3119478522723934,0.3119478522723934,1.4875529401485608,0.18515309499861707,0.18515309499861707,False,452
HAI a2,raw_rectified_support,raw data with rectified support,539,P4_ST_FD_10,25,25,0.010479499775820657,-0.004504244735546573,0.004504244735546573,0.04038673225380998,0.02013145524166277,0.18504830462928776,0.18504830462928776,-0.13816544176419582,0.13816544176419582,0.8351498902358501,0.18504830462928776,0.18504830462928776,False,453
HAI a2,raw_rectified_support,raw data with rectified support,571,P4_ST_PT01_02,25,25,0.010479499775820657,0.008601036756736222,0.008601036756736222,0.2674051326056167,0.038441824693417836,0.18447278622617225,0.18447278622617225,-0.31014408435946733,0.31014408435946733,1.4701119288437199,0.18447278622617225,0.18447278622617225,False,454
HAI a2,raw_rectified_support,raw data with rectified support,102,P1_FCV02D_03,25,25,0.010479499775820657,-0.021730035035470722,0.021730035035470722,0.07768453182875108,0.09712110540176029,0.18340579752076633,0.18340579752076633,-1.404631489130662,1.404631489130662,2.1942951811924174,0.18340579752076633,0.18340579752076633,False,455
HAI a2,raw_rectified_support,raw data with rectified support,570,P4_ST_PT01_01,25,25,0.010479499775820657,0.009104793433264962,0.009104793433264962,0.266761207212268,0.0406933353420719,0.18252656925713912,0.18252656925713912,-0.2973336456535648,0.2973336456535648,1.45410744733501,0.18252656925713912,0.18252656925713912,False,456
HAI a2,raw_rectified_support,raw data with rectified support,313,P2_24Vdc_04,25,25,0.010479499775820657,-0.041988014050808306,0.041988014050808306,0.24911904851287167,0.18766294355175248,0.17667493779066729,0.17667493779066729,-0.9145015799271645,0.9145015799271645,1.7162674596239789,0.17667493779066729,0.17667493779066729,False,457
HAI a2,raw_rectified_support,raw data with rectified support,101,P1_FCV02D_02,25,25,0.010479499775820657,-0.02215750904173465,0.02215750904173465,0.08179389400130667,0.09903167517079667,0.1765268607883968,0.1765268607883968,-1.3795508612267486,1.3795508612267486,2.03248111461101,0.1765268607883968,0.1765268607883968,False,458
HAI a2,raw_rectified_support,raw data with rectified support,536,P4_ST_FD_07,25,25,0.010479499775820657,-0.0005478990087424834,0.0005478990087424834,0.03397301416722468,0.002448802189722103,0.174883184729987,0.174883184729987,-0.10293162168912656,0.10293162168912656,0.8723856931393531,0.174883184729987,0.174883184729987,False,459
HAI a2,raw_rectified_support,raw data with rectified support,530,P4_ST_FD_01,25,25,0.010479499775820657,-0.0033205100766338543,0.0033205100766338543,0.036347786342904566,0.014840823248280502,0.17305120854646394,0.17305120854646394,-0.06250870274971798,0.06250870274971798,1.4116111725740905,0.17305120854646394,0.17305120854646394,False,460
HAI a2,raw_rectified_support,raw data with rectified support,315,P2_24Vdc_06,25,25,0.010479499775820657,-0.039282868729347144,0.039282868729347144,0.2595578853933435,0.17557245665360208,0.17235145763044624,0.17235145763044624,-0.8752896522460503,0.8752896522460503,1.5384123935339475,0.17235145763044624,0.17235145763044624,False,461
HAI a2,raw_rectified_support,raw data with rectified support,311,P2_24Vdc_02,25,25,0.010479499775820657,-0.035089814252326976,0.035089814252326976,0.2451538706413253,0.1568318478532363,0.17224309140307806,0.17224309140307806,-0.7541848165021054,0.7541848165021054,1.4355571425484943,0.17224309140307806,0.17224309140307806,False,462
HAI a2,raw_rectified_support,raw data with rectified support,318,P2_24Vdc_09,25,25,0.010479499775820657,-0.03444648978620534,0.03444648978620534,0.23747610134577635,0.15395654722994043,0.17122447155315587,0.17122447155315587,-0.7433356729079914,0.7433356729079914,1.4207522313766185,0.17122447155315587,0.17122447155315587,False,463
HAI a2,raw_rectified_support,raw data with rectified support,316,P2_24Vdc_07,25,25,0.010479499775820657,-0.03478377757614003,0.03478377757614003,0.21961919603422142,0.15546403504316772,0.16352497104600278,0.16352497104600278,-0.8208636135713707,0.8208636135713707,1.6428661705930485,0.16352497104600278,0.16352497104600278,False,464
HAI a2,raw_rectified_support,raw data with rectified support,312,P2_24Vdc_03,25,25,0.010479499775820657,-0.03700852724182932,0.03700852724182932,0.23461248972018522,0.16540742199221042,0.1611377101680544,0.1611377101680544,-0.7444769538160454,0.7444769538160454,1.3013111828351005,0.1611377101680544,0.1611377101680544,False,465
HAI a2,raw_rectified_support,raw data with rectified support,485,P4_HT_FD_06,25,25,0.010479499775820657,-2.054117653297258e-05,2.054117653297258e-05,0.056388403869523915,9.180757269275056e-05,0.16065837707326053,0.16065837707326053,-0.026927083811747105,0.026927083811747105,1.048026806166026,0.16065837707326053,0.16065837707326053,False,466
HAI a2,raw_rectified_support,raw data with rectified support,319,P2_24Vdc_10,25,25,0.010479499775820657,-0.04448440811079445,0.04448440811079445,0.2520624588902023,0.19882042904261704,0.15956529030725747,0.15956529030725747,-1.041747278700759,1.041747278700759,1.7529628064878824,0.15956529030725747,0.15956529030725747,False,467
HAI a2,raw_rectified_support,raw data with rectified support,317,P2_24Vdc_08,25,25,0.010479499775820657,-0.03974917753671904,0.03974917753671904,0.24740623690631222,0.17765659626757918,0.15797652109693366,0.15797652109693366,-0.7704254105016223,0.7704254105016223,1.3173874948489936,0.15797652109693366,0.15797652109693366,False,468
HAI a2,raw_rectified_support,raw data with rectified support,281,P1_PIT02_02,25,25,0.010479499775820657,-0.01689824493832077,0.01689824493832077,0.191132739108121,0.07552570555364788,0.15498138350719598,0.15498138350719598,0.3437053336097315,0.3437053336097315,1.0886637501782963,0.15498138350719598,0.15498138350719598,False,469
HAI a2,raw_rectified_support,raw data with rectified support,282,P1_PIT02_03,25,25,0.010479499775820657,-0.016906074863680905,0.016906074863680905,0.19125155733856336,0.07556070094159585,0.15479636173244382,0.15479636173244382,0.34198601985433374,0.34198601985433374,1.1108228599041428,0.15479636173244382,0.15479636173244382,False,470
HAI a2,raw_rectified_support,raw data with rectified support,283,P1_PIT02_04,25,25,0.010479499775820657,-0.01695543663175751,0.01695543663175751,0.19144341391080105,0.07578132044231732,0.15450496964586208,0.15450496964586208,0.33632718129924577,0.33632718129924577,1.1254568130122615,0.15450496964586208,0.15450496964586208,False,471
HAI a2,raw_rectified_support,raw data with rectified support,486,P4_HT_FD_07,25,25,0.010479499775820657,-0.002166460687258731,0.002166460687258731,0.02176151019213528,0.009682867810041124,0.15406656717271416,0.15406656717271416,-0.09595777830894835,0.09595777830894835,1.1752859632832493,0.15406656717271416,0.15406656717271416,False,472
HAI a2,raw_rectified_support,raw data with rectified support,531,P4_ST_FD_02,25,25,0.010479499775820657,-0.0035554392755283316,0.0035554392755283316,0.029347736076101773,0.01589082539740439,0.15319999347473726,0.15319999347473726,-0.059401903249180404,0.059401903249180404,1.0256823112072224,0.15319999347473726,0.15319999347473726,False,473
HAI a2,raw_rectified_support,raw data with rectified support,299,P1_TIT01_10,25,25,0.010479499775820657,0.012447712314589847,0.012447712314589847,0.16934465074521304,0.05563431341655367,0.15302732606610234,0.15302732606610234,1.1517057001230353,1.1517057001230353,1.3181678446845584,0.15302732606610234,0.15302732606610234,False,474
HAI a2,raw_rectified_support,raw data with rectified support,280,P1_PIT02_01,25,25,0.010479499775820657,-0.01700001199554703,0.01700001199554703,0.1908170089301152,0.07598054739238237,0.1528091938018695,0.1528091938018695,0.33499118484581525,0.33499118484581525,1.0640277531677345,0.1528091938018695,0.1528091938018695,False,475
HAI a2,raw_rectified_support,raw data with rectified support,298,P1_TIT01_09,25,25,0.010479499775820657,0.012423673915059597,0.012423673915059597,0.17016941193210025,0.05552687521267337,0.152448973953318,0.152448973953318,1.150783573461629,1.150783573461629,1.3219567748254564,0.152448973953318,0.152448973953318,False,476
HAI a2,raw_rectified_support,raw data with rectified support,297,P1_TIT01_08,25,25,0.010479499775820657,0.012461497137551746,0.012461497137551746,0.17130249509798712,0.055695923866865504,0.15221322384781064,0.15221322384781064,1.1495022225490845,1.1495022225490845,1.3222424511362163,0.15221322384781064,0.15221322384781064,False,477
HAI a2,raw_rectified_support,raw data with rectified support,284,P1_PIT02_05,25,25,0.010479499775820657,-0.01714909475960459,0.01714909475960459,0.19124121306570857,0.07664686398220771,0.1518467644412654,0.1518467644412654,0.3223257141939053,0.3223257141939053,1.1169518309166286,0.1518467644412654,0.1518467644412654,False,478
HAI a2,raw_rectified_support,raw data with rectified support,296,P1_TIT01_07,25,25,0.010479499775820657,0.012450167695381155,0.012450167695381155,0.17224097371207503,0.05564528759566773,0.15151156203368285,0.15151156203368285,1.144966135492492,1.144966135492492,1.308509795870549,0.15151156203368285,0.15151156203368285,False,479
HAI a2,raw_rectified_support,raw data with rectified support,295,P1_TIT01_06,25,25,0.010479499775820657,0.012422909646279906,0.012422909646279906,0.17351944163767208,0.0555234593585992,0.1514646228614287,0.1514646228614287,1.1443547364066955,1.1443547364066955,1.3079609333901345,0.1514646228614287,0.1514646228614287,False,480
HAI a2,raw_rectified_support,raw data with rectified support,285,P1_PIT02_06,25,25,0.010479499775820657,-0.01717922298257738,0.01717922298257738,0.1910146112085583,0.07678152029151103,0.15106917176007803,0.15106917176007803,0.31687073988978426,0.31687073988978426,1.1159346086842343,0.15106917176007803,0.15106917176007803,False,481
HAI a2,raw_rectified_support,raw data with rectified support,294,P1_TIT01_05,25,25,0.010479499775820657,0.012389133114131114,0.012389133114131114,0.17429770627541036,0.05537249714737525,0.15023105842941525,0.15023105842941525,1.1391072740134565,1.1391072740134565,1.3135588989594307,0.15023105842941525,0.15023105842941525,False,482
HAI a2,raw_rectified_support,raw data with rectified support,293,P1_TIT01_04,25,25,0.010479499775820657,0.012287952983349146,0.012287952983349146,0.1757140121003353,0.05492027854164365,0.15007605398542623,0.15007605398542623,1.1362286071733885,1.1362286071733885,1.2899212159996654,0.15007605398542623,0.15007605398542623,False,483
HAI a2,raw_rectified_support,raw data with rectified support,292,P1_TIT01_03,25,25,0.010479499775820657,0.012314928752567369,0.012314928752567369,0.17655493204260755,0.055040845145482985,0.14964842914071227,0.14964842914071227,1.1339179233837242,1.1339179233837242,1.3111452220756374,0.14964842914071227,0.14964842914071227,False,484
HAI a2,raw_rectified_support,raw data with rectified support,286,P1_PIT02_07,25,25,0.010479499775820657,-0.016988566523686365,0.016988566523686365,0.19099846303490808,0.07592939253335255,0.14941121206208063,0.14941121206208063,0.3173018772021535,0.3173018772021535,1.1069177847689997,0.14941121206208063,0.14941121206208063,False,485
HAI a2,raw_rectified_support,raw data with rectified support,287,P1_PIT02_08,25,25,0.010479499775820657,-0.016460324627462403,0.016460324627462403,0.190945375415009,0.07356844664453789,0.1489165170308351,0.1489165170308351,0.3282482289670496,0.3282482289670496,1.0903711689510978,0.1489165170308351,0.1489165170308351,False,486
HAI a2,raw_rectified_support,raw data with rectified support,290,P1_TIT01_01,25,25,0.010479499775820657,0.012328286947477311,0.012328286947477311,0.1788477421685434,0.055100548806968484,0.14881809664278062,0.14881809664278062,1.1288897889046017,1.1288897889046017,1.2948194478759134,0.14881809664278062,0.14881809664278062,False,487
HAI a2,raw_rectified_support,raw data with rectified support,291,P1_TIT01_02,25,25,0.010479499775820657,0.012350791623143282,0.012350791623143282,0.17769984133698202,0.055201132122817693,0.14868555203586936,0.14868555203586936,1.1316604686524312,1.1316604686524312,1.278278100192229,0.14868555203586936,0.14868555203586936,False,488
HAI a2,raw_rectified_support,raw data with rectified support,288,P1_PIT02_09,25,25,0.010479499775820657,-0.016116986958237264,0.016116986958237264,0.19138223837746593,0.0720339192539111,0.1486451418060023,0.1486451418060023,0.32935330142634867,0.32935330142634867,1.0751519703326637,0.1486451418060023,0.1486451418060023,False,489
HAI a2,raw_rectified_support,raw data with rectified support,289,P1_PIT02_10,25,25,0.010479499775820657,-0.015758047518481547,0.015758047518481547,0.19177964808076356,0.07042966067335844,0.14601468537772255,0.14601468537772255,0.3260417511357353,0.3260417511357353,1.071905687686128,0.14601468537772255,0.14601468537772255,False,490
HAI a2,raw_rectified_support,raw data with rectified support,484,P4_HT_FD_05,25,25,0.010479499775820657,-0.001948182549861792,0.001948182549861792,0.038369445865723245,0.008707286594712963,0.11095756797709193,0.11095756797709193,-0.22208468378710416,0.22208468378710416,1.151064028297571,0.11095756797709193,0.11095756797709193,False,491
HAI a2,raw_rectified_support,raw data with rectified support,537,P4_ST_FD_08,25,25,0.010479499775820657,-0.00022993582579123212,0.00022993582579123212,0.031878337582218405,0.0010276845635940456,0.1088333281809441,0.1088333281809441,0.03489255218637874,0.03489255218637874,0.7068712362215037,0.1088333281809441,0.1088333281809441,False,492
HAI a2,raw_rectified_support,raw data with rectified support,487,P4_HT_FD_08,25,25,0.010479499775820657,-0.002326149929153817,0.002326149929153817,0.025979900842565698,0.010396589424769474,0.10140750921695733,0.10140750921695733,-0.15872860599554584,0.15872860599554584,0.986741482198592,0.10140750921695733,0.10140750921695733,False,493
HAI a2,raw_rectified_support,raw data with rectified support,488,P4_HT_FD_09,25,25,0.010479499775820657,-0.0036907627879393477,0.0036907627879393477,0.03972460274108312,0.016495645826398328,0.09030054973970371,0.09030054973970371,-0.25054215825227155,0.25054215825227155,0.906852532548352,0.09030054973970371,0.09030054973970371,False,494
HAI a2,raw_rectified_support,raw data with rectified support,489,P4_HT_FD_10,25,25,0.010479499775820657,-0.004739767144046989,0.004739767144046989,0.025835176421521232,0.021184108706008637,0.08648530479469277,0.08648530479469277,-0.22573713503742404,0.22573713503742404,0.8447527132125527,0.08648530479469277,0.08648530479469277,False,495
HAI a2,raw_rectified_support,raw data with rectified support,320,P2_Auto_01,25,25,0.010479499775820657,0.0,0.0,0.0,0.0,0.0,0.0,0.0,0.0,0.0,0.0,0.0,False,496
HAI a2,raw_rectified_support,raw data with rectified support,321,P2_Auto_02,25,25,0.010479499775820657,0.0,0.0,0.0,0.0,0.0,0.0,0.0,0.0,0.0,0.0,0.0,False,497
HAI a2,raw_rectified_support,raw data with rectified support,322,P2_Auto_03,25,25,0.010479499775820657,0.0,0.0,0.0,0.0,0.0,0.0,0.0,0.0,0.0,0.0,0.0,False,498
HAI a2,raw_rectified_support,raw data with rectified support,323,P2_Auto_04,25,25,0.010479499775820657,0.0,0.0,0.0,0.0,0.0,0.0,0.0,0.0,0.0,0.0,0.0,False,499
HAI a2,raw_rectified_support,raw data with rectified support,324,P2_Auto_05,25,25,0.010479499775820657,0.0,0.0,0.0,0.0,0.0,0.0,0.0,0.0,0.0,0.0,0.0,False,500
HAI a2,raw_rectified_support,raw data with rectified support,325,P2_Auto_06,25,25,0.010479499775820657,0.0,0.0,0.0,0.0,0.0,0.0,0.0,0.0,0.0,0.0,0.0,False,501
HAI a2,raw_rectified_support,raw data with rectified support,326,P2_Auto_07,25,25,0.010479499775820657,0.0,0.0,0.0,0.0,0.0,0.0,0.0,0.0,0.0,0.0,0.0,False,502
HAI a2,raw_rectified_support,raw data with rectified support,327,P2_Auto_08,25,25,0.010479499775820657,0.0,0.0,0.0,0.0,0.0,0.0,0.0,0.0,0.0,0.0,0.0,False,503
HAI a2,raw_rectified_support,raw data with rectified support,328,P2_Auto_09,25,25,0.010479499775820657,0.0,0.0,0.0,0.0,0.0,0.0,0.0,0.0,0.0,0.0,0.0,False,504
HAI a2,raw_rectified_support,raw data with rectified support,329,P2_Auto_10,25,25,0.010479499775820657,0.0,0.0,0.0,0.0,0.0,0.0,0.0,0.0,0.0,0.0,0.0,False,505
HAI a2,raw_rectified_support,raw data with rectified support,330,P2_Emgy_01,25,25,0.010479499775820657,0.0,0.0,0.0,0.0,0.0,0.0,0.0,0.0,0.0,0.0,0.0,False,506
HAI a2,raw_rectified_support,raw data with rectified support,331,P2_Emgy_02,25,25,0.010479499775820657,0.0,0.0,0.0,0.0,0.0,0.0,0.0,0.0,0.0,0.0,0.0,False,507
HAI a2,raw_rectified_support,raw data with rectified support,332,P2_Emgy_03,25,25,0.010479499775820657,0.0,0.0,0.0,0.0,0.0,0.0,0.0,0.0,0.0,0.0,0.0,False,508
HAI a2,raw_rectified_support,raw data with rectified support,333,P2_Emgy_04,25,25,0.010479499775820657,0.0,0.0,0.0,0.0,0.0,0.0,0.0,0.0,0.0,0.0,0.0,False,509
HAI a2,raw_rectified_support,raw data with rectified support,334,P2_Emgy_05,25,25,0.010479499775820657,0.0,0.0,0.0,0.0,0.0,0.0,0.0,0.0,0.0,0.0,0.0,False,510
HAI a2,raw_rectified_support,raw data with rectified support,335,P2_Emgy_06,25,25,0.010479499775820657,0.0,0.0,0.0,0.0,0.0,0.0,0.0,0.0,0.0,0.0,0.0,False,511
HAI a2,raw_rectified_support,raw data with rectified support,336,P2_Emgy_07,25,25,0.010479499775820657,0.0,0.0,0.0,0.0,0.0,0.0,0.0,0.0,0.0,0.0,0.0,False,512
HAI a2,raw_rectified_support,raw data with rectified support,337,P2_Emgy_08,25,25,0.010479499775820657,0.0,0.0,0.0,0.0,0.0,0.0,0.0,0.0,0.0,0.0,0.0,False,513
HAI a2,raw_rectified_support,raw data with rectified support,338,P2_Emgy_09,25,25,0.010479499775820657,0.0,0.0,0.0,0.0,0.0,0.0,0.0,0.0,0.0,0.0,0.0,False,514
HAI a2,raw_rectified_support,raw data with rectified support,339,P2_Emgy_10,25,25,0.010479499775820657,0.0,0.0,0.0,0.0,0.0,0.0,0.0,0.0,0.0,0.0,0.0,False,515
HAI a2,raw_rectified_support,raw data with rectified support,340,P2_On_01,25,25,0.010479499775820657,0.0,0.0,0.0,0.0,0.0,0.0,0.0,0.0,0.0,0.0,0.0,False,516
HAI a2,raw_rectified_support,raw data with rectified support,341,P2_On_02,25,25,0.010479499775820657,0.0,0.0,0.0,0.0,0.0,0.0,0.0,0.0,0.0,0.0,0.0,False,517
HAI a2,raw_rectified_support,raw data with rectified support,342,P2_On_03,25,25,0.010479499775820657,0.0,0.0,0.0,0.0,0.0,0.0,0.0,0.0,0.0,0.0,0.0,False,518
HAI a2,raw_rectified_support,raw data with rectified support,343,P2_On_04,25,25,0.010479499775820657,0.0,0.0,0.0,0.0,0.0,0.0,0.0,0.0,0.0,0.0,0.0,False,519
HAI a2,raw_rectified_support,raw data with rectified support,344,P2_On_05,25,25,0.010479499775820657,0.0,0.0,0.0,0.0,0.0,0.0,0.0,0.0,0.0,0.0,0.0,False,520
HAI a2,raw_rectified_support,raw data with rectified support,345,P2_On_06,25,25,0.010479499775820657,0.0,0.0,0.0,0.0,0.0,0.0,0.0,0.0,0.0,0.0,0.0,False,521
HAI a2,raw_rectified_support,raw data with rectified support,346,P2_On_07,25,25,0.010479499775820657,0.0,0.0,0.0,0.0,0.0,0.0,0.0,0.0,0.0,0.0,0.0,False,522
HAI a2,raw_rectified_support,raw data with rectified support,347,P2_On_08,25,25,0.010479499775820657,0.0,0.0,0.0,0.0,0.0,0.0,0.0,0.0,0.0,0.0,0.0,False,523
HAI a2,raw_rectified_support,raw data with rectified support,348,P2_On_09,25,25,0.010479499775820657,0.0,0.0,0.0,0.0,0.0,0.0,0.0,0.0,0.0,0.0,0.0,False,524
HAI a2,raw_rectified_support,raw data with rectified support,349,P2_On_10,25,25,0.010479499775820657,0.0,0.0,0.0,0.0,0.0,0.0,0.0,0.0,0.0,0.0,0.0,False,525
HAI a2,raw_rectified_support,raw data with rectified support,370,P2_TripEx_01,25,25,0.010479499775820657,0.0,0.0,0.0,0.0,0.0,0.0,0.0,0.0,0.0,0.0,0.0,False,526
HAI a2,raw_rectified_support,raw data with rectified support,371,P2_TripEx_02,25,25,0.010479499775820657,0.0,0.0,0.0,0.0,0.0,0.0,0.0,0.0,0.0,0.0,0.0,False,527
HAI a2,raw_rectified_support,raw data with rectified support,372,P2_TripEx_03,25,25,0.010479499775820657,0.0,0.0,0.0,0.0,0.0,0.0,0.0,0.0,0.0,0.0,0.0,False,528
HAI a2,raw_rectified_support,raw data with rectified support,373,P2_TripEx_04,25,25,0.010479499775820657,0.0,0.0,0.0,0.0,0.0,0.0,0.0,0.0,0.0,0.0,0.0,False,529
HAI a2,raw_rectified_support,raw data with rectified support,374,P2_TripEx_05,25,25,0.010479499775820657,0.0,0.0,0.0,0.0,0.0,0.0,0.0,0.0,0.0,0.0,0.0,False,530
HAI a2,raw_rectified_support,raw data with rectified support,375,P2_TripEx_06,25,25,0.010479499775820657,0.0,0.0,0.0,0.0,0.0,0.0,0.0,0.0,0.0,0.0,0.0,False,531
HAI a2,raw_rectified_support,raw data with rectified support,376,P2_TripEx_07,25,25,0.010479499775820657,0.0,0.0,0.0,0.0,0.0,0.0,0.0,0.0,0.0,0.0,0.0,False,532
HAI a2,raw_rectified_support,raw data with rectified support,377,P2_TripEx_08,25,25,0.010479499775820657,0.0,0.0,0.0,0.0,0.0,0.0,0.0,0.0,0.0,0.0,0.0,False,533
HAI a2,raw_rectified_support,raw data with rectified support,378,P2_TripEx_09,25,25,0.010479499775820657,0.0,0.0,0.0,0.0,0.0,0.0,0.0,0.0,0.0,0.0,0.0,False,534
HAI a2,raw_rectified_support,raw data with rectified support,379,P2_TripEx_10,25,25,0.010479499775820657,0.0,0.0,0.0,0.0,0.0,0.0,0.0,0.0,0.0,0.0,0.0,False,535
HAI a2,raw_rectified_support,raw data with rectified support,450,P3_LH_01,25,25,0.010479499775820657,0.0,0.0,0.0,0.0,0.0,0.0,0.0,0.0,0.0,0.0,0.0,False,536
HAI a2,raw_rectified_support,raw data with rectified support,451,P3_LH_02,25,25,0.010479499775820657,0.0,0.0,0.0,0.0,0.0,0.0,0.0,0.0,0.0,0.0,0.0,False,537
HAI a2,raw_rectified_support,raw data with rectified support,452,P3_LH_03,25,25,0.010479499775820657,0.0,0.0,0.0,0.0,0.0,0.0,0.0,0.0,0.0,0.0,0.0,False,538
HAI a2,raw_rectified_support,raw data with rectified support,453,P3_LH_04,25,25,0.010479499775820657,0.0,0.0,0.0,0.0,0.0,0.0,0.0,0.0,0.0,0.0,0.0,False,539
HAI a2,raw_rectified_support,raw data with rectified support,454,P3_LH_05,25,25,0.010479499775820657,0.0,0.0,0.0,0.0,0.0,0.0,0.0,0.0,0.0,0.0,0.0,False,540
HAI a2,raw_rectified_support,raw data with rectified support,455,P3_LH_06,25,25,0.010479499775820657,0.0,0.0,0.0,0.0,0.0,0.0,0.0,0.0,0.0,0.0,0.0,False,541
HAI a2,raw_rectified_support,raw data with rectified support,456,P3_LH_07,25,25,0.010479499775820657,0.0,0.0,0.0,0.0,0.0,0.0,0.0,0.0,0.0,0.0,0.0,False,542
HAI a2,raw_rectified_support,raw data with rectified support,457,P3_LH_08,25,25,0.010479499775820657,0.0,0.0,0.0,0.0,0.0,0.0,0.0,0.0,0.0,0.0,0.0,False,543
HAI a2,raw_rectified_support,raw data with rectified support,458,P3_LH_09,25,25,0.010479499775820657,0.0,0.0,0.0,0.0,0.0,0.0,0.0,0.0,0.0,0.0,0.0,False,544
HAI a2,raw_rectified_support,raw data with rectified support,459,P3_LH_10,25,25,0.010479499775820657,0.0,0.0,0.0,0.0,0.0,0.0,0.0,0.0,0.0,0.0,0.0,False,545
HAI a2,raw_rectified_support,raw data with rectified support,460,P3_LL_01,25,25,0.010479499775820657,0.0,0.0,0.0,0.0,0.0,0.0,0.0,0.0,0.0,0.0,0.0,False,546
HAI a2,raw_rectified_support,raw data with rectified support,461,P3_LL_02,25,25,0.010479499775820657,0.0,0.0,0.0,0.0,0.0,0.0,0.0,0.0,0.0,0.0,0.0,False,547
HAI a2,raw_rectified_support,raw data with rectified support,462,P3_LL_03,25,25,0.010479499775820657,0.0,0.0,0.0,0.0,0.0,0.0,0.0,0.0,0.0,0.0,0.0,False,548
HAI a2,raw_rectified_support,raw data with rectified support,463,P3_LL_04,25,25,0.010479499775820657,0.0,0.0,0.0,0.0,0.0,0.0,0.0,0.0,0.0,0.0,0.0,False,549
HAI a2,raw_rectified_support,raw data with rectified support,464,P3_LL_05,25,25,0.010479499775820657,0.0,0.0,0.0,0.0,0.0,0.0,0.0,0.0,0.0,0.0,0.0,False,550
HAI a2,raw_rectified_support,raw data with rectified support,465,P3_LL_06,25,25,0.010479499775820657,0.0,0.0,0.0,0.0,0.0,0.0,0.0,0.0,0.0,0.0,0.0,False,551
HAI a2,raw_rectified_support,raw data with rectified support,466,P3_LL_07,25,25,0.010479499775820657,0.0,0.0,0.0,0.0,0.0,0.0,0.0,0.0,0.0,0.0,0.0,False,552
HAI a2,raw_rectified_support,raw data with rectified support,467,P3_LL_08,25,25,0.010479499775820657,0.0,0.0,0.0,0.0,0.0,0.0,0.0,0.0,0.0,0.0,0.0,False,553
HAI a2,raw_rectified_support,raw data with rectified support,468,P3_LL_09,25,25,0.010479499775820657,0.0,0.0,0.0,0.0,0.0,0.0,0.0,0.0,0.0,0.0,0.0,False,554
HAI a2,raw_rectified_support,raw data with rectified support,469,P3_LL_10,25,25,0.010479499775820657,0.0,0.0,0.0,0.0,0.0,0.0,0.0,0.0,0.0,0.0,0.0,False,555
HAI a2,raw_rectified_support,raw data with rectified support,510,P4_HT_PS_01,25,25,0.010479499775820657,0.0,0.0,0.0,0.0,0.0,0.0,0.0,0.0,0.0,0.0,0.0,False,556
HAI a2,raw_rectified_support,raw data with rectified support,511,P4_HT_PS_02,25,25,0.010479499775820657,0.0,0.0,0.0,0.0,0.0,0.0,0.0,0.0,0.0,0.0,0.0,False,557
HAI a2,raw_rectified_support,raw data with rectified support,512,P4_HT_PS_03,25,25,0.010479499775820657,0.0,0.0,0.0,0.0,0.0,0.0,0.0,0.0,0.0,0.0,0.0,False,558
HAI a2,raw_rectified_support,raw data with rectified support,513,P4_HT_PS_04,25,25,0.010479499775820657,0.0,0.0,0.0,0.0,0.0,0.0,0.0,0.0,0.0,0.0,0.0,False,559
HAI a2,raw_rectified_support,raw data with rectified support,514,P4_HT_PS_05,25,25,0.010479499775820657,0.0,0.0,0.0,0.0,0.0,0.0,0.0,0.0,0.0,0.0,0.0,False,560
HAI a2,raw_rectified_support,raw data with rectified support,515,P4_HT_PS_06,25,25,0.010479499775820657,0.0,0.0,0.0,0.0,0.0,0.0,0.0,0.0,0.0,0.0,0.0,False,561
HAI a2,raw_rectified_support,raw data with rectified support,516,P4_HT_PS_07,25,25,0.010479499775820657,0.0,0.0,0.0,0.0,0.0,0.0,0.0,0.0,0.0,0.0,0.0,False,562
HAI a2,raw_rectified_support,raw data with rectified support,517,P4_HT_PS_08,25,25,0.010479499775820657,0.0,0.0,0.0,0.0,0.0,0.0,0.0,0.0,0.0,0.0,0.0,False,563
HAI a2,raw_rectified_support,raw data with rectified support,518,P4_HT_PS_09,25,25,0.010479499775820657,0.0,0.0,0.0,0.0,0.0,0.0,0.0,0.0,0.0,0.0,0.0,False,564
HAI a2,raw_rectified_support,raw data with rectified support,519,P4_HT_PS_10,25,25,0.010479499775820657,0.0,0.0,0.0,0.0,0.0,0.0,0.0,0.0,0.0,0.0,0.0,False,565
HAI a2,rectified,rectified sparse baseline,1,P1_B2004_06,25,25,0.36870046639935367,0.4889508116251703,0.4889508116251703,0.9991453412358081,0.779010425277472,1.000067648176096,1.000067648176096,0.9983571713193556,0.9983571713193556,1.0212820654726829,1.000067648176096,1.000067648176096,True,1
HAI a2,rectified,rectified sparse baseline,14,P1_B3005_03,25,25,0.36870046639935367,0.44447423965674426,0.44447423965674426,0.9991014368190633,0.708149078041242,0.9942858807710813,0.9942858807710813,0.9976034727661879,0.9976034727661879,1.0171662425073589,0.9942858807710813,0.9942858807710813,False,2
HAI a2,rectified,rectified sparse baseline,13,P1_B3005_01,25,25,0.36870046639935367,0.44394201169672576,0.44394201169672576,0.9982032030058156,0.7073011172246918,0.9930774914215479,0.9930774914215479,0.9960079228497872,0.9960079228497872,1.0315516400648335,0.9930774914215479,0.9930774914215479,False,3
HAI a2,rectified,rectified sparse baseline,442,P4_ST_PS_01,25,25,0.36870046639935367,0.2964638447730794,0.2964638447730794,0.7661355112763285,0.47233468133215023,0.7189679435767613,0.7189679435767613,0.8104846396386901,0.8104846396386901,1.2051231590655833,0.7189679435767613,0.7189679435767613,False,4
HAI a2,rectified,rectified sparse baseline,443,P4_ST_PS_03,25,25,0.36870046639935367,0.29591514674937003,0.29591514674937003,0.7650446355721314,0.4714604799388076,0.7156134493283873,0.7156134493283873,0.8079177126669996,0.8079177126669996,1.1895896870931957,0.7156134493283873,0.7156134493283873,False,5
HAI a2,rectified,rectified sparse baseline,453,P4_ST_PT01_10,25,25,0.36870046639935367,0.12255807424938142,0.12255807424938142,0.4452247126799899,0.19526303111117238,0.6718047001323264,0.6718047001323264,0.32955263850060534,0.32955263850060534,1.5777613571451268,0.6718047001323264,0.6718047001323264,False,6
HAI a2,rectified,rectified sparse baseline,451,P4_ST_PT01_08,25,25,0.36870046639935367,0.12666806086771304,0.12666806086771304,0.4420143706770559,0.20181117940606808,0.6673613661064999,0.6673613661064999,0.3338356314506019,0.3338356314506019,1.544453531952064,0.6673613661064999,0.6673613661064999,False,7
HAI a2,rectified,rectified sparse baseline,452,P4_ST_PT01_09,25,25,0.36870046639935367,0.1296123137208149,0.1296123137208149,0.43841336891989285,0.20650204730665672,0.6654553904479276,0.6654553904479276,0.348277954851774,0.348277954851774,1.6216440338575593,0.6654553904479276,0.6654553904479276,False,8
HAI a2,rectified,rectified sparse baseline,446,P4_ST_PT01_03,25,25,0.36870046639935367,0.13308993064025149,0.13308993064025149,0.4452247126799899,0.21204268610089036,0.6521864590248093,0.6521864590248093,0.3542178414065693,0.3542178414065693,1.5971224703354894,0.6521864590248093,0.6521864590248093,False,9
HAI a2,rectified,rectified sparse baseline,445,P4_ST_PT01_02,25,25,0.36870046639935367,0.13158055402131466,0.13158055402131466,0.44804129734276776,0.20963790407810637,0.6486647961928264,0.6486647961928264,0.3537726336735242,0.3537726336735242,1.4679343706918524,0.6486647961928264,0.6486647961928264,False,10
HAI a2,rectified,rectified sparse baseline,450,P4_ST_PT01_07,25,25,0.36870046639935367,0.1337231800439734,0.1337231800439734,0.4408128045084864,0.21305159717245697,0.6457221867993628,0.6457221867993628,0.3555495572852653,0.3555495572852653,1.53004006342142,0.6457221867993628,0.6457221867993628,False,11
HAI a2,rectified,rectified sparse baseline,444,P4_ST_PT01_01,25,25,0.36870046639935367,0.13553172514352674,0.13553172514352674,0.4468333147994455,0.21593302297979683,0.6431225672386279,0.6431225672386279,0.36377106289045524,0.36377106289045524,1.569422524047749,0.6431225672386279,0.6431225672386279,False,12
HAI a2,rectified,rectified sparse baseline,448,P4_ST_PT01_05,25,25,0.36870046639935367,0.13234106087322234,0.13234106087322234,0.4444212762142113,0.21084956535782054,0.6425967236593128,0.6425967236593128,0.35113853403214346,0.35113853403214346,1.4155068232576047,0.6425967236593128,0.6425967236593128,False,13
HAI a2,rectified,rectified sparse baseline,449,P4_ST_PT01_06,25,25,0.36870046639935367,0.13185253798667235,0.13185253798667235,0.4424151703403574,0.21007123671501868,0.6404460460171102,0.6404460460171102,0.3552639170309881,0.3552639170309881,1.4148579819929532,0.6404460460171102,0.6404460460171102,False,14
HAI a2,rectified,rectified sparse baseline,447,P4_ST_PT01_04,25,25,0.36870046639935367,0.13561274658531386,0.13561274658531386,0.44241517034035754,0.21606210865942457,0.636867290557243,0.636867290557243,0.3553395252158138,0.3553395252158138,1.5405486791658225,0.636867290557243,0.636867290557243,False,15
HAI a2,rectified,rectified sparse baseline,12,P1_B3004_01,25,25,0.36870046639935367,0.20408321430968804,0.20408321430968804,0.3740129743993161,0.3251512172419909,0.6139522858587233,0.6139522858587233,0.44001402992711847,0.44001402992711847,2.0708908558371544,0.6139522858587233,0.6139522858587233,False,16
HAI a2,rectified,rectified sparse baseline,106,P1_FT01_09,25,25,0.36870046639935367,0.06134704431743249,0.06134704431743249,0.33598639374115585,0.09773986656120905,0.5833754093809106,0.5833754093809106,0.15130632401996338,0.15130632401996338,1.7452155558776725,0.5833754093809106,0.5833754093809106,False,17
HAI a2,rectified,rectified sparse baseline,107,P1_FT01_10,25,25,0.36870046639935367,0.06368827157093768,0.06368827157093768,0.3358550923000036,0.1014699768198713,0.577244743145153,0.577244743145153,0.1540607814744737,0.1540607814744737,1.70547291479323,0.577244743145153,0.577244743145153,False,18
HAI a2,rectified,rectified sparse baseline,117,P1_FT01Z_10,25,25,0.36870046639935367,0.0680333319112192,0.0680333319112192,0.33328608166614593,0.10839265129562983,0.5762580960233337,0.5762580960233337,0.1695396246180561,0.1695396246180561,1.707559851129677,0.5762580960233337,0.5762580960233337,False,19
HAI a2,rectified,rectified sparse baseline,236,P1_PIT01_09,25,25,0.36870046639935367,0.0771034944133717,0.0771034944133717,0.35237228972771667,0.12284349375287522,0.5743681077609231,0.5743681077609231,0.21227469672716986,0.21227469672716986,1.5713492113831369,0.5743681077609231,0.5743681077609231,False,20
HAI a2,rectified,rectified sparse baseline,235,P1_PIT01_08,25,25,0.36870046639935367,0.07876914453345478,0.07876914453345478,0.3527562476194787,0.12549725518972932,0.5694330421226521,0.5694330421226521,0.22590953470733394,0.22590953470733394,1.522753775739099,0.5694330421226521,0.5694330421226521,False,21
HAI a2,rectified,rectified sparse baseline,237,P1_PIT01_10,25,25,0.36870046639935367,0.07625034353998447,0.07625034353998447,0.35198833423829806,0.12148422936696655,0.5673669855686997,0.5673669855686997,0.21240390811668902,0.21240390811668902,1.5198373844427997,0.5673669855686997,0.5673669855686997,False,22
HAI a2,rectified,rectified sparse baseline,234,P1_PIT01_07,25,25,0.36870046639935367,0.0803698508970882,0.0803698508970882,0.35160438046665304,0.12804754637532684,0.5655034805155421,0.5655034805155421,0.2221074825463173,0.2221074825463173,1.5317416649542248,0.5655034805155421,0.5655034805155421,False,23
HAI a2,rectified,rectified sparse baseline,233,P1_PIT01_06,25,25,0.36870046639935367,0.08291265073706,0.08291265073706,0.35122042772674184,0.13209880784710543,0.5539446477023561,0.5539446477023561,0.225679450592015,0.225679450592015,1.5575310380097724,0.5539446477023561,0.5539446477023561,False,24
HAI a2,rectified,rectified sparse baseline,219,P1_PCV02Z_02,25,25,0.36870046639935367,0.3696778565031609,0.3696778565031609,0.8152939351975831,0.5889813399695496,0.5506071318713595,0.5506071318713595,0.9521018069924738,0.9521018069924738,1.2494725845276502,0.5506071318713595,0.5506071318713595,False,25
HAI a2,rectified,rectified sparse baseline,116,P1_FT01Z_09,25,25,0.36870046639935367,0.07241984439714384,0.07241984439714384,0.32981178056756544,0.1153813685160538,0.5489488439332959,0.5489488439332959,0.1748750244444893,0.1748750244444893,1.7149804944700298,0.5489488439332959,0.5489488439332959,False,26
HAI a2,rectified,rectified sparse baseline,228,P1_PIT01_01,25,25,0.36870046639935367,0.09203392053107154,0.09203392053107154,0.3542921168502478,0.14663107590426658,0.5484175110758523,0.5484175110758523,0.2571750636083967,0.2571750636083967,1.5327748636723952,0.5484175110758523,0.5484175110758523,False,27
HAI a2,rectified,rectified sparse baseline,114,P1_FT01Z_07,25,25,0.36870046639935367,0.06712814184797074,0.06712814184797074,0.3314887790966367,0.10695047658324036,0.5478931080133604,0.5478931080133604,0.16894513934098368,0.16894513934098368,1.7455947874747875,0.5478931080133604,0.5478931080133604,False,28
HAI a2,rectified,rectified sparse baseline,232,P1_PIT01_05,25,25,0.36870046639935367,0.08905570652813925,0.08905570652813925,0.3493006553867959,0.14188610012790945,0.5470260297737688,0.5470260297737688,0.2423806635036758,0.2423806635036758,1.6145207287663967,0.5470260297737688,0.5470260297737688,False,29
HAI a2,rectified,rectified sparse baseline,112,P1_FT01Z_05,25,25,0.36870046639935367,0.07855443801175804,0.07855443801175804,0.3266169364558403,0.12515517861515346,0.5458881576722218,0.5458881576722218,0.20127190515195048,0.20127190515195048,1.7588830972848655,0.5458881576722218,0.5458881576722218,False,30
HAI a2,rectified,rectified sparse baseline,231,P1_PIT01_04,25,25,0.36870046639935367,0.08872854272045559,0.08872854272045559,0.35045252259049375,0.14136485338713417,0.5443606416291357,0.5443606416291357,0.23958572986339546,0.23958572986339546,1.497402968361607,0.5443606416291357,0.5443606416291357,False,31
HAI a2,rectified,rectified sparse baseline,103,P1_FT01_06,25,25,0.36870046639935367,0.06800031165956438,0.06800031165956438,0.3299397982523887,0.10834004248576021,0.5423526028035436,0.5423526028035436,0.16839619757232926,0.16839619757232926,1.7644226464288004,0.5423526028035436,0.5423526028035436,False,32
HAI a2,rectified,rectified sparse baseline,113,P1_FT01Z_06,25,25,0.36870046639935367,0.07529662800290683,0.07529662800290683,0.33135628898107017,0.11996474248102978,0.5416716709830071,0.5416716709830071,0.1906569050001926,0.1906569050001926,1.7585423454599958,0.5416716709830071,0.5416716709830071,False,33
HAI a2,rectified,rectified sparse baseline,104,P1_FT01_07,25,25,0.36870046639935367,0.0762262445682368,0.0762262445682368,0.32672074873417667,0.12144583419554326,0.5409136230561694,0.5409136230561694,0.1914775217795846,0.1914775217795846,1.7241509103317172,0.5409136230561694,0.5409136230561694,False,34
HAI a2,rectified,rectified sparse baseline,102,P1_FT01_05,25,25,0.36870046639935367,0.07479940592960636,0.07479940592960636,0.33097022044021657,0.11917255404495437,0.5403243052731226,0.5403243052731226,0.19185476924641215,0.19185476924641215,1.7597549311281264,0.5403243052731226,0.5403243052731226,False,35
HAI a2,rectified,rectified sparse baseline,115,P1_FT01Z_08,25,25,0.36870046639935367,0.07619862212503287,0.07619862212503287,0.3263341650848604,0.12140182532856546,0.5398477785287681,0.5398477785287681,0.18970976349369417,0.18970976349369417,1.7024478401845207,0.5398477785287681,0.5398477785287681,False,36
HAI a2,rectified,rectified sparse baseline,105,P1_FT01_08,25,25,0.36870046639935367,0.07486586320356364,0.07486586320356364,0.3282666176658279,0.11927843567561609,0.5394233540181829,0.5394233540181829,0.18430418418532657,0.18430418418532657,1.7540916055939235,0.5394233540181829,0.5394233540181829,False,37
HAI a2,rectified,rectified sparse baseline,101,P1_FT01_04,25,25,0.36870046639935367,0.08074379788820256,0.08074379788820256,0.32777297193788446,0.12864332942272783,0.538109056914469,0.538109056914469,0.20664192345863874,0.20664192345863874,1.7391570206747768,0.538109056914469,0.538109056914469,False,38
HAI a2,rectified,rectified sparse baseline,229,P1_PIT01_02,25,25,0.36870046639935367,0.0923051961811231,0.0923051961811231,0.35198833423829784,0.14706328003296346,0.5359207096026537,0.5359207096026537,0.2533359091146983,0.2533359091146983,1.49902495678333,0.5359207096026537,0.5359207096026537,False,39
HAI a2,rectified,rectified sparse baseline,230,P1_PIT01_03,25,25,0.36870046639935367,0.09032357323510272,0.09032357323510272,0.3500685688145789,0.1439061016477022,0.534068144569335,0.534068144569335,0.23783695880454211,0.23783695880454211,1.4572885453793687,0.534068144569335,0.534068144569335,False,40
HAI a2,rectified,rectified sparse baseline,100,P1_FT01_03,25,25,0.36870046639935367,0.07868609417445196,0.07868609417445196,0.32738767280745973,0.12536493698113244,0.5294907937798052,0.5294907937798052,0.19930578260819673,0.19930578260819673,1.7587678125872757,0.5294907937798052,0.5294907937798052,False,41
HAI a2,rectified,rectified sparse baseline,111,P1_FT01Z_04,25,25,0.36870046639935367,0.08192940220714887,0.08192940220714887,0.3254604745138554,0.13053226815184726,0.5210005568840772,0.5210005568840772,0.21096322156985076,0.21096322156985076,1.7438847541589455,0.5210005568840772,0.5210005568840772,False,42
HAI a2,rectified,rectified sparse baseline,98,P1_FT01_01,25,25,0.36870046639935367,0.08534072522513339,0.08534072522513339,0.3216911637924743,0.13596728560516966,0.5151900328849619,0.5151900328849619,0.21323791022129887,0.21323791022129887,1.7685460270802844,0.5151900328849619,0.5151900328849619,False,43
HAI a2,rectified,rectified sparse baseline,109,P1_FT01Z_02,25,25,0.36870046639935367,0.08458596549512654,0.08458596549512654,0.3244005072412169,0.134764780804532,0.5120212972425623,0.5120212972425623,0.21537051781709474,0.21537051781709474,1.7777633299509634,0.5120212972425623,0.5120212972425623,False,44
HAI a2,rectified,rectified sparse baseline,108,P1_FT01Z_01,25,25,0.36870046639935367,0.09085558923296178,0.09085558923296178,0.32401362195004263,0.14475372476007434,0.504377353541611,0.504377353541611,0.22887881598714307,0.22887881598714307,1.8298321971537927,0.504377353541611,0.504377353541611,False,45
HAI a2,rectified,rectified sparse baseline,99,P1_FT01_02,25,25,0.36870046639935367,0.08346817930118978,0.08346817930118978,0.3232396909662314,0.13298389185291393,0.5028828701232106,0.5028828701232106,0.2107191556599633,0.2107191556599633,1.7501852355884862,0.5028828701232106,0.5028828701232106,False,46
HAI a2,rectified,rectified sparse baseline,110,P1_FT01Z_03,25,25,0.36870046639935367,0.08949466531228753,0.08949466531228753,0.32091655401863906,0.14258546182440002,0.49597192707818805,0.49597192707818805,0.2249933034402511,0.2249933034402511,1.7872568329381369,0.49597192707818805,0.49597192707818805,False,47
HAI a2,rectified,rectified sparse baseline,16,P1_B4002_01,25,25,0.36870046639935367,0.054847025549813945,0.054847025549813945,0.09926823217201917,0.0873838506510528,0.4884942360123885,0.4884942360123885,0.21491447923117107,0.21491447923117107,1.4733184658215706,0.4884942360123885,0.4884942360123885,False,48
HAI a2,rectified,rectified sparse baseline,221,P1_PCV02Z_04,25,25,0.36870046639935367,0.3783746003153651,0.3783746003153651,0.8169707658256279,0.60283724108393,0.4846485142681221,0.4846485142681221,0.9732254210255384,0.9732254210255384,1.2358661315027517,0.4846485142681221,0.4846485142681221,False,49
HAI a2,rectified,rectified sparse baseline,218,P1_PCV02Z_01,25,25,0.36870046639935367,0.3684530507081573,0.3684530507081573,0.7668713804713811,0.5870299443269558,0.45699742009541094,0.45699742009541094,0.9488256785851488,0.9488256785851488,1.2358448674744034,0.45699742009541094,0.45699742009541094,False,50
HAI a2,rectified,rectified sparse baseline,226,P1_PCV02Z_09,25,25,0.36870046639935367,0.3798390716722698,0.3798390716722698,0.807135490275442,0.6051704787582006,0.4515106103294224,0.4515106103294224,0.9715437988938469,0.9715437988938469,1.1837188514796686,0.4515106103294224,0.4515106103294224,False,51
HAI a2,rectified,rectified sparse baseline,286,P2_SIT01_07,25,25,0.36870046639935367,0.21865234532734848,0.21865234532734848,0.414664412741759,0.3483631737008983,0.4225557220932616,0.4225557220932616,0.6245585424230117,0.6245585424230117,1.2422723943600023,0.4225557220932616,0.4225557220932616,False,52
HAI a2,rectified,rectified sparse baseline,283,P2_SIT01_04,25,25,0.36870046639935367,0.22500652395360723,0.22500652395360723,0.4068343131680513,0.35848683292436534,0.41498015365703167,0.41498015365703167,0.6211065516552189,0.6211065516552189,1.2563700751413185,0.41498015365703167,0.41498015365703167,False,53
HAI a2,rectified,rectified sparse baseline,280,P2_SIT01_01,25,25,0.36870046639935367,0.21719222415338424,0.21719222415338424,0.41152781460875176,0.34603686686257673,0.4114652294844424,0.4114652294844424,0.5984369097276723,0.5984369097276723,1.1999890685052728,0.4114652294844424,0.4114652294844424,False,54
HAI a2,rectified,rectified sparse baseline,282,P2_SIT01_03,25,25,0.36870046639935367,0.21857399052346516,0.21857399052346516,0.4111361765490117,0.34823833658508946,0.4097345670471384,0.4097345670471384,0.6133664030846027,0.6133664030846027,1.3174597454163184,0.4097345670471384,0.4097345670471384,False,55
HAI a2,rectified,rectified sparse baseline,281,P2_SIT01_02,25,25,0.36870046639935367,0.22035500265703406,0.22035500265703406,0.4099618310333114,0.3510758960831182,0.40031897317161386,0.40031897317161386,0.6100859638786424,0.6100859638786424,1.242591866462976,0.40031897317161386,0.40031897317161386,False,56
HAI a2,rectified,rectified sparse baseline,285,P2_SIT01_06,25,25,0.36870046639935367,0.22200393372015903,0.22200393372015903,0.4130953297505921,0.35370302023998107,0.3973322725475756,0.3973322725475756,0.6088797525573626,0.6088797525573626,1.3312007280130582,0.3973322725475756,0.3973322725475756,False,57
HAI a2,rectified,rectified sparse baseline,284,P2_SIT01_05,25,25,0.36870046639935367,0.22820193398470023,0.22820193398470023,0.4052727060127337,0.3635778516282384,0.39206345636374274,0.39206345636374274,0.6257290651110964,0.6257290651110964,1.1607563533097702,0.39206345636374274,0.39206345636374274,False,58
HAI a2,rectified,rectified sparse baseline,287,P2_SIT01_08,25,25,0.36870046639935367,0.2223906814454089,0.2223906814454089,0.4127033053956734,0.35431919778332255,0.3915341953496834,0.3915341953496834,0.6265085472274035,0.6265085472274035,1.0977700889109652,0.3915341953496834,0.3915341953496834,False,59
HAI a2,rectified,rectified sparse baseline,288,P2_SIT01_09,25,25,0.36870046639935367,0.21667419618899586,0.21667419618899586,0.41780742716263486,0.3452115298854225,0.3912278241374249,0.3912278241374249,0.6069611580321341,0.6069611580321341,1.3110443829983538,0.3912278241374249,0.3912278241374249,False,60
HAI a2,rectified,rectified sparse baseline,331,P2_VYT03_02,25,25,0.36870046639935367,-0.33047306282652505,0.33047306282652505,0.6119631437331507,0.5265191407691026,0.36817548537505956,0.36817548537505956,-0.8553642132550452,0.8553642132550452,2.2849571052530657,0.36817548537505956,0.36817548537505956,False,61
HAI a2,rectified,rectified sparse baseline,332,P2_VYT03_03,25,25,0.36870046639935367,-0.3238208470823705,0.3238208470823705,0.6056582089256404,0.5159206402805423,0.36053263788372564,0.36053263788372564,-0.8612122846228987,0.8612122846228987,2.319492795857857,0.36053263788372564,0.36053263788372564,False,62
HAI a2,rectified,rectified sparse baseline,330,P2_VYT03_01,25,25,0.36870046639935367,-0.3295385390410132,0.3295385390410132,0.6162131204375174,0.5250302307309666,0.3603901215994476,0.3603901215994476,-0.8526941864001967,0.8526941864001967,2.2095489872744256,0.3603901215994476,0.3603901215994476,False,63
HAI a2,rectified,rectified sparse baseline,338,P2_VYT03_09,25,25,0.36870046639935367,-0.32690678903057674,0.32690678903057674,0.5994480560916589,0.5208372513021364,0.3585065232027722,0.3585065232027722,-0.8493579543117226,0.8493579543117226,2.3065417371583217,0.3585065232027722,0.3585065232027722,False,64
HAI a2,rectified,rectified sparse baseline,300,P2_VXT02_01,25,25,0.36870046639935367,-0.34869883869698803,0.34869883869698803,0.650317884714754,0.5555569684488846,0.35798494050768703,0.35798494050768703,-0.893130177342511,0.893130177342511,1.8883851305983117,0.35798494050768703,0.35798494050768703,False,65
HAI a2,rectified,rectified sparse baseline,339,P2_VYT03_10,25,25,0.36870046639935367,-0.32452436850508726,0.32452436850508726,0.5987735492446883,0.5170415107437302,0.35361196730848377,0.35361196730848377,-0.8581114481696019,0.8581114481696019,2.57825419062002,0.35361196730848377,0.35361196730848377,False,66
HAI a2,rectified,rectified sparse baseline,227,P1_PCV02Z_10,25,25,0.36870046639935367,0.37370492145126233,0.37370492145126233,0.7611732027634377,0.5953973750864836,0.3520266852143434,0.3520266852143434,0.9501761601824572,0.9501761601824572,1.205026581300984,0.3520266852143434,0.3520266852143434,False,67
HAI a2,rectified,rectified sparse baseline,370,P3_LT01_10,25,25,0.36870046639935367,0.07230679610027825,0.07230679610027825,0.2853406239673925,0.11520125673440965,0.34902410748061774,0.34902410748061774,0.18661571368909952,0.18661571368909952,0.7610005412730161,0.34902410748061774,0.34902410748061774,False,68
HAI a2,rectified,rectified sparse baseline,222,P1_PCV02Z_05,25,25,0.36870046639935367,0.380079649270414,0.380079649270414,0.8022038839292779,0.6055537738721194,0.34886543080852234,0.34886543080852234,0.9752554059598854,0.9752554059598854,1.2554765558800185,0.34886543080852234,0.34886543080852234,False,69
HAI a2,rectified,rectified sparse baseline,369,P3_LT01_09,25,25,0.36870046639935367,0.07296811172245678,0.07296811172245678,0.28451122144803015,0.11625488370838605,0.34559427371702683,0.34559427371702683,0.18812612228738285,0.18812612228738285,0.7636636900651117,0.34559427371702683,0.34559427371702683,False,70
HAI a2,rectified,rectified sparse baseline,368,P3_LT01_08,25,25,0.36870046639935367,0.07529323487307311,0.07529323487307311,0.28422192908437455,0.11995933644947826,0.3441618247526294,0.3441618247526294,0.1923186271368925,0.1923186271368925,0.837773173771713,0.3441618247526294,0.3441618247526294,False,71
HAI a2,rectified,rectified sparse baseline,302,P2_VXT02_03,25,25,0.36870046639935367,-0.36452790799056695,0.36452790799056695,0.6698377054268027,0.5807762946243578,0.3426921561873923,0.3426921561873923,-0.9368114964324448,0.9368114964324448,2.0015728900085556,0.3426921561873923,0.3426921561873923,False,72
HAI a2,rectified,rectified sparse baseline,367,P3_LT01_07,25,25,0.36870046639935367,0.07700744429317816,0.07700744429317816,0.2825636667938187,0.12269046395273801,0.3402900213761405,0.3402900213761405,0.19900791296272527,0.19900791296272527,0.8553895185389411,0.3402900213761405,0.3402900213761405,False,73
HAI a2,rectified,rectified sparse baseline,76,P1_FCV02Z_09,25,25,0.36870046639935367,0.15161222995984516,0.15161222995984516,0.25008767973303575,0.24155294342537276,0.3387900094138678,0.3387900094138678,0.3604165488300678,0.3604165488300678,1.429803522221532,0.3387900094138678,0.3387900094138678,False,74
HAI a2,rectified,rectified sparse baseline,73,P1_FCV02Z_06,25,25,0.36870046639935367,0.15710190916117978,0.15710190916117978,0.26279358071503595,0.25029925742586356,0.33819090713921224,0.33819090713921224,0.37366499702836997,0.37366499702836997,1.1933226476974657,0.33819090713921224,0.33819090713921224,False,75
HAI a2,rectified,rectified sparse baseline,366,P3_LT01_06,25,25,0.36870046639935367,0.07628404499023964,0.07628404499023964,0.28256366679381867,0.12153792348193995,0.3369937100217641,0.3369937100217641,0.19626533685860328,0.19626533685860328,0.8720304789613803,0.3369937100217641,0.3369937100217641,False,76
HAI a2,rectified,rectified sparse baseline,74,P1_FCV02Z_07,25,25,0.36870046639935367,0.1548973067628418,0.1548973067628418,0.2556321319552958,0.24678682179621672,0.33698773724907144,0.33698773724907144,0.36828012800586235,0.36828012800586235,1.264086085887648,0.33698773724907144,0.33698773724907144,False,77
HAI a2,rectified,rectified sparse baseline,75,P1_FCV02Z_08,25,25,0.36870046639935367,0.15267599934224535,0.15267599934224535,0.25241443611004966,0.24324777124706376,0.3360753545991496,0.3360753545991496,0.36691746683639437,0.36691746683639437,1.3579728738237902,0.3360753545991496,0.3360753545991496,False,78
HAI a2,rectified,rectified sparse baseline,245,P1_PIT02_08,25,25,0.36870046639935367,-0.013652625864000723,0.013652625864000723,0.2302782071055109,0.021751754220673266,0.33599403910596604,0.33599403910596604,-0.054029930434879275,0.054029930434879275,1.015541831066821,0.33599403910596604,0.33599403910596604,False,79
HAI a2,rectified,rectified sparse baseline,365,P3_LT01_05,25,25,0.36870046639935367,0.07714146665792565,0.07714146665792565,0.2839443684052203,0.12290399221954182,0.33462226943449064,0.33462226943449064,0.1976079732232997,0.1976079732232997,0.9103846621469526,0.33462226943449064,0.33462226943449064,False,80
HAI a2,rectified,rectified sparse baseline,246,P1_PIT02_09,25,25,0.36870046639935367,-0.02027921330856491,0.02027921330856491,0.23028984982676662,0.03230942296892689,0.3343343326259497,0.3343343326259497,-0.07730806122848013,0.07730806122848013,1.1601294737771308,0.3343343326259497,0.3343343326259497,False,81
HAI a2,rectified,rectified sparse baseline,243,P1_PIT02_06,25,25,0.36870046639935367,-0.013117197421967352,0.013117197421967352,0.23182297862160525,0.02089869430458947,0.3343250262817607,0.3343250262817607,-0.06086729876049746,0.06086729876049746,1.2295473814433264,0.3343250262817607,0.3343250262817607,False,82
HAI a2,rectified,rectified sparse baseline,77,P1_FCV02Z_10,25,25,0.36870046639935367,0.15409949044957813,0.15409949044957813,0.25391465981540545,0.24551571801499367,0.33373366532371107,0.33373366532371107,0.3715656185126563,0.3715656185126563,1.4354770571339321,0.33373366532371107,0.33373366532371107,False,83
HAI a2,rectified,rectified sparse baseline,363,P3_LT01_03,25,25,0.36870046639935367,0.07814287449316079,0.07814287449316079,0.2831166487850634,0.12449946383970296,0.33260386807355136,0.33260386807355136,0.2004320813600779,0.2004320813600779,0.9301618669211452,0.33260386807355136,0.33260386807355136,False,84
HAI a2,rectified,rectified sparse baseline,71,P1_FCV02Z_04,25,25,0.36870046639935367,0.15384977570555028,0.15384977570555028,0.25320070184435234,0.24511786533877739,0.33181689443349616,0.33181689443349616,0.36466709411159703,0.36466709411159703,1.1490151436493579,0.33181689443349616,0.33181689443349616,False,85
HAI a2,rectified,rectified sparse baseline,72,P1_FCV02Z_05,25,25,0.36870046639935367,0.15411705417577612,0.15411705417577612,0.25269861533446436,0.24554370104618953,0.3316957543590702,0.3316957543590702,0.3653985311223552,0.3653985311223552,1.1823716596367837,0.3316957543590702,0.3316957543590702,False,86
HAI a2,rectified,rectified sparse baseline,364,P3_LT01_04,25,25,0.36870046639935367,0.07893436528601296,0.07893436528601296,0.2827025732193685,0.1257604896207904,0.3305948139165043,0.3305948139165043,0.20156026547354616,0.20156026547354616,0.897163688715065,0.3305948139165043,0.3305948139165043,False,87
HAI a2,rectified,rectified sparse baseline,362,P3_LT01_02,25,25,0.36870046639935367,0.08053137804844242,0.08053137804844242,0.2814594685889558,0.12830489605525083,0.32935889526021034,0.32935889526021034,0.20595022687504966,0.20595022687504966,0.898081106425392,0.32935889526021034,0.32935889526021034,False,88
HAI a2,rectified,rectified sparse baseline,7,P1_B2016_06,25,25,0.36870046639935367,0.14257882347868842,0.14257882347868842,0.3130924091591196,0.22716066171261667,0.3282934919316113,0.3282934919316113,0.3449418081649611,0.3449418081649611,0.9364257658287992,0.3282934919316113,0.3282934919316113,False,89
HAI a2,rectified,rectified sparse baseline,68,P1_FCV02Z_01,25,25,0.36870046639935367,0.14909812662051114,0.14909812662051114,0.2469099338146506,0.23754740203961164,0.3279810116192401,0.3279810116192401,0.3464786343187469,0.3464786343187469,1.2898436352817761,0.3279810116192401,0.3279810116192401,False,90
HAI a2,rectified,rectified sparse baseline,241,P1_PIT02_04,25,25,0.36870046639935367,-0.014941937893661035,0.014941937893661035,0.23917443243200917,0.023805923042282674,0.32777459882075155,0.32777459882075155,-0.062873563573584,0.062873563573584,1.2692658789142652,0.32777459882075155,0.32777459882075155,False,91
HAI a2,rectified,rectified sparse baseline,9,P1_B2016_08,25,25,0.36870046639935367,0.14986302520321415,0.14986302520321415,0.3088240125535889,0.23876606035050613,0.32612658426818597,0.32612658426818597,0.36203765940416405,0.36203765940416405,0.8673096093508346,0.32612658426818597,0.32612658426818597,False,92
HAI a2,rectified,rectified sparse baseline,240,P1_PIT02_03,25,25,0.36870046639935367,-0.018734364470640114,0.018734364470640114,0.23336094173491273,0.02984812559175069,0.3255157017231826,0.3255157017231826,-0.08409147085665175,0.08409147085665175,1.170008028557143,0.3255157017231826,0.3255157017231826,False,93
HAI a2,rectified,rectified sparse baseline,10,P1_B2016_09,25,25,0.36870046639935367,0.14608339476269763,0.14608339476269763,0.3111534659950765,0.23274424497183444,0.3254568461459821,0.3254568461459821,0.35277164615995776,0.35277164615995776,0.8612095168470716,0.3254568461459821,0.3254568461459821,False,94
HAI a2,rectified,rectified sparse baseline,361,P3_LT01_01,25,25,0.36870046639935367,0.08121256733186547,0.08121256733186547,0.28145946858895576,0.12939018631504212,0.32523647402192385,0.32523647402192385,0.21155838593552573,0.21155838593552573,0.9180041632133306,0.32523647402192385,0.32523647402192385,False,95
HAI a2,rectified,rectified sparse baseline,208,P1_PCV02D_01,25,25,0.36870046639935367,-0.06415663094199318,0.06415663094199318,0.1448838612075697,0.10221618037277252,0.3238297958147254,0.3238297958147254,-0.1465422982051336,0.1465422982051336,1.3877063088281254,0.3238297958147254,0.3238297958147254,False,96
HAI a2,rectified,rectified sparse baseline,11,P1_B2016_10,25,25,0.36870046639935367,0.14688160051546695,0.14688160051546695,0.3099891216214189,0.23401596921922238,0.3224785762057454,0.3224785762057454,0.3649880192425954,0.3649880192425954,0.8112495337800822,0.3224785762057454,0.3224785762057454,False,97
HAI a2,rectified,rectified sparse baseline,6,P1_B2016_05,25,25,0.36870046639935367,0.14319408035193454,0.14319408035193454,0.31386743719402566,0.228140906569741,0.3224584768624226,0.3224584768624226,0.34851447701910787,0.34851447701910787,0.966034147528424,0.3224584768624226,0.3224584768624226,False,98
HAI a2,rectified,rectified sparse baseline,244,P1_PIT02_07,25,25,0.36870046639935367,-0.0174622809151533,0.0174622809151533,0.23316692134702893,0.027821405668217898,0.32162049804602844,0.32162049804602844,-0.0588139010455474,0.0588139010455474,1.1036562842397868,0.32162049804602844,0.32162049804602844,False,99
HAI a2,rectified,rectified sparse baseline,8,P1_B2016_07,25,25,0.36870046639935367,0.14583684754089898,0.14583684754089898,0.31154141523117573,0.232351438882678,0.3211888230642571,0.3211888230642571,0.35879439412905806,0.35879439412905806,0.8655733375968372,0.3211888230642571,0.3211888230642571,False,100
HAI a2,rectified,rectified sparse baseline,242,P1_PIT02_05,25,25,0.36870046639935367,-0.024518811656502805,0.024518811656502805,0.23470745364137968,0.039064072380501254,0.3203281181687806,0.3203281181687806,-0.08256459969993668,0.08256459969993668,1.1467063474914576,0.3203281181687806,0.3203281181687806,False,101
HAI a2,rectified,rectified sparse baseline,88,P1_FCV03Z_01,25,25,0.36870046639935367,0.22104552971867353,0.22104552971867353,0.36971081936567296,0.352176063558381,0.31992290984573224,0.31992290984573224,0.5434784041332115,0.5434784041332115,1.4684147202539142,0.31992290984573224,0.31992290984573224,False,102
HAI a2,rectified,rectified sparse baseline,209,P1_PCV02D_02,25,25,0.36870046639935367,-0.06391537043017077,0.06391537043017077,0.14488386120756971,0.10183179722123883,0.31790623397820345,0.31790623397820345,-0.144683990269899,0.144683990269899,1.391074440278659,0.31790623397820345,0.31790623397820345,False,103
HAI a2,rectified,rectified sparse baseline,97,P1_FCV03Z_10,25,25,0.36870046639935367,0.2272154072610586,0.2272154072610586,0.36742137025722693,0.36200608902091747,0.31640445173194054,0.31640445173194054,0.5533703316287804,0.5533703316287804,1.2609157935303088,0.31640445173194054,0.31640445173194054,False,104
HAI a2,rectified,rectified sparse baseline,69,P1_FCV02Z_02,25,25,0.36870046639935367,0.1525881238386363,0.1525881238386363,0.2470447712558438,0.24310776548000013,0.31446537908115113,0.31446537908115113,0.3676196027346078,0.3676196027346078,1.23448014972474,0.31446537908115113,0.31446537908115113,False,105
HAI a2,rectified,rectified sparse baseline,70,P1_FCV02Z_03,25,25,0.36870046639935367,0.15041355920385058,0.15041355920385058,0.24260846993194876,0.2396431868748287,0.3124484869815502,0.3124484869815502,0.36014125043576,0.36014125043576,1.173673464655156,0.3124484869815502,0.3124484869815502,False,106
HAI a2,rectified,rectified sparse baseline,89,P1_FCV03Z_02,25,25,0.36870046639935367,0.21452391971711687,0.21452391971711687,0.36013214404336835,0.341785647876443,0.31191515262566094,0.31191515262566094,0.5273738037129201,0.5273738037129201,1.442604482086798,0.31191515262566094,0.31191515262566094,False,107
HAI a2,rectified,rectified sparse baseline,314,P2_VXT03_05,25,25,0.36870046639935367,-0.34364410571080567,0.34364410571080567,0.6178583854791064,0.5475036232051331,0.3115602169436396,0.3115602169436396,-0.8963429985671424,0.8963429985671424,1.6381801942283556,0.3115602169436396,0.3115602169436396,False,108
HAI a2,rectified,rectified sparse baseline,301,P2_VXT02_02,25,25,0.36870046639935367,-0.3661639652891439,0.3661639652891439,0.6475610817670497,0.5833829079311371,0.311429818529193,0.311429818529193,-0.9220542721518836,0.9220542721518836,1.8645205377608154,0.311429818529193,0.311429818529193,False,109
HAI a2,rectified,rectified sparse baseline,96,P1_FCV03Z_09,25,25,0.36870046639935367,0.23045400558511417,0.23045400558511417,0.37619611102177286,0.36716591654904823,0.31129871163883127,0.31129871163883127,0.5553124885284093,0.5553124885284093,1.3448189436463873,0.31129871163883127,0.31129871163883127,False,110
HAI a2,rectified,rectified sparse baseline,90,P1_FCV03Z_03,25,25,0.36870046639935367,0.23846806806161083,0.23846806806161083,0.395039952434967,0.37993415022324,0.31093033975530765,0.31093033975530765,0.5761176862607091,0.5761176862607091,1.4976209759453893,0.31093033975530765,0.31093033975530765,False,111
HAI a2,rectified,rectified sparse baseline,210,P1_PCV02D_03,25,25,0.36870046639935367,-0.06390202171998736,0.06390202171998736,0.13920479027885732,0.10181052967417757,0.31029607840052237,0.31029607840052237,-0.14433576101455856,0.14433576101455856,1.3850094358587124,0.31029607840052237,0.31029607840052237,False,112
HAI a2,rectified,rectified sparse baseline,92,P1_FCV03Z_05,25,25,0.36870046639935367,0.23578467942270817,0.23578467942270817,0.38200515077720754,0.37565889865380653,0.3096981439311025,0.3096981439311025,0.569219460815867,0.569219460815867,1.4210735947067834,0.3096981439311025,0.3096981439311025,False,113
HAI a2,rectified,rectified sparse baseline,91,P1_FCV03Z_04,25,25,0.36870046639935367,0.23755220499954852,0.23755220499954852,0.3903387396457678,0.3784749709837135,0.30731433816165443,0.30731433816165443,0.5739234635028243,0.5739234635028243,1.4787624518218798,0.30731433816165443,0.30731433816165443,False,114
HAI a2,rectified,rectified sparse baseline,238,P1_PIT02_01,25,25,0.36870046639935367,-0.013628944258779052,0.013628944258779052,0.2368431806173739,0.02171402400954289,0.30641485724300005,0.30641485724300005,-0.08352787441771936,0.08352787441771936,1.10355193962626,0.30641485724300005,0.30641485724300005,False,115
HAI a2,rectified,rectified sparse baseline,247,P1_PIT02_10,25,25,0.36870046639935367,-0.022554097039702712,0.022554097039702712,0.23143928829790933,0.03593383282921565,0.3044813630993958,0.3044813630993958,-0.08060350766992994,0.08060350766992994,1.2418696110808742,0.3044813630993958,0.3044813630993958,False,116
HAI a2,rectified,rectified sparse baseline,93,P1_FCV03Z_06,25,25,0.36870046639935367,0.2318830922530495,0.2318830922530495,0.3764199019703511,0.3694427783242571,0.30325509583104215,0.30325509583104215,0.5572517393926806,0.5572517393926806,1.3440662786572275,0.30325509583104215,0.30325509583104215,False,117
HAI a2,rectified,rectified sparse baseline,211,P1_PCV02D_04,25,25,0.36870046639935367,-0.06430390828039503,0.06430390828039503,0.1335257193501449,0.10245082684291708,0.30317310744998416,0.30317310744998416,-0.1430898402716356,0.1430898402716356,1.3827416503909304,0.30317310744998416,0.30317310744998416,False,118
HAI a2,rectified,rectified sparse baseline,5,P1_B2016_04,25,25,0.36870046639935367,0.14947158130555255,0.14947158130555255,0.3115414152311758,0.238142400730889,0.30251914498140237,0.30251914498140237,0.36325174247870284,0.36325174247870284,1.0539199915664137,0.30251914498140237,0.30251914498140237,False,119
HAI a2,rectified,rectified sparse baseline,239,P1_PIT02_02,25,25,0.36870046639935367,-0.015229095642691043,0.015229095642691043,0.22989421903426097,0.0242634309855665,0.30120462204827103,0.30120462204827103,-0.0700323390797828,0.0700323390797828,0.917224634319439,0.30120462204827103,0.30120462204827103,False,120
HAI a2,rectified,rectified sparse baseline,333,P2_VYT03_04,25,25,0.36870046639935367,-0.3247110625212431,0.3247110625212431,0.6058970922504231,0.5173389569928506,0.30047439545619326,0.30047439545619326,-0.8304943259778645,0.8304943259778645,2.0516963823690793,0.30047439545619326,0.30047439545619326,False,121
HAI a2,rectified,rectified sparse baseline,336,P2_VYT03_07,25,25,0.36870046639935367,-0.3299295845077231,0.3299295845077231,0.6022928721008489,0.5256532555589896,0.29976227766045666,0.29976227766045666,-0.8727639703619372,0.8727639703619372,2.3556488925377157,0.29976227766045666,0.29976227766045666,False,122
HAI a2,rectified,rectified sparse baseline,95,P1_FCV03Z_08,25,25,0.36870046639935367,0.23353494317712592,0.23353494317712592,0.37982772269455983,0.3720745544871448,0.29883977059856315,0.29883977059856315,0.559994687261173,0.559994687261173,1.2912235855204517,0.29883977059856315,0.29883977059856315,False,123
HAI a2,rectified,rectified sparse baseline,311,P2_VXT03_02,25,25,0.36870046639935367,-0.3403107653934149,0.3403107653934149,0.6104205699593445,0.5421928500220102,0.29871200856901337,0.29871200856901337,-0.9160985923269835,0.9160985923269835,1.8053587531126596,0.29871200856901337,0.29871200856901337,False,124
HAI a2,rectified,rectified sparse baseline,212,P1_PCV02D_05,25,25,0.36870046639935367,-0.06475651587296817,0.06475651587296817,0.1278466484214325,0.10317193421157506,0.29867183789586016,0.29867183789586016,-0.1435248350072864,0.1435248350072864,1.3885122750902117,0.29867183789586016,0.29867183789586016,False,125
HAI a2,rectified,rectified sparse baseline,337,P2_VYT03_08,25,25,0.36870046639935367,-0.3157512471031705,0.3157512471031705,0.5949286922522067,0.5030639226677391,0.2977320455639487,0.2977320455639487,-0.8362331155414358,0.8362331155414358,2.2594562753885405,0.2977320455639487,0.2977320455639487,False,126
HAI a2,rectified,rectified sparse baseline,182,P1_LIT01_05,25,25,0.36870046639935367,-0.09092997578675266,0.09092997578675266,0.27145158437547445,0.14487223954627737,0.29619490103337964,0.29619490103337964,-0.20848121663877006,0.20848121663877006,0.9356482720276897,0.29619490103337964,0.29619490103337964,False,127
HAI a2,rectified,rectified sparse baseline,4,P1_B2016_03,25,25,0.36870046639935367,0.1490830229748295,0.1490830229748295,0.3134799614914244,0.23752333847909401,0.29501591308749575,0.29501591308749575,0.36619673843142997,0.36619673843142997,1.136739598493362,0.29501591308749575,0.29501591308749575,False,128
HAI a2,rectified,rectified sparse baseline,3,P1_B2016_02,25,25,0.36870046639935367,0.14744030620306095,0.14744030620306095,0.3127047792844962,0.23490611510905313,0.2949653100278075,0.2949653100278075,0.36194918089208283,0.36194918089208283,1.0645790777906168,0.2949653100278075,0.2949653100278075,False,129
HAI a2,rectified,rectified sparse baseline,2,P1_B2016_01,25,25,0.36870046639935367,0.14706452888473356,0.14706452888473356,0.3119292832414008,0.23430741593195828,0.2927383001433579,0.2927383001433579,0.3604615795186822,0.3604615795186822,1.0093755263792854,0.2927383001433579,0.2927383001433579,False,130
HAI a2,rectified,rectified sparse baseline,94,P1_FCV03Z_07,25,25,0.36870046639935367,0.23773867389747705,0.23773867389747705,0.3829236166102743,0.3787720585680321,0.29172550895296673,0.29172550895296673,0.5724047613929332,0.5724047613929332,1.2950104097073805,0.29172550895296673,0.29172550895296673,False,131
HAI a2,rectified,rectified sparse baseline,184,P1_LIT01_07,25,25,0.36870046639935367,-0.08826064531438545,0.08826064531438545,0.2649799179809309,0.14061938585006756,0.29148195841778696,0.29148195841778696,-0.20211275728355543,0.20211275728355543,0.9693901224097687,0.29148195841778696,0.29148195841778696,False,132
HAI a2,rectified,rectified sparse baseline,183,P1_LIT01_06,25,25,0.36870046639935367,-0.08984595847784735,0.08984595847784735,0.26631406221718007,0.14314515214864804,0.2900029334267921,0.2900029334267921,-0.20880662307378267,0.20880662307378267,0.9682058795785929,0.2900029334267921,0.2900029334267921,False,133
HAI a2,rectified,rectified sparse baseline,148,P1_FT03Z_01,25,25,0.36870046639935367,0.12686575628648045,0.12686575628648045,0.3303894717486224,0.20212615340465398,0.289951617389892,0.289951617389892,0.22633627942350926,0.22633627942350926,1.0795163267888137,0.289951617389892,0.289951617389892,False,134
HAI a2,rectified,rectified sparse baseline,213,P1_PCV02D_06,25,25,0.36870046639935367,-0.06612796030683148,0.06612796030683148,0.12216757749272011,0.10535695872992536,0.2895077098686209,0.2895077098686209,-0.147003418197409,0.147003418197409,1.375790301158315,0.2895077098686209,0.2895077098686209,False,135
HAI a2,rectified,rectified sparse baseline,86,P1_FCV03D_09,25,25,0.36870046639935367,0.16689629318335178,0.16689629318335178,0.3195726132368232,0.26590395033368963,0.28946222671233696,0.28946222671233696,0.3862239319144865,0.3862239319144865,1.18607157410874,0.28946222671233696,0.28946222671233696,False,136
HAI a2,rectified,rectified sparse baseline,179,P1_LIT01_02,25,25,0.36870046639935367,-0.08890233016454178,0.08890233016454178,0.2630772707366239,0.14164173651628878,0.28940743684354925,0.28940743684354925,-0.2028365904738268,0.2028365904738268,0.9945733175639482,0.28940743684354925,0.28940743684354925,False,137
HAI a2,rectified,rectified sparse baseline,181,P1_LIT01_04,25,25,0.36870046639935367,-0.09089928460267703,0.09089928460267703,0.2676478578746014,0.14482334147352532,0.2891677379321556,0.2891677379321556,-0.2081254561414323,0.2081254561414323,0.922821850371249,0.2891677379321556,0.2891677379321556,False,138
HAI a2,rectified,rectified sparse baseline,147,P1_FT03_10,25,25,0.36870046639935367,0.10647588416244724,0.10647588416244724,0.3364428404465141,0.1696404256442244,0.28887322187008535,0.28887322187008535,0.17405880445142718,0.17405880445142718,1.23713863986205,0.28887322187008535,0.28887322187008535,False,139
HAI a2,rectified,rectified sparse baseline,178,P1_LIT01_01,25,25,0.36870046639935367,-0.08982398378010799,0.08982398378010799,0.2638441313737283,0.1431101414313647,0.2882723111702568,0.2882723111702568,-0.20647462042121867,0.20647462042121867,0.9595813616174802,0.2882723111702568,0.2882723111702568,False,140
HAI a2,rectified,rectified sparse baseline,180,P1_LIT01_03,25,25,0.36870046639935367,-0.08952226198230294,0.08952226198230294,0.2649799179809309,0.14262942962879632,0.28711319801831797,0.28711319801831797,-0.2045081210843641,0.2045081210843641,0.9695945835022802,0.28711319801831797,0.28711319801831797,False,141
HAI a2,rectified,rectified sparse baseline,335,P2_VYT03_06,25,25,0.36870046639935367,-0.32709405443155426,0.32709405443155426,0.596145407239914,0.521135607897906,0.2870056287603349,0.2870056287603349,-0.8414776333567647,0.8414776333567647,2.1424910743687264,0.2870056287603349,0.2870056287603349,False,142
HAI a2,rectified,rectified sparse baseline,317,P2_VXT03_08,25,25,0.36870046639935367,-0.3504354139691048,0.3504354139691048,0.6183321612489938,0.558323729867608,0.28654536605063174,0.28654536605063174,-0.9338362250411223,0.9338362250411223,1.7591631654357969,0.28654536605063174,0.28654536605063174,False,143
HAI a2,rectified,rectified sparse baseline,214,P1_PCV02D_07,25,25,0.36870046639935367,-0.06722885439250895,0.06722885439250895,0.12073008547341392,0.10711093469126705,0.2854244396250901,0.2854244396250901,-0.14662637021441688,0.14662637021441688,1.3889214811676698,0.2854244396250901,0.2854244396250901,False,144
HAI a2,rectified,rectified sparse baseline,146,P1_FT03_09,25,25,0.36870046639935367,0.11092237109763371,0.11092237109763371,0.34322962539675167,0.1767246958734877,0.283536910755193,0.283536910755193,0.1803670763899407,0.1803670763899407,1.3436877726645777,0.283536910755193,0.283536910755193,False,145
HAI a2,rectified,rectified sparse baseline,215,P1_PCV02D_08,25,25,0.36870046639935367,-0.06787055377554246,0.06787055377554246,0.12041355884244036,0.10813330851168408,0.2826332288458586,0.2826332288458586,-0.14543103400054802,0.14543103400054802,1.3785027972266959,0.2826332288458586,0.2826332288458586,False,146
HAI a2,rectified,rectified sparse baseline,185,P1_LIT01_08,25,25,0.36870046639935367,-0.08624710451622511,0.08624710451622511,0.25696755738934907,0.1374113550293909,0.28196963241059225,0.28196963241059225,-0.19716040133421592,0.19716040133421592,0.8369232633583585,0.28196963241059225,0.28196963241059225,False,147
HAI a2,rectified,rectified sparse baseline,187,P1_LIT01_10,25,25,0.36870046639935367,-0.08501935260999494,0.08501935260999494,0.2579087263906883,0.13545526555808268,0.28162098200392394,0.28162098200392394,-0.19344521299766895,0.19344521299766895,0.9655056829081101,0.28162098200392394,0.28162098200392394,False,148
HAI a2,rectified,rectified sparse baseline,298,P2_VT01e_09,25,25,0.36870046639935367,-0.13029431983725043,0.13029431983725043,0.32176002073027515,0.20758863896817867,0.2811475905627935,0.2811475905627935,-0.3222176890228517,0.3222176890228517,1.6853382678460858,0.2811475905627935,0.2811475905627935,False,149
HAI a2,rectified,rectified sparse baseline,334,P2_VYT03_05,25,25,0.36870046639935367,-0.32315794212687826,0.32315794212687826,0.5993871624272675,0.5148644811352489,0.28090650065706985,0.28090650065706985,-0.8511981601811811,0.8511981601811811,2.239090322855183,0.28090650065706985,0.28090650065706985,False,150
HAI a2,rectified,rectified sparse baseline,83,P1_FCV03D_06,25,25,0.36870046639935367,0.16814585948177693,0.16814585948177693,0.31451232494241893,0.26789479511890046,0.27759601599567235,0.27759601599567235,0.3965727168346109,0.3965727168346109,1.1109635171696848,0.27759601599567235,0.27759601599567235,False,151
HAI a2,rectified,rectified sparse baseline,85,P1_FCV03D_08,25,25,0.36870046639935367,0.16758740694215,0.16758740694215,0.3165421211482158,0.26700505255165513,0.27700307848969574,0.27700307848969574,0.38494219679013664,0.38494219679013664,1.1407864973609623,0.27700307848969574,0.27700307848969574,False,152
HAI a2,rectified,rectified sparse baseline,216,P1_PCV02D_09,25,25,0.36870046639935367,-0.0690606351525313,0.0690606351525313,0.12041355884244036,0.11002938021779586,0.27687853737649654,0.27687853737649654,-0.15084885062070286,0.15084885062070286,1.3625788990871022,0.27687853737649654,0.27687853737649654,False,153
HAI a2,rectified,rectified sparse baseline,186,P1_LIT01_09,25,25,0.36870046639935367,-0.08520574660296269,0.08520574660296269,0.25733860609934517,0.1357522338016742,0.2768062527599785,0.2768062527599785,-0.19363943499274533,0.19363943499274533,0.8787369363089677,0.2768062527599785,0.2768062527599785,False,154
HAI a2,rectified,rectified sparse baseline,299,P2_VT01e_10,25,25,0.36870046639935367,-0.13744992649841045,0.13744992649841045,0.3195808674075097,0.21898915627113763,0.27674994205682757,0.27674994205682757,-0.32863114730650467,0.32863114730650467,1.6202703244386785,0.27674994205682757,0.27674994205682757,False,155
HAI a2,rectified,rectified sparse baseline,313,P2_VXT03_04,25,25,0.36870046639935367,-0.3407777625234059,0.3407777625234059,0.6194364519432877,0.5429368832134646,0.27671104785833456,0.27671104785833456,-0.9072411034562304,0.9072411034562304,1.8386617005629282,0.27671104785833456,0.27671104785833456,False,156
HAI a2,rectified,rectified sparse baseline,318,P2_VXT03_09,25,25,0.36870046639935367,-0.34273331298077553,0.34273331298077553,0.6179629400634077,0.5460525221636968,0.2763116291040722,0.2763116291040722,-0.9098417477795412,0.9098417477795412,1.6040788406182034,0.2763116291040722,0.2763116291040722,False,157
HAI a2,rectified,rectified sparse baseline,217,P1_PCV02D_10,25,25,0.36870046639935367,-0.06928772376508767,0.06928772376508767,0.12041355884244036,0.1103911842938648,0.27565324273215525,0.27565324273215525,-0.15159386688196327,0.15159386688196327,1.3376164863195794,0.27565324273215525,0.27565324273215525,False,158
HAI a2,rectified,rectified sparse baseline,156,P1_FT03Z_09,25,25,0.36870046639935367,0.1076289004724452,0.1076289004724452,0.3272325795340697,0.17147744422492353,0.2736857329534322,0.2736857329534322,0.1690645979580052,0.1690645979580052,1.1972079741571453,0.2736857329534322,0.2736857329534322,False,159
HAI a2,rectified,rectified sparse baseline,78,P1_FCV03D_01,25,25,0.36870046639935367,0.1649729996237136,0.1649729996237136,0.31679264007920144,0.26283970399601153,0.27314168369581526,0.27314168369581526,0.3929731012650005,0.3929731012650005,1.2002826589878206,0.27314168369581526,0.27314168369581526,False,160
HAI a2,rectified,rectified sparse baseline,155,P1_FT03Z_08,25,25,0.36870046639935367,0.12013035326261398,0.12013035326261398,0.3304478505738919,0.19139511656150485,0.2724254681198582,0.2724254681198582,0.20974860361983244,0.20974860361983244,1.3012578259122805,0.2724254681198582,0.2724254681198582,False,161
HAI a2,rectified,rectified sparse baseline,84,P1_FCV03D_07,25,25,0.36870046639935367,0.16911770992481823,0.16911770992481823,0.31249333155084247,0.2694431750559811,0.2717016987881062,0.2717016987881062,0.39721206891771454,0.39721206891771454,1.1817437648254852,0.2717016987881062,0.2717016987881062,False,162
HAI a2,rectified,rectified sparse baseline,139,P1_FT03_02,25,25,0.36870046639935367,0.11852796909239731,0.11852796909239731,0.34252558836812774,0.18884215224644546,0.27161137549264847,0.27161137549264847,0.20280796211570915,0.20280796211570915,1.2156981580042128,0.27161137549264847,0.27161137549264847,False,163
HAI a2,rectified,rectified sparse baseline,152,P1_FT03Z_05,25,25,0.36870046639935367,0.12532135557672855,0.12532135557672855,0.3325004958891027,0.19966556999810683,0.2708414335564725,0.2708414335564725,0.2097028696443058,0.2097028696443058,1.2519811746275524,0.2708414335564725,0.2708414335564725,False,164
HAI a2,rectified,rectified sparse baseline,157,P1_FT03Z_10,25,25,0.36870046639935367,0.11145406578796614,0.11145406578796614,0.3380932266533943,0.17757180706951364,0.2705844120771245,0.2705844120771245,0.18738982670333484,0.18738982670333484,1.371774100377629,0.2705844120771245,0.2705844120771245,False,165
HAI a2,rectified,rectified sparse baseline,87,P1_FCV03D_10,25,25,0.36870046639935367,0.1692793069751191,0.1692793069751191,0.31164225311924887,0.2697006361009071,0.26938440526927143,0.26938440526927143,0.3933382459926976,0.3933382459926976,1.1777946431160655,0.26938440526927143,0.26938440526927143,False,166
HAI a2,rectified,rectified sparse baseline,80,P1_FCV03D_03,25,25,0.36870046639935367,0.17042785434126795,0.17042785434126795,0.31707146565928374,0.27153053463237914,0.2692959369349936,0.2692959369349936,0.4047517259327358,0.4047517259327358,1.266973005457284,0.2692959369349936,0.2692959369349936,False,167
HAI a2,rectified,rectified sparse baseline,151,P1_FT03Z_04,25,25,0.36870046639935367,0.12082124703911448,0.12082124703911448,0.3418452908779731,0.19249586829737844,0.26717713419658773,0.26717713419658773,0.20259884312828053,0.20259884312828053,1.2175281046863555,0.26717713419658773,0.26717713419658773,False,168
HAI a2,rectified,rectified sparse baseline,140,P1_FT03_03,25,25,0.36870046639935367,0.12409333830477,0.12409333830477,0.347187770290587,0.1977090577385263,0.26668250930901527,0.26668250930901527,0.2122233608746621,0.2122233608746621,1.1823366961970747,0.26668250930901527,0.26668250930901527,False,169
HAI a2,rectified,rectified sparse baseline,154,P1_FT03Z_07,25,25,0.36870046639935367,0.1176259049956046,0.1176259049956046,0.31648760904712114,0.1874049579132684,0.26630747630243534,0.26630747630243534,0.19777168826321342,0.19777168826321342,1.1761422928793441,0.26630747630243534,0.26630747630243534,False,170
HAI a2,rectified,rectified sparse baseline,79,P1_FCV03D_02,25,25,0.36870046639935367,0.16764504173118794,0.16764504173118794,0.30944305497382335,0.26709687794687226,0.2660214247916372,0.2660214247916372,0.4029577008993744,0.4029577008993744,1.2470385606536718,0.2660214247916372,0.2660214247916372,False,171
HAI a2,rectified,rectified sparse baseline,82,P1_FCV03D_05,25,25,0.36870046639935367,0.1703885949653392,0.1703885949653392,0.3089340937215922,0.2714679854711727,0.26551755136067384,0.26551755136067384,0.4106325921052265,0.4106325921052265,1.108179010079361,0.26551755136067384,0.26551755136067384,False,172
HAI a2,rectified,rectified sparse baseline,319,P2_VXT03_10,25,25,0.36870046639935367,-0.33707006429899067,0.33707006429899067,0.6001213059523384,0.5370296722999536,0.26475699858931506,0.26475699858931506,-0.8793842063510328,0.8793842063510328,1.675650799131619,0.26475699858931506,0.26475699858931506,False,173
HAI a2,rectified,rectified sparse baseline,145,P1_FT03_08,25,25,0.36870046639935367,0.11381316834728995,0.11381316834728995,0.3360268296833273,0.18133039677693977,0.2642473233160777,0.2642473233160777,0.18837309407576225,0.18837309407576225,1.1969617087945692,0.2642473233160777,0.2642473233160777,False,174
HAI a2,rectified,rectified sparse baseline,312,P2_VXT03_03,25,25,0.36870046639935367,-0.3427841072284199,0.3427841072284199,0.6057298644426845,0.5461334490126115,0.26409986119636064,0.26409986119636064,-0.9121362020179518,0.9121362020179518,1.8135104318601964,0.26409986119636064,0.26409986119636064,False,175
HAI a2,rectified,rectified sparse baseline,150,P1_FT03Z_03,25,25,0.36870046639935367,0.12405425779126258,0.12405425779126258,0.3433369218565423,0.19764679354604794,0.2635984246517542,0.2635984246517542,0.2206415629108588,0.2206415629108588,1.1782241800265492,0.2635984246517542,0.2635984246517542,False,176
HAI a2,rectified,rectified sparse baseline,141,P1_FT03_04,25,25,0.36870046639935367,0.12636594598051987,0.12636594598051987,0.3398537608398421,0.2013298413222376,0.262331838399429,0.262331838399429,0.21957886736296583,0.21957886736296583,1.263293567163648,0.262331838399429,0.262331838399429,False,177
HAI a2,rectified,rectified sparse baseline,315,P2_VXT03_06,25,25,0.36870046639935367,-0.3395661905535008,0.3395661905535008,0.6171898447364722,0.541006572079727,0.2606871436897294,0.2606871436897294,-0.8983446747602635,0.8983446747602635,1.779486704911701,0.2606871436897294,0.2606871436897294,False,178
HAI a2,rectified,rectified sparse baseline,310,P2_VXT03_01,25,25,0.36870046639935367,-0.3282981184579117,0.3282981184579117,0.5829259265688369,0.5230539571611301,0.26054375316009976,0.26054375316009976,-0.8774690829230928,0.8774690829230928,1.7461289281115977,0.26054375316009976,0.26054375316009976,False,179
HAI a2,rectified,rectified sparse baseline,81,P1_FCV03D_04,25,25,0.36870046639935367,0.1716433917980929,0.1716433917980929,0.31254604040159933,0.2734671636933568,0.2597576561775366,0.2597576561775366,0.40760019462849806,0.40760019462849806,1.2192246839673222,0.2597576561775366,0.2597576561775366,False,180
HAI a2,rectified,rectified sparse baseline,144,P1_FT03_07,25,25,0.36870046639935367,0.12093383864592314,0.12093383864592314,0.32989437710198655,0.19267525246735487,0.25944071875341707,0.25944071875341707,0.20686348053109682,0.20686348053109682,1.2487255530763925,0.25944071875341707,0.25944071875341707,False,181
HAI a2,rectified,rectified sparse baseline,143,P1_FT03_06,25,25,0.36870046639935367,0.12637036973232263,0.12637036973232263,0.31498215098438087,0.2013368893702033,0.2553154087104986,0.2553154087104986,0.2287974493042148,0.2287974493042148,1.1663082305799397,0.2553154087104986,0.2553154087104986,False,182
HAI a2,rectified,rectified sparse baseline,153,P1_FT03Z_06,25,25,0.36870046639935367,0.11569629120097645,0.11569629120097645,0.325353790341708,0.1843306419963395,0.2535035624828946,0.2535035624828946,0.19692734459631134,0.19692734459631134,1.0644776979616213,0.2535035624828946,0.2535035624828946,False,183
HAI a2,rectified,rectified sparse baseline,206,P1_PCV01Z_09,25,25,0.36870046639935367,0.128705283467153,0.128705283467153,0.317738178063391,0.20505694075024025,0.25227301749681325,0.25227301749681325,0.3564188891882031,0.3564188891882031,0.9535266582008867,0.25227301749681325,0.25227301749681325,False,184
HAI a2,rectified,rectified sparse baseline,205,P1_PCV01Z_08,25,25,0.36870046639935367,0.12737049083202184,0.12737049083202184,0.31812487015763047,0.2029303109264864,0.2520226691139099,0.2520226691139099,0.35318794709740353,0.35318794709740353,0.914138601669665,0.2520226691139099,0.2520226691139099,False,185
HAI a2,rectified,rectified sparse baseline,192,P1_PCV01D_05,25,25,0.36870046639935367,0.12878579105164809,0.12878579105164809,0.3181248701576305,0.20518520773772542,0.25176929110511564,0.25176929110511564,0.35461274918142177,0.35461274918142177,0.9479949506443752,0.25176929110511564,0.25176929110511564,False,186
HAI a2,rectified,rectified sparse baseline,316,P2_VXT03_07,25,25,0.36870046639935367,-0.3496892875738337,0.3496892875738337,0.6273681807760055,0.5571349799429296,0.25159934371905496,0.25159934371905496,-0.9228078581933344,0.9228078581933344,1.7358433386606158,0.25159934371905496,0.25159934371905496,False,187
HAI a2,rectified,rectified sparse baseline,195,P1_PCV01D_08,25,25,0.36870046639935367,0.12688716900564295,0.12688716900564295,0.3188980574421603,0.2021602687615867,0.2508565551354303,0.2508565551354303,0.3522541977646575,0.3522541977646575,0.9431790098558795,0.2508565551354303,0.2508565551354303,False,188
HAI a2,rectified,rectified sparse baseline,138,P1_FT03_01,25,25,0.36870046639935367,0.12538003505807588,0.12538003505807588,0.32978119233728875,0.19975905982700704,0.2503171372234189,0.2503171372234189,0.2286038772960918,0.2286038772960918,1.1286445793286797,0.2503171372234189,0.2503171372234189,False,189
HAI a2,rectified,rectified sparse baseline,196,P1_PCV01D_09,25,25,0.36870046639935367,0.12996150286971764,0.12996150286971764,0.3188980574421604,0.20705838545135655,0.24987573874457164,0.24987573874457164,0.35616743174180804,0.35616743174180804,0.90378893714219,0.24987573874457164,0.24987573874457164,False,190
HAI a2,rectified,rectified sparse baseline,149,P1_FT03Z_02,25,25,0.36870046639935367,0.12139789710093314,0.12139789710093314,0.3302005936614551,0.19341460367773405,0.249639330431581,0.249639330431581,0.21384489520176292,0.21384489520176292,1.108058133277785,0.249639330431581,0.249639330431581,False,191
HAI a2,rectified,rectified sparse baseline,194,P1_PCV01D_07,25,25,0.36870046639935367,0.1280158870182566,0.1280158870182566,0.31812487015763047,0.20395857459955424,0.2486094353432388,0.2486094353432388,0.3546296889228228,0.3546296889228228,0.9232115563416893,0.2486094353432388,0.2486094353432388,False,192
HAI a2,rectified,rectified sparse baseline,197,P1_PCV01D_10,25,25,0.36870046639935367,0.12866979004832046,0.12866979004832046,0.3181248701576304,0.20500039161964903,0.2483666830567631,0.2483666830567631,0.3491292560451731,0.3491292560451731,0.8944837066674969,0.2483666830567631,0.2483666830567631,False,193
HAI a2,rectified,rectified sparse baseline,193,P1_PCV01D_06,25,25,0.36870046639935367,0.1293013821980783,0.1293013821980783,0.31812487015763047,0.2060066623067748,0.24781769715153157,0.24781769715153157,0.35740851788815076,0.35740851788815076,0.9426660213969957,0.24781769715153157,0.24781769715153157,False,194
HAI a2,rectified,rectified sparse baseline,142,P1_FT03_05,25,25,0.36870046639935367,0.1146818493109055,0.1146818493109055,0.32428117252231525,0.1827144041470213,0.24415146218254277,0.24415146218254277,0.19466348836911926,0.19466348836911926,1.0968247062213703,0.24415146218254277,0.24415146218254277,False,195
HAI a2,rectified,rectified sparse baseline,63,P1_FCV01Z_07,25,25,0.36870046639935367,0.007375089388069042,0.007375089388069042,0.09253136875531695,0.01175020346435862,0.24320852096726245,0.24320852096726245,0.010218852478709448,0.010218852478709448,1.2823634312968462,0.24320852096726245,0.24320852096726245,False,196
HAI a2,rectified,rectified sparse baseline,191,P1_PCV01D_04,25,25,0.36870046639935367,0.13098064051617972,0.13098064051617972,0.3173514191686251,0.2086821047141345,0.242123494527289,0.242123494527289,0.3564524110792261,0.3564524110792261,0.9727321207290961,0.242123494527289,0.242123494527289,False,197
HAI a2,rectified,rectified sparse baseline,189,P1_PCV01D_02,25,25,0.36870046639935367,0.1336971168400832,0.1336971168400832,0.3177381780633912,0.2130100725301742,0.2411730053052629,0.2411730053052629,0.36068908523263643,0.36068908523263643,0.9234580008543681,0.2411730053052629,0.2411730053052629,False,198
HAI a2,rectified,rectified sparse baseline,62,P1_FCV01Z_06,25,25,0.36870046639935367,0.0031360022388552,0.0031360022388552,0.09139582079405063,0.004996368509220271,0.2410064992485305,0.2410064992485305,-0.0032816063468110307,0.0032816063468110307,1.2528175943361768,0.2410064992485305,0.2410064992485305,False,199
HAI a2,rectified,rectified sparse baseline,61,P1_FCV01Z_05,25,25,0.36870046639935367,0.0016806035563003703,0.0016806035563003703,0.09558996987142308,0.002677585679354638,0.24079105863216804,0.24079105863216804,-0.009179047267259169,0.009179047267259169,1.0862084820843436,0.24079105863216804,0.24079105863216804,False,200
HAI a2,rectified,rectified sparse baseline,297,P2_VT01e_08,25,25,0.36870046639935367,-0.14067665693886233,0.14067665693886233,0.3068004105985903,0.22413007554749043,0.24063768516751605,0.24063768516751605,-0.3458131388043182,0.3458131388043182,1.9059084535761546,0.24063768516751605,0.24063768516751605,False,201
HAI a2,rectified,rectified sparse baseline,60,P1_FCV01Z_04,25,25,0.36870046639935367,-0.001568274537771458,0.001568274537771458,0.09680207833354419,0.0024986198725399215,0.24043125516871622,0.24043125516871622,-0.019132582174119728,0.019132582174119728,0.9700290793301717,0.24043125516871622,0.24043125516871622,False,202
HAI a2,rectified,rectified sparse baseline,188,P1_PCV01D_01,25,25,0.36870046639935367,0.13182122548432637,0.13182122548432637,0.3196709879879772,0.21002134874021816,0.24042220619808466,0.24042220619808466,0.3581087994816565,0.3581087994816565,0.9681827439878551,0.24042220619808466,0.24042220619808466,False,203
HAI a2,rectified,rectified sparse baseline,207,P1_PCV01Z_10,25,25,0.36870046639935367,0.12918533101436996,0.12918533101436996,0.317738178063391,0.20582176623987986,0.24038942352294784,0.24038942352294784,0.358572602768057,0.358572602768057,0.9354957526915043,0.24038942352294784,0.24038942352294784,False,204
HAI a2,rectified,rectified sparse baseline,190,P1_PCV01D_03,25,25,0.36870046639935367,0.13358221775999296,0.13358221775999296,0.3165776974619413,0.2128270120277331,0.23842960513141503,0.23842960513141503,0.3627105306776036,0.3627105306776036,0.962919241028516,0.23842960513141503,0.23842960513141503,False,205
HAI a2,rectified,rectified sparse baseline,204,P1_PCV01Z_07,25,25,0.36870046639935367,0.1310165587639255,0.1310165587639255,0.31735141916862525,0.20873933069430758,0.23720701697758628,0.23720701697758628,0.3590664030348321,0.3590664030348321,0.8886295500975444,0.23720701697758628,0.23720701697758628,False,206
HAI a2,rectified,rectified sparse baseline,203,P1_PCV01Z_06,25,25,0.36870046639935367,0.13228923568514855,0.13228923568514855,0.317738178063391,0.21076699598511153,0.23630825324024685,0.23630825324024685,0.3614261280246591,0.3614261280246591,0.873648586926158,0.23630825324024685,0.23630825324024685,False,207
HAI a2,rectified,rectified sparse baseline,165,P1_LCV01D_08,25,25,0.36870046639935367,-0.14434586927988946,0.14434586927988946,0.3479579330801222,0.2299759696502455,0.2354675233307727,0.2354675233307727,-0.35433150612164255,0.35433150612164255,0.9370214523052047,0.2354675233307727,0.2354675233307727,False,208
HAI a2,rectified,rectified sparse baseline,166,P1_LCV01D_09,25,25,0.36870046639935367,-0.1458290686666768,0.1458290686666768,0.3554405033644873,0.23233904535766092,0.2340733997834745,0.2340733997834745,-0.3589458443617454,0.3589458443617454,0.9019907636382682,0.2340733997834745,0.2340733997834745,False,209
HAI a2,rectified,rectified sparse baseline,201,P1_PCV01Z_04,25,25,0.36870046639935367,0.13369773525906323,0.13369773525906323,0.31851149632649156,0.21301105781299035,0.23291228184163001,0.23291228184163001,0.3659252041987023,0.3659252041987023,0.9108245648733153,0.23291228184163001,0.23291228184163001,False,210
HAI a2,rectified,rectified sparse baseline,202,P1_PCV01Z_05,25,25,0.36870046639935367,0.13349817202648223,0.13349817202648223,0.31773817806339116,0.21269310795998583,0.2318833348628493,0.2318833348628493,0.3652822539921075,0.3652822539921075,0.8668291999745966,0.2318833348628493,0.2318833348628493,False,211
HAI a2,rectified,rectified sparse baseline,200,P1_PCV01Z_03,25,25,0.36870046639935367,0.13231565304482656,0.13231565304482656,0.31928455437388065,0.21080908487853023,0.231053031092654,0.231053031092654,0.36226642828638167,0.36226642828638167,0.9215749916473378,0.231053031092654,0.231053031092654,False,212
HAI a2,rectified,rectified sparse baseline,199,P1_PCV01Z_02,25,25,0.36870046639935367,0.13363918666618826,0.13363918666618826,0.3188980574421603,0.21291777651934995,0.2253437822000738,0.2253437822000738,0.36605659148743674,0.36605659148743674,0.9441353180702016,0.2253437822000738,0.2253437822000738,False,213
HAI a2,rectified,rectified sparse baseline,64,P1_FCV01Z_08,25,25,0.36870046639935367,0.00955561670112834,0.00955561670112834,0.08442805381468213,0.015224281979188155,0.2222377513485623,0.2222377513485623,0.017909047100703568,0.017909047100703568,1.2449559076141863,0.2222377513485623,0.2222377513485623,False,214
HAI a2,rectified,rectified sparse baseline,167,P1_LCV01D_10,25,25,0.36870046639935367,-0.14872715177000354,0.14872715177000354,0.35136918346867974,0.23695635429167844,0.22179641147680085,0.22179641147680085,-0.3640469048230276,0.3640469048230276,0.9320059007584582,0.22179641147680085,0.22179641147680085,False,215
HAI a2,rectified,rectified sparse baseline,59,P1_FCV01Z_03,25,25,0.36870046639935367,-0.008575637114730137,0.008575637114730137,0.09048297233445117,0.013662950458281429,0.21761568112359642,0.21761568112359642,-0.03756320746302835,0.03756320746302835,0.8946554003879681,0.21761568112359642,0.21761568112359642,False,216
HAI a2,rectified,rectified sparse baseline,296,P2_VT01e_07,25,25,0.36870046639935367,-0.1406123531103433,0.1406123531103433,0.3168074975094764,0.22402762484772562,0.2174662879744762,0.2174662879744762,-0.3425308689540639,0.3425308689540639,1.598000221133602,0.2174662879744762,0.2174662879744762,False,217
HAI a2,rectified,rectified sparse baseline,290,P2_VT01e_01,25,25,0.36870046639935367,-0.14514879391775992,0.14514879391775992,0.3294058846842712,0.2312552121604159,0.2173548232972614,0.2173548232972614,-0.3414715485509346,0.3414715485509346,1.9119084932105292,0.2173548232972614,0.2173548232972614,False,218
HAI a2,rectified,rectified sparse baseline,198,P1_PCV01Z_01,25,25,0.36870046639935367,0.13575283499789909,0.13575283499789909,0.31967098798797716,0.2162853015272342,0.21677246521560437,0.21677246521560437,0.3697075988487471,0.3697075988487471,0.9830447856671263,0.21677246521560437,0.21677246521560437,False,219
HAI a2,rectified,rectified sparse baseline,58,P1_FCV01Z_02,25,25,0.36870046639935367,-0.00885834531769374,0.00885834531769374,0.08706174962714773,0.014113369257440589,0.20966657705941227,0.20966657705941227,-0.04052426705969301,0.04052426705969301,0.9153941752063058,0.20966657705941227,0.20966657705941227,False,220
HAI a2,rectified,rectified sparse baseline,294,P2_VT01e_05,25,25,0.36870046639935367,-0.13989996001566085,0.13989996001566085,0.31077492495991826,0.2228926197828833,0.20748888764860327,0.20748888764860327,-0.3209926115899736,0.3209926115899736,1.7157196175482994,0.20748888764860327,0.20748888764860327,False,221
HAI a2,rectified,rectified sparse baseline,65,P1_FCV01Z_09,25,25,0.36870046639935367,0.008236275263049014,0.008236275263049014,0.0835758088540298,0.013122269444740695,0.20576075265834284,0.20576075265834284,0.015584981096284575,0.015584981096284575,1.2359066543831674,0.20576075265834284,0.20576075265834284,False,222
HAI a2,rectified,rectified sparse baseline,293,P2_VT01e_04,25,25,0.36870046639935367,-0.12463307639201933,0.12463307639201933,0.30677273966705565,0.1985689839046963,0.20480928854656555,0.20480928854656555,-0.3218279712301925,0.3218279712301925,1.7841962232157953,0.20480928854656555,0.20480928854656555,False,223
HAI a2,rectified,rectified sparse baseline,291,P2_VT01e_02,25,25,0.36870046639935367,-0.14015108087941752,0.14015108087941752,0.33190362261908285,0.22329271272929016,0.19784212926917297,0.19784212926917297,-0.35911112107987575,0.35911112107987575,1.7463398530732293,0.19784212926917297,0.19784212926917297,False,224
HAI a2,rectified,rectified sparse baseline,164,P1_LCV01D_07,25,25,0.36870046639935367,-0.13718101439426364,0.13718101439426364,0.3160168435589804,0.21856071781141326,0.1962417854618768,0.1962417854618768,-0.337125481940962,0.337125481940962,0.8217880895483283,0.1962417854618768,0.1962417854618768,False,225
HAI a2,rectified,rectified sparse baseline,57,P1_FCV01Z_01,25,25,0.36870046639935367,-0.009152449867233584,0.009152449867233584,0.0868449360220105,0.014581945042091723,0.1954190585691619,0.1954190585691619,-0.04376081817204683,0.04376081817204683,0.9520632503572115,0.1954190585691619,0.1954190585691619,False,226
HAI a2,rectified,rectified sparse baseline,39,P1_B4022_03,25,25,0.36870046639935367,0.012051963956750804,0.012051963956750804,0.16984281063781426,0.019201533864258137,0.19331370683783383,0.19331370683783383,0.07901516075741052,0.07901516075741052,0.6798254729346366,0.19331370683783383,0.19331370683783383,False,227
HAI a2,rectified,rectified sparse baseline,168,P1_LCV01Z_01,25,25,0.36870046639935367,-0.023985875541087755,0.023985875541087755,0.12766964493301636,0.03821498331050813,0.19200721081129335,0.19200721081129335,-0.055325378595639435,0.055325378595639435,1.003442851323443,0.19200721081129335,0.19200721081129335,False,228
HAI a2,rectified,rectified sparse baseline,295,P2_VT01e_06,25,25,0.36870046639935367,-0.14129730118360478,0.14129730118360478,0.313340511275584,0.22511890371905194,0.19181621936965793,0.19181621936965793,-0.33973996260410483,0.33973996260410483,1.6132709498480025,0.19181621936965793,0.19181621936965793,False,229
HAI a2,rectified,rectified sparse baseline,66,P1_FCV01Z_10,25,25,0.36870046639935367,0.004731281751747004,0.004731281751747004,0.0778876703414239,0.007538013480917274,0.19133282228916654,0.19133282228916654,0.003347278183479907,0.003347278183479907,1.198140638347759,0.19133282228916654,0.19133282228916654,False,230
HAI a2,rectified,rectified sparse baseline,41,P1_B4022_05,25,25,0.36870046639935367,0.006784833340978943,0.006784833340978943,0.16204943975438596,0.01080979063890911,0.18767436712608213,0.18767436712608213,0.05972323945828566,0.05972323945828566,0.6841754742640203,0.18767436712608213,0.18767436712608213,False,231
HAI a2,rectified,rectified sparse baseline,40,P1_B4022_04,25,25,0.36870046639935367,0.008874599714559768,0.008874599714559768,0.16149110245957213,0.014139266227675992,0.1853719895129558,0.1853719895129558,0.06675132577098884,0.06675132577098884,0.708427113109611,0.1853719895129558,0.1853719895129558,False,232
HAI a2,rectified,rectified sparse baseline,273,P2_24Vdc_06,25,25,0.36870046639935367,0.031309049705826944,0.031309049705826944,0.12381135623834315,0.04988247395541127,0.1848325601678464,0.1848325601678464,0.07253336189937756,0.07253336189937756,0.7494149360033291,0.1848325601678464,0.1848325601678464,False,233
HAI a2,rectified,rectified sparse baseline,38,P1_B4022_02,25,25,0.36870046639935367,0.012383960641939,0.012383960641939,0.1631602728362683,0.01973048048377501,0.18472635838043436,0.18472635838043436,0.07909117135454363,0.07909117135454363,0.6768558174373296,0.18472635838043436,0.18472635838043436,False,234
HAI a2,rectified,rectified sparse baseline,42,P1_B4022_06,25,25,0.36870046639935367,0.010287473773134779,0.010287473773134779,0.16148948945432084,0.016390297609699303,0.18370232088817642,0.18370232088817642,0.06746795393753367,0.06746795393753367,0.6965271986500804,0.18370232088817642,0.18370232088817642,False,235
HAI a2,rectified,rectified sparse baseline,17,P1_B4005_01,25,25,0.36870046639935367,0.12249836887316916,0.12249836887316916,0.23605651656592133,0.19516790679721557,0.1803678369609124,0.1803678369609124,0.33868544051591337,0.33868544051591337,0.680297559146312,0.1803678369609124,0.1803678369609124,False,236
HAI a2,rectified,rectified sparse baseline,43,P1_B4022_07,25,25,0.36870046639935367,0.009876567519629023,0.009876567519629023,0.15814380437725653,0.015735630007801385,0.1782983199517598,0.1782983199517598,0.05884484915403018,0.05884484915403018,0.7705736102979,0.1782983199517598,0.1782983199517598,False,237
HAI a2,rectified,rectified sparse baseline,18,P1_B4005_02,25,25,0.36870046639935367,0.12146173976929836,0.12146173976929836,0.2328835251298785,0.19351631964394492,0.17711176478355992,0.17711176478355992,0.33443374290114897,0.33443374290114897,0.6380775802680078,0.17711176478355992,0.17711176478355992,False,238
HAI a2,rectified,rectified sparse baseline,19,P1_B4005_03,25,25,0.36870046639935367,0.12183834107065064,0.12183834107065064,0.23183032602218268,0.19411633161437475,0.17582108180143094,0.17582108180143094,0.33421057248805436,0.33421057248805436,0.6482060425152939,0.17582108180143094,0.17582108180143094,False,239
HAI a2,rectified,rectified sparse baseline,20,P1_B4005_04,25,25,0.36870046639935367,0.12265585905683363,0.12265585905683363,0.2332472373330121,0.19541882466469124,0.17562245804355517,0.17562245804355517,0.33541627943143015,0.33541627943143015,0.6506518915351606,0.17562245804355517,0.17562245804355517,False,240
HAI a2,rectified,rectified sparse baseline,292,P2_VT01e_03,25,25,0.36870046639935367,-0.13368703630637047,0.13368703630637047,0.3075116691912542,0.2129940119353907,0.1748374156762436,0.1748374156762436,-0.31813600841028017,0.31813600841028017,1.865303853893955,0.1748374156762436,0.1748374156762436,False,241
HAI a2,rectified,rectified sparse baseline,37,P1_B4022_01,25,25,0.36870046639935367,0.012178147898475863,0.012178147898475863,0.15481773543363167,0.019402573731192196,0.17452703991202645,0.17452703991202645,0.08351007838288557,0.08351007838288557,0.6759622959772744,0.17452703991202645,0.17452703991202645,False,242
HAI a2,rectified,rectified sparse baseline,21,P1_B4005_05,25,25,0.36870046639935367,0.12542540245949022,0.12542540245949022,0.23361911101039154,0.19983134046920914,0.17392815781292195,0.17392815781292195,0.34127142124681437,0.34127142124681437,0.6603945386426616,0.17392815781292195,0.17392815781292195,False,243
HAI a2,rectified,rectified sparse baseline,24,P1_B4005_08,25,25,0.36870046639935367,0.12688085363195664,0.12688085363195664,0.2339993034795267,0.20215020692750402,0.17362827739990985,0.17362827739990985,0.34330496491430834,0.34330496491430834,0.6555838270852336,0.17362827739990985,0.17362827739990985,False,244
HAI a2,rectified,rectified sparse baseline,44,P1_B4022_08,25,25,0.36870046639935367,0.007584024176107068,0.007584024176107068,0.15147075058651388,0.012083084347701003,0.17204324644031596,0.17204324644031596,0.051353090457449374,0.051353090457449374,0.83182918501499,0.17204324644031596,0.17204324644031596,False,245
HAI a2,rectified,rectified sparse baseline,25,P1_B4005_09,25,25,0.36870046639935367,0.1285721998912085,0.1285721998912085,0.23366686950179047,0.2048449081886225,0.1720108326558086,0.1720108326558086,0.3492671019361692,0.3492671019361692,0.6674767696817614,0.1720108326558086,0.1720108326558086,False,246
HAI a2,rectified,rectified sparse baseline,26,P1_B4005_10,25,25,0.36870046639935367,0.12762641699091984,0.12762641699091984,0.23294726122663226,0.20333805980662445,0.17197924526011638,0.17197924526011638,0.34673007700346525,0.34673007700346525,0.6940800295575545,0.17197924526011638,0.17197924526011638,False,247
HAI a2,rectified,rectified sparse baseline,22,P1_B4005_06,25,25,0.36870046639935367,0.12482332930684857,0.12482332930684857,0.23113988115045211,0.19887210029302743,0.1714933801227512,0.1714933801227512,0.33842636971876144,0.33842636971876144,0.6450147430859259,0.1714933801227512,0.1714933801227512,False,248
HAI a2,rectified,rectified sparse baseline,23,P1_B4005_07,25,25,0.36870046639935367,0.12577617242972453,0.12577617242972453,0.23185254020258944,0.20039019722369242,0.17091739511339496,0.17091739511339496,0.3410375528481471,0.3410375528481471,0.6459584977195969,0.17091739511339496,0.17091739511339496,False,249
HAI a2,rectified,rectified sparse baseline,169,P1_LCV01Z_02,25,25,0.36870046639935367,-0.034849634152891974,0.034849634152891974,0.1450331792266876,0.055523434416590196,0.16276346888758247,0.16276346888758247,-0.08189176162389336,0.08189176162389336,1.025326478211392,0.16276346888758247,0.16276346888758247,False,250
HAI a2,rectified,rectified sparse baseline,45,P1_B4022_09,25,25,0.36870046639935367,0.00658297396208879,0.00658297396208879,0.14205658739118418,0.010488182499896524,0.1617665351713047,0.1617665351713047,0.04795222927610483,0.04795222927610483,0.8241663021734333,0.1617665351713047,0.1617665351713047,False,251
HAI a2,rectified,rectified sparse baseline,256,P1_TIT01_09,25,25,0.36870046639935367,-0.038281370124786857,0.038281370124786857,0.08105150339200053,0.060990974372235524,0.15768983249950613,0.15768983249950613,-0.08392053076520418,0.08392053076520418,0.8402168505023974,0.15768983249950613,0.15768983249950613,False,252
HAI a2,rectified,rectified sparse baseline,249,P1_TIT01_02,25,25,0.36870046639935367,-0.04409286904232643,0.04409286904232643,0.08896012356754274,0.07025002075402706,0.1576437058764728,0.1576437058764728,-0.09666542706736482,0.09666542706736482,0.8500419489996783,0.1576437058764728,0.1576437058764728,False,253
HAI a2,rectified,rectified sparse baseline,32,P1_B400B_06,25,25,0.36870046639935367,0.07786719559526864,0.07786719559526864,0.19014959218869656,0.12406024433053969,0.157119144037908,0.157119144037908,0.22235651807346202,0.22235651807346202,0.9228926369626469,0.157119144037908,0.157119144037908,False,254
HAI a2,rectified,rectified sparse baseline,254,P1_TIT01_07,25,25,0.36870046639935367,-0.040140414907660196,0.040140414907660196,0.07824893861872477,0.06395285772017897,0.15539073160459882,0.15539073160459882,-0.09000222200663832,0.09000222200663832,0.8725081606345066,0.15539073160459882,0.15539073160459882,False,255
HAI a2,rectified,rectified sparse baseline,46,P1_B4022_10,25,25,0.36870046639935367,0.009783095692348065,0.009783095692348065,0.13811180846918875,0.015586708017714942,0.153840983385236,0.153840983385236,0.052049159336216934,0.052049159336216934,0.8109813224114594,0.153840983385236,0.153840983385236,False,256
HAI a2,rectified,rectified sparse baseline,248,P1_TIT01_01,25,25,0.36870046639935367,-0.04337204667940528,0.04337204667940528,0.08184276024764223,0.06910158593780841,0.1535717466777256,0.1535717466777256,-0.09308293687261081,0.09308293687261081,0.8555626848544212,0.1535717466777256,0.1535717466777256,False,257
HAI a2,rectified,rectified sparse baseline,253,P1_TIT01_06,25,25,0.36870046639935367,-0.041466572758902684,0.041466572758902684,0.07996218487933325,0.06606573035914176,0.15328440736859397,0.15328440736859397,-0.09070368109268886,0.09070368109268886,0.8593528538842338,0.15328440736859397,0.15328440736859397,False,258
HAI a2,rectified,rectified sparse baseline,31,P1_B400B_05,25,25,0.36870046639935367,0.07592385522145964,0.07592385522145964,0.18481854794271496,0.12096405883484944,0.1522524360664138,0.1522524360664138,0.2175225703058628,0.2175225703058628,0.7839765863961838,0.1522524360664138,0.1522524360664138,False,259
HAI a2,rectified,rectified sparse baseline,257,P1_TIT01_10,25,25,0.36870046639935367,-0.041035512912861546,0.041035512912861546,0.07739102325387838,0.0653789534768856,0.1516117580028913,0.1516117580028913,-0.08767577997411238,0.08767577997411238,0.8527085129300674,0.1516117580028913,0.1516117580028913,False,260
HAI a2,rectified,rectified sparse baseline,417,P4_ST_FD_06,25,25,0.36870046639935367,0.03817385683837755,0.03817385683837755,0.11830565481927613,0.060819681127644486,0.14854358283068264,0.14854358283068264,0.10031385894516896,0.10031385894516896,0.7270768497090792,0.14854358283068264,0.14854358283068264,False,261
HAI a2,rectified,rectified sparse baseline,252,P1_TIT01_05,25,25,0.36870046639935367,-0.03777359002707079,0.03777359002707079,0.07176286537071022,0.06018196458952456,0.14795779430624484,0.14795779430624484,-0.07969585159948235,0.07969585159948235,0.8557369189838349,0.14795779430624484,0.14795779430624484,False,262
HAI a2,rectified,rectified sparse baseline,120,P1_FT02_03,25,25,0.36870046639935367,0.07648044885287493,0.07648044885287493,0.18172002254890413,0.12185083973633601,0.14765908849152376,0.14765908849152376,0.2162786456168114,0.2162786456168114,0.9649125121988935,0.14765908849152376,0.14765908849152376,False,263
HAI a2,rectified,rectified sparse baseline,122,P1_FT02_05,25,25,0.36870046639935367,0.0761900333252357,0.0761900333252357,0.1774230156297262,0.12138814140694486,0.1472465393067795,0.1472465393067795,0.21644483870259523,0.21644483870259523,0.8190545946872325,0.1472465393067795,0.1472465393067795,False,264
HAI a2,rectified,rectified sparse baseline,350,P3_LCV01D_01,25,25,0.36870046639935367,0.020091131768335962,0.020091131768335962,0.07463187591230953,0.03200976607674667,0.14652714806102243,0.14652714806102243,0.010065793495846003,0.010065793495846003,0.8166981407946107,0.14652714806102243,0.14652714806102243,False,265
HAI a2,rectified,rectified sparse baseline,255,P1_TIT01_08,25,25,0.36870046639935367,-0.03754596368171298,0.03754596368171298,0.0717120206130284,0.05981930378216817,0.14623627863229569,0.14623627863229569,-0.07647137100391166,0.07647137100391166,0.8760918847095804,0.14623627863229569,0.14623627863229569,False,266
HAI a2,rectified,rectified sparse baseline,351,P3_LCV01D_02,25,25,0.36870046639935367,0.02424235252056474,0.02424235252056474,0.07424168521928458,0.038623609773755334,0.14596583953072562,0.14596583953072562,0.01997760722321814,0.01997760722321814,0.8753694780212425,0.14596583953072562,0.14596583953072562,False,267
HAI a2,rectified,rectified sparse baseline,250,P1_TIT01_03,25,25,0.36870046639935367,-0.0375743694112553,0.0375743694112553,0.07267662791424946,0.05986456060335541,0.14533442223932605,0.14533442223932605,-0.0765327186353125,0.0765327186353125,0.9226285947953242,0.14533442223932605,0.14533442223932605,False,268
HAI a2,rectified,rectified sparse baseline,35,P1_B400B_09,25,25,0.36870046639935367,0.07958403137902857,0.07958403137902857,0.18455551773317921,0.12679555623153246,0.1442979492721043,0.1442979492721043,0.22716520517255506,0.22716520517255506,0.84343186613913,0.1442979492721043,0.1442979492721043,False,269
HAI a2,rectified,rectified sparse baseline,131,P1_FT02Z_04,25,25,0.36870046639935367,0.0774318374705845,0.0774318374705845,0.17949424067236883,0.12336661930774664,0.14388633700353673,0.14388633700353673,0.21334631678921379,0.21334631678921379,0.8915461496513857,0.14388633700353673,0.14388633700353673,False,270
HAI a2,rectified,rectified sparse baseline,130,P1_FT02Z_03,25,25,0.36870046639935367,0.07944370609485636,0.07944370609485636,0.17850220278160317,0.12657198597313196,0.14127487570213798,0.14127487570213798,0.22532125305074863,0.22532125305074863,0.7525816392843834,0.14127487570213798,0.14127487570213798,False,271
HAI a2,rectified,rectified sparse baseline,132,P1_FT02Z_05,25,25,0.36870046639935367,0.0787317821771089,0.0787317821771089,0.17652651966778335,0.12543772841440884,0.14091188159497844,0.14091188159497844,0.21977307239481503,0.21977307239481503,0.7787324832125043,0.14091188159497844,0.14091188159497844,False,272
HAI a2,rectified,rectified sparse baseline,251,P1_TIT01_04,25,25,0.36870046639935367,-0.037304837229786426,0.037304837229786426,0.07657270596629157,0.05943513421869693,0.14072055333301822,0.14072055333301822,-0.07903012005456518,0.07903012005456518,0.8473210475301082,0.14072055333301822,0.14072055333301822,False,273
HAI a2,rectified,rectified sparse baseline,133,P1_FT02Z_06,25,25,0.36870046639935367,0.07885592782369638,0.07885592782369638,0.1758018465858449,0.12563552081120027,0.14007611795167868,0.14007611795167868,0.22274810960608712,0.22274810960608712,0.8476048579516117,0.14007611795167868,0.14007611795167868,False,274
HAI a2,rectified,rectified sparse baseline,121,P1_FT02_04,25,25,0.36870046639935367,0.07963434963720954,0.07963434963720954,0.17664245362486697,0.12687572472041275,0.138864142301519,0.138864142301519,0.22026908485962157,0.22026908485962157,0.8767831341471467,0.138864142301519,0.138864142301519,False,275
HAI a2,rectified,rectified sparse baseline,119,P1_FT02_02,25,25,0.36870046639935367,0.07997115462208859,0.07997115462208859,0.17490430759492206,0.12741233206059516,0.13778492439033874,0.13778492439033874,0.22583768533235404,0.22583768533235404,0.7481750509406742,0.13778492439033874,0.13778492439033874,False,276
HAI a2,rectified,rectified sparse baseline,34,P1_B400B_08,25,25,0.36870046639935367,0.07715982475026449,0.07715982475026449,0.17275126584999545,0.12293324085760549,0.13778441825635226,0.13778441825635226,0.22028533816962817,0.22028533816962817,0.7734662269599897,0.13778441825635226,0.13778441825635226,False,277
HAI a2,rectified,rectified sparse baseline,135,P1_FT02Z_08,25,25,0.36870046639935367,0.08217760144323932,0.08217760144323932,0.17975889051959157,0.13092770627744874,0.13755667893731832,0.13755667893731832,0.23717194733314584,0.23717194733314584,0.821991642977628,0.13755667893731832,0.13755667893731832,False,278
HAI a2,rectified,rectified sparse baseline,134,P1_FT02Z_07,25,25,0.36870046639935367,0.07500558512682942,0.07500558512682942,0.1714491295399042,0.11950104464215422,0.13512441567733527,0.13512441567733527,0.2153358814331427,0.2153358814331427,0.7239322284753004,0.13512441567733527,0.13512441567733527,False,279
HAI a2,rectified,rectified sparse baseline,33,P1_B400B_07,25,25,0.36870046639935367,0.07676665935155912,0.07676665935155912,0.1682554926625923,0.12230683849326161,0.13404221579022355,0.13404221579022355,0.21585630272964737,0.21585630272964737,0.7798297749166926,0.13404221579022355,0.13404221579022355,False,280
HAI a2,rectified,rectified sparse baseline,129,P1_FT02Z_02,25,25,0.36870046639935367,0.07111533130889397,0.07111533130889397,0.15466145334042486,0.11330298093289419,0.13321501118720552,0.13321501118720552,0.1972821111896348,0.1972821111896348,0.7299952298806018,0.13321501118720552,0.13321501118720552,False,281
HAI a2,rectified,rectified sparse baseline,374,P4_HT_FD_04,25,25,0.36870046639935367,0.04222154065101815,0.04222154065101815,0.06510925920047386,0.06726856680960779,0.13207716090874574,0.13207716090874574,0.14308298545308396,0.14308298545308396,0.8683592896522174,0.13207716090874574,0.13207716090874574,False,282
HAI a2,rectified,rectified sparse baseline,123,P1_FT02_06,25,25,0.36870046639935367,0.07994552940438145,0.07994552940438145,0.17163001782677947,0.12737150523043297,0.13184379428013546,0.13184379428013546,0.2301820782744148,0.2301820782744148,0.8741070879348505,0.13184379428013546,0.13184379428013546,False,283
HAI a2,rectified,rectified sparse baseline,124,P1_FT02_07,25,25,0.36870046639935367,0.0819474530549767,0.0819474530549767,0.17518983037142297,0.13056102727916363,0.1316796167804782,0.1316796167804782,0.23007793333136461,0.23007793333136461,0.8227914707349899,0.1316796167804782,0.1316796167804782,False,284
HAI a2,rectified,rectified sparse baseline,30,P1_B400B_04,25,25,0.36870046639935367,0.0692064692472737,0.0692064692472737,0.1611412993287886,0.11026172727084117,0.13135267440408283,0.13135267440408283,0.19449905901276843,0.19449905901276843,0.8296340540365168,0.13135267440408283,0.13135267440408283,False,285
HAI a2,rectified,rectified sparse baseline,125,P1_FT02_08,25,25,0.36870046639935367,0.07739334450381556,0.07739334450381556,0.1701637504419001,0.12330529121154572,0.13111875104186718,0.13111875104186718,0.23068887016817244,0.23068887016817244,0.8929444060371653,0.13111875104186718,0.13111875104186718,False,286
HAI a2,rectified,rectified sparse baseline,136,P1_FT02Z_09,25,25,0.36870046639935367,0.07933802727097153,0.07933802727097153,0.17144912953990424,0.12640361544673134,0.13089094080278882,0.13089094080278882,0.23182594457500905,0.23182594457500905,0.7964765690749063,0.13089094080278882,0.13089094080278882,False,287
HAI a2,rectified,rectified sparse baseline,29,P1_B400B_03,25,25,0.36870046639935367,0.0716255883302856,0.0716255883302856,0.138316723096577,0.11411593702128663,0.12791617443470013,0.12791617443470013,0.19348169357584782,0.19348169357584782,0.7286872215236794,0.12791617443470013,0.12791617443470013,False,288
HAI a2,rectified,rectified sparse baseline,36,P1_B400B_10,25,25,0.36870046639935367,0.07791936970847275,0.07791936970847275,0.16566688761276058,0.12414336962075144,0.12782768780985337,0.12782768780985337,0.22886283343332817,0.22886283343332817,0.8405119871695829,0.12782768780985337,0.12782768780985337,False,289
HAI a2,rectified,rectified sparse baseline,373,P4_HT_FD_03,25,25,0.36870046639935367,0.043052578759740244,0.043052578759740244,0.06602107724603483,0.06859260050605591,0.1268322559377617,0.1268322559377617,0.14444180582694383,0.14444180582694383,0.8568734387221237,0.1268322559377617,0.1268322559377617,False,290
HAI a2,rectified,rectified sparse baseline,380,P4_HT_FD_10,25,25,0.36870046639935367,0.03281102841376309,0.03281102841376309,0.06991957613133985,0.052275469414684604,0.12647418349253736,0.12647418349253736,0.1088617619856142,0.1088617619856142,0.7617671919902356,0.12647418349253736,0.12647418349253736,False,291
HAI a2,rectified,rectified sparse baseline,352,P3_LCV01D_03,25,25,0.36870046639935367,0.03020295572908189,0.03020295572908189,0.08579617656452657,0.04812021337881657,0.1255215824097175,0.1255215824097175,0.031092091263136806,0.031092091263136806,0.8391592561312966,0.1255215824097175,0.1255215824097175,False,292
HAI a2,rectified,rectified sparse baseline,376,P4_HT_FD_06,25,25,0.36870046639935367,0.04957021247924962,0.04957021247924962,0.07860957029829281,0.07897668106164778,0.12535159073751456,0.12535159073751456,0.1598508397442694,0.1598508397442694,0.8229461035049445,0.12535159073751456,0.12535159073751456,False,293
HAI a2,rectified,rectified sparse baseline,171,P1_LCV01Z_04,25,25,0.36870046639935367,-0.0413257559564441,0.0413257559564441,0.1605856432259671,0.06584137699974174,0.12486083450117842,0.12486083450117842,-0.0905061687053477,0.0905061687053477,1.0935464934341301,0.12486083450117842,0.12486083450117842,False,294
HAI a2,rectified,rectified sparse baseline,415,P4_ST_FD_04,25,25,0.36870046639935367,0.051195528849996695,0.051195528849996695,0.10883736477167283,0.08156618161483785,0.12457708578507473,0.12457708578507473,0.12867428655312146,0.12867428655312146,0.9177202823167551,0.12457708578507473,0.12457708578507473,False,295
HAI a2,rectified,rectified sparse baseline,170,P1_LCV01Z_03,25,25,0.36870046639935367,-0.044812841220693275,0.044812841220693275,0.1647749555445654,0.07139710103188426,0.12420278849449243,0.12420278849449243,-0.10118669839065396,0.10118669839065396,1.0756877994431016,0.12420278849449243,0.12420278849449243,False,296
HAI a2,rectified,rectified sparse baseline,118,P1_FT02_01,25,25,0.36870046639935367,0.06995841228280601,0.06995841228280601,0.1534679801297349,0.11145974443323729,0.12305902723591491,0.12305902723591491,0.1926406697127428,0.1926406697127428,0.6809033419509649,0.12305902723591491,0.12305902723591491,False,297
HAI a2,rectified,rectified sparse baseline,28,P1_B400B_02,25,25,0.36870046639935367,0.07306268834447346,0.07306268834447346,0.16182032018334133,0.1164055658890611,0.12268010905585462,0.12268010905585462,0.2040007008249467,0.2040007008249467,0.8450995436451162,0.12268010905585462,0.12268010905585462,False,298
HAI a2,rectified,rectified sparse baseline,371,P4_HT_FD_01,25,25,0.36870046639935367,0.04627958009651624,0.04627958009651624,0.0742753664373541,0.07373395138218447,0.12194772096320322,0.12194772096320322,0.14752272513979844,0.14752272513979844,0.8669690490093792,0.12194772096320322,0.12194772096320322,False,299
HAI a2,rectified,rectified sparse baseline,375,P4_HT_FD_05,25,25,0.36870046639935367,0.03806350565534077,0.03806350565534077,0.06751187736851015,0.06064386646493512,0.12133326044217506,0.12133326044217506,0.12449318829006015,0.12449318829006015,0.7838282594267598,0.12133326044217506,0.12133326044217506,False,300
HAI a2,rectified,rectified sparse baseline,27,P1_B400B_01,25,25,0.36870046639935367,0.0687385527464282,0.0687385527464282,0.15640014162093774,0.10951622931143207,0.11989888494216991,0.11989888494216991,0.19383354211837833,0.19383354211837833,0.8896722021307151,0.11989888494216991,0.11989888494216991,False,301
HAI a2,rectified,rectified sparse baseline,391,P4_HT_PO_01,25,25,0.36870046639935367,0.012747196747690252,0.012747196747690252,0.07182460900456557,0.020309198642104478,0.11920056518747742,0.11920056518747742,-0.015396532337615565,0.015396532337615565,0.8542529118379455,0.11920056518747742,0.11920056518747742,False,302
HAI a2,rectified,rectified sparse baseline,163,P1_LCV01D_06,25,25,0.36870046639935367,-0.1101747761658933,0.1101747761658933,0.2531040805739584,0.17553360623448158,0.11783721430071295,0.11783721430071295,-0.26445686466434876,0.26445686466434876,0.7331276813961243,0.11783721430071295,0.11783721430071295,False,303
HAI a2,rectified,rectified sparse baseline,272,P2_24Vdc_05,25,25,0.36870046639935367,0.04569582561137972,0.04569582561137972,0.09609206860828788,0.07280389703129315,0.11611878416867245,0.11611878416867245,0.0986969778674813,0.0986969778674813,0.9211421535809886,0.11611878416867245,0.11611878416867245,False,304
HAI a2,rectified,rectified sparse baseline,414,P4_ST_FD_03,25,25,0.36870046639935367,0.03047393361910095,0.03047393361910095,0.10194698263088803,0.04855194310770874,0.11589101601534153,0.11589101601534153,0.07265785398829704,0.07265785398829704,0.7583120623877567,0.11589101601534153,0.11589101601534153,False,305
HAI a2,rectified,rectified sparse baseline,127,P1_FT02_10,25,25,0.36870046639935367,0.08179754470475227,0.08179754470475227,0.16094382661849244,0.13032218900569228,0.11583515385968744,0.11583515385968744,0.23342860367827406,0.23342860367827406,0.8350673330730712,0.11583515385968744,0.11583515385968744,False,306
HAI a2,rectified,rectified sparse baseline,378,P4_HT_FD_08,25,25,0.36870046639935367,0.04501695003443273,0.04501695003443273,0.08141894776137779,0.07172229303487034,0.11412586347767889,0.11412586347767889,0.15103397419682052,0.15103397419682052,0.7880391787319216,0.11412586347767889,0.11412586347767889,False,307
HAI a2,rectified,rectified sparse baseline,372,P4_HT_FD_02,25,25,0.36870046639935367,0.04982033012678199,0.04982033012678199,0.07368843518423396,0.07937517565525724,0.11361566456727837,0.11361566456727837,0.1613280104772948,0.1613280104772948,0.8348285968071153,0.11361566456727837,0.11361566456727837,False,308
HAI a2,rectified,rectified sparse baseline,126,P1_FT02_09,25,25,0.36870046639935367,0.07666914822365807,0.07666914822365807,0.13768835775283628,0.12215148097383549,0.11325768645995,0.11325768645995,0.2127681326320927,0.2127681326320927,0.8005588399158517,0.11325768645995,0.11325768645995,False,309
HAI a2,rectified,rectified sparse baseline,356,P3_LCV01D_07,25,25,0.36870046639935367,0.028979449596146654,0.028979449596146654,0.07711351269617106,0.04617088839502222,0.11298265924182267,0.11298265924182267,0.03283268939316824,0.03283268939316824,0.7772973992238701,0.11298265924182267,0.11298265924182267,False,310
HAI a2,rectified,rectified sparse baseline,418,P4_ST_FD_07,25,25,0.36870046639935367,0.04095335054281242,0.04095335054281242,0.10404237520686267,0.06524805003770114,0.11277345580548619,0.11277345580548619,0.10672876006481338,0.10672876006481338,0.688857184570805,0.11277345580548619,0.11277345580548619,False,311
HAI a2,rectified,rectified sparse baseline,55,P1_FCV01D_09,25,25,0.36870046639935367,-0.029076266465575748,0.029076266465575748,0.0654623916750285,0.04632513980198339,0.11118888019439631,0.11118888019439631,-0.04657190458628946,0.04657190458628946,0.9350689428036412,0.11118888019439631,0.11118888019439631,False,312
HAI a2,rectified,rectified sparse baseline,137,P1_FT02Z_10,25,25,0.36870046639935367,0.07648679000994883,0.07648679000994883,0.13826971364315957,0.12186094264924963,0.10934429927445351,0.10934429927445351,0.21468158514326754,0.21468158514326754,0.7392430029471985,0.10934429927445351,0.10934429927445351,False,313
HAI a2,rectified,rectified sparse baseline,355,P3_LCV01D_06,25,25,0.36870046639935367,0.023522017803455163,0.023522017803455163,0.07307131653263373,0.03747595188879853,0.10919865415664158,0.10919865415664158,0.019264177943697752,0.019264177943697752,0.7751070726395874,0.10919865415664158,0.10919865415664158,False,314
HAI a2,rectified,rectified sparse baseline,354,P3_LCV01D_05,25,25,0.36870046639935367,0.028021778323054906,0.028021778323054906,0.08200663947982417,0.044645099117267356,0.10886044118482387,0.10886044118482387,0.028323367331197377,0.028323367331197377,0.8083781568184483,0.10886044118482387,0.10886044118482387,False,315
HAI a2,rectified,rectified sparse baseline,128,P1_FT02Z_01,25,25,0.36870046639935367,0.07409573740228606,0.07409573740228606,0.1465355564197325,0.11805144921050247,0.10641683848763386,0.10641683848763386,0.20316515681426098,0.20316515681426098,0.7812044380598744,0.10641683848763386,0.10641683848763386,False,316
HAI a2,rectified,rectified sparse baseline,392,P4_HT_PO_02,25,25,0.36870046639935367,0.010621949571484433,0.010621949571484433,0.06790958530724452,0.016923194023249245,0.10635097603183073,0.10635097603183073,-0.021559918457797617,0.021559918457797617,0.818751379706485,0.10635097603183073,0.10635097603183073,False,317
HAI a2,rectified,rectified sparse baseline,56,P1_FCV01D_10,25,25,0.36870046639935367,-0.025715342280464067,0.025715342280464067,0.06458473674139922,0.04097041921144616,0.10633202362661492,0.10633202362661492,-0.039974171816454795,0.039974171816454795,0.9907351940364809,0.10633202362661492,0.10633202362661492,False,318
HAI a2,rectified,rectified sparse baseline,419,P4_ST_FD_08,25,25,0.36870046639935367,0.02771322383318876,0.02771322383318876,0.09027195162413952,0.04415350127417764,0.10570888216488274,0.10570888216488274,0.07871412757304017,0.07871412757304017,0.7509331317507815,0.10570888216488274,0.10570888216488274,False,319
HAI a2,rectified,rectified sparse baseline,353,P3_LCV01D_04,25,25,0.36870046639935367,0.033135714670889535,0.033135714670889535,0.0890976193052947,0.05279276885101261,0.10567779320190242,0.10567779320190242,0.037463723157558027,0.037463723157558027,0.8367264083089944,0.10567779320190242,0.10567779320190242,False,320
HAI a2,rectified,rectified sparse baseline,416,P4_ST_FD_05,25,25,0.36870046639935367,0.028982906622145282,0.028982906622145282,0.08362748405680533,0.04617639622777217,0.10414803341761482,0.10414803341761482,0.07728570029032555,0.07728570029032555,0.6145155591340363,0.10414803341761482,0.10414803341761482,False,321
HAI a2,rectified,rectified sparse baseline,342,P3_LCP01D_03,25,25,0.36870046639935367,0.025158316625606907,0.025158316625606907,0.07259103262877613,0.040082949997848887,0.1034062255236399,0.1034062255236399,0.020011598996555274,0.020011598996555274,0.9374117149549779,0.1034062255236399,0.1034062255236399,False,322
HAI a2,rectified,rectified sparse baseline,357,P3_LCV01D_08,25,25,0.36870046639935367,0.03090781756771849,0.03090781756771849,0.08323213786804547,0.049243219431006326,0.10034543711709429,0.10034543711709429,0.034247462299765684,0.034247462299765684,0.7732202721878816,0.10034543711709429,0.10034543711709429,False,323
HAI a2,rectified,rectified sparse baseline,271,P2_24Vdc_04,25,25,0.36870046639935367,0.031549332817429505,0.031549332817429505,0.0768857398276098,0.050265299884944645,0.09979970854737127,0.09979970854737127,0.06415395996715072,0.06415395996715072,0.6292236939863527,0.09979970854737127,0.09979970854737127,False,324
HAI a2,rectified,rectified sparse baseline,54,P1_FCV01D_08,25,25,0.36870046639935367,-0.02743895735127618,0.02743895735127618,0.05932330602168035,0.04371653206657182,0.09854146360749431,0.09854146360749431,-0.038783507907608344,0.038783507907608344,0.8765800473819965,0.09854146360749431,0.09854146360749431,False,325
HAI a2,rectified,rectified sparse baseline,343,P3_LCP01D_04,25,25,0.36870046639935367,0.02807998009409783,0.02807998009409783,0.07898703918486336,0.04473782784444004,0.09837196302136633,0.09837196302136633,0.023016388637318738,0.023016388637318738,0.8355065818376077,0.09837196302136633,0.09837196302136633,False,326
HAI a2,rectified,rectified sparse baseline,268,P2_24Vdc_01,25,25,0.36870046639935367,0.03957221705292921,0.03957221705292921,0.08637533627400294,0.06304758863803037,0.09814526810994191,0.09814526810994191,0.10084215707139671,0.10084215707139671,0.6775983490018238,0.09814526810994191,0.09814526810994191,False,327
HAI a2,rectified,rectified sparse baseline,341,P3_LCP01D_02,25,25,0.36870046639935367,0.02224491055313692,0.02224491055313692,0.06814092872063422,0.035441228070898355,0.09805625339830369,0.09805625339830369,0.011938664530644329,0.011938664530644329,1.0044104487200096,0.09805625339830369,0.09805625339830369,False,328
HAI a2,rectified,rectified sparse baseline,393,P4_HT_PO_03,25,25,0.36870046639935367,0.008566396657037498,0.008566396657037498,0.06444813205551589,0.0136482282966534,0.09761044751712701,0.09761044751712701,-0.02845508112169215,0.02845508112169215,0.8277617417491565,0.09761044751712701,0.09761044751712701,False,329
HAI a2,rectified,rectified sparse baseline,377,P4_HT_FD_07,25,25,0.36870046639935367,0.03520916706511005,0.03520916706511005,0.06338566279717212,0.05609625254100914,0.09616164990935601,0.09616164990935601,0.12613769854215123,0.12613769854215123,0.694265106672883,0.09616164990935601,0.09616164990935601,False,330
HAI a2,rectified,rectified sparse baseline,162,P1_LCV01D_05,25,25,0.36870046639935367,-0.1048590595132726,0.1048590595132726,0.2510385093373408,0.1670644543448492,0.09603745532783617,0.09603745532783617,-0.2442270947543849,0.2442270947543849,0.8159595914985511,0.09603745532783617,0.09603745532783617,False,331
HAI a2,rectified,rectified sparse baseline,457,P4_ST_TT01_04,25,25,0.36870046639935367,-0.023414624253514336,0.023414624253514336,0.11072100611987279,0.03730484941177555,0.09545648086089185,0.09545648086089185,-0.09533491157934953,0.09533491157934953,0.6982250362623098,0.09545648086089185,0.09545648086089185,False,332
HAI a2,rectified,rectified sparse baseline,345,P3_LCP01D_06,25,25,0.36870046639935367,0.030248828734253864,0.030248828734253864,0.07834634692719755,0.04819329956339411,0.09539119715764252,0.09539119715764252,0.03433875928231859,0.03433875928231859,0.6888015055329817,0.09539119715764252,0.09539119715764252,False,333
HAI a2,rectified,rectified sparse baseline,52,P1_FCV01D_06,25,25,0.36870046639935367,-0.014881680403125907,0.014881680403125907,0.0633151625439753,0.02370991908398695,0.0953642570243222,0.0953642570243222,-0.002337613546378743,0.002337613546378743,0.6102723989988309,0.0953642570243222,0.0953642570243222,False,334
HAI a2,rectified,rectified sparse baseline,174,P1_LCV01Z_07,25,25,0.36870046639935367,-0.12671287510884985,0.12671287510884985,0.26064692084660107,0.20188257873748638,0.0949619952093331,0.0949619952093331,-0.2968609911992858,0.2968609911992858,0.8056107979885779,0.0949619952093331,0.0949619952093331,False,335
HAI a2,rectified,rectified sparse baseline,461,P4_ST_TT01_08,25,25,0.36870046639935367,-0.02814661957207565,0.02814661957207565,0.11110065951661867,0.044843999767761364,0.09374574957616616,0.09374574957616616,-0.11464444440593324,0.11464444440593324,0.7590533447445951,0.09374574957616616,0.09374574957616616,False,336
HAI a2,rectified,rectified sparse baseline,424,P4_ST_LD_03,25,25,0.36870046639935367,-0.0007314757765329867,0.0007314757765329867,0.05866612117197891,0.0011654081396513982,0.09365038562091664,0.09365038562091664,-0.0024783713993930118,0.0024783713993930118,0.62501719294202,0.09365038562091664,0.09365038562091664,False,337
HAI a2,rectified,rectified sparse baseline,421,P4_ST_FD_10,25,25,0.36870046639935367,0.04146897271492764,0.04146897271492764,0.10655718787907477,0.06606955403775971,0.09345858956231684,0.09345858956231684,0.10906361057451394,0.10906361057451394,0.6635364066916942,0.09345858956231684,0.09345858956231684,False,338
HAI a2,rectified,rectified sparse baseline,173,P1_LCV01Z_06,25,25,0.36870046639935367,-0.11121058364721982,0.11121058364721982,0.23703597742385835,0.17718388435520252,0.0930094012534615,0.0930094012534615,-0.2520894884096994,0.2520894884096994,0.7934542386322756,0.0930094012534615,0.0930094012534615,False,339
HAI a2,rectified,rectified sparse baseline,172,P1_LCV01Z_05,25,25,0.36870046639935367,-0.09676933474765725,0.09676933474765725,0.21359139865657545,0.1541756733464227,0.09299377685548026,0.09299377685548026,-0.21831252008868055,0.21831252008868055,0.9354767254333332,0.09299377685548026,0.09299377685548026,False,340
HAI a2,rectified,rectified sparse baseline,49,P1_FCV01D_03,25,25,0.36870046639935367,-0.016283142547956632,0.016283142547956632,0.05814914049444291,0.025942768678460678,0.09297312879646231,0.09297312879646231,-0.011370466899368735,0.011370466899368735,0.7127357861629227,0.09297312879646231,0.09297312879646231,False,341
HAI a2,rectified,rectified sparse baseline,394,P4_HT_PO_04,25,25,0.36870046639935367,0.015231009142749403,0.015231009142749403,0.06994785777468122,0.02426647962861768,0.09273711511942051,0.09273711511942051,-0.010585791624637478,0.010585791624637478,0.8266269709299164,0.09273711511942051,0.09273711511942051,False,342
HAI a2,rectified,rectified sparse baseline,340,P3_LCP01D_01,25,25,0.36870046639935367,0.023061834034655435,0.023061834034655435,0.06683412492862029,0.036742773939370595,0.09272612912784328,0.09272612912784328,0.014560133488047543,0.014560133488047543,0.9477068131029743,0.09272612912784328,0.09272612912784328,False,343
HAI a2,rectified,rectified sparse baseline,48,P1_FCV01D_02,25,25,0.36870046639935367,-0.02183735361749029,0.02183735361749029,0.053798562084932375,0.034791896698060265,0.09181521255972286,0.09181521255972286,-0.027829828590556813,0.027829828590556813,0.6445458511083129,0.09181521255972286,0.09181521255972286,False,344
HAI a2,rectified,rectified sparse baseline,379,P4_HT_FD_09,25,25,0.36870046639935367,0.028285314598977766,0.028285314598977766,0.059333825397818125,0.045064972653626446,0.09133068479250912,0.09133068479250912,0.09596533987990252,0.09596533987990252,0.6342156580672889,0.09133068479250912,0.09133068479250912,False,345
HAI a2,rectified,rectified sparse baseline,51,P1_FCV01D_05,25,25,0.36870046639935367,-0.01709674876821991,0.01709674876821991,0.05794469307704373,0.027239029391371752,0.09029770502500455,0.09029770502500455,-0.009523310591190173,0.009523310591190173,0.672599553583483,0.09029770502500455,0.09029770502500455,False,346
HAI a2,rectified,rectified sparse baseline,344,P3_LCP01D_05,25,25,0.36870046639935367,0.02615631407398051,0.02615631407398051,0.07323371921169992,0.04167298809206795,0.09022223017171917,0.09022223017171917,0.021600847699418696,0.021600847699418696,0.7624291528255978,0.09022223017171917,0.09022223017171917,False,347
HAI a2,rectified,rectified sparse baseline,47,P1_FCV01D_01,25,25,0.36870046639935367,-0.025344953491501582,0.025344953491501582,0.054793736097117095,0.040380305193537816,0.08974179464079775,0.08974179464079775,-0.03766811785437779,0.03766811785437779,0.8116234147682544,0.08974179464079775,0.08974179464079775,False,348
HAI a2,rectified,rectified sparse baseline,50,P1_FCV01D_04,25,25,0.36870046639935367,-0.015913039923378967,0.015913039923378967,0.056973523440737806,0.025353110585839334,0.08973926267610786,0.08973926267610786,-0.009288010249954862,0.009288010249954862,0.6945844798021119,0.08973926267610786,0.08973926267610786,False,349
HAI a2,rectified,rectified sparse baseline,412,P4_ST_FD_01,25,25,0.36870046639935367,0.0345286329984239,0.0345286329984239,0.0917546965844249,0.05501200619127326,0.08963080114509105,0.08963080114509105,0.07974083009548512,0.07974083009548512,0.7672119630975986,0.08963080114509105,0.08963080114509105,False,350
HAI a2,rectified,rectified sparse baseline,455,P4_ST_TT01_02,25,25,0.36870046639935367,-0.03005662225345944,0.03005662225345944,0.11583472235434937,0.04788707069786247,0.08897871901610915,0.08897871901610915,-0.11667751592950765,0.11667751592950765,0.8348432375195505,0.08897871901610915,0.08897871901610915,False,351
HAI a2,rectified,rectified sparse baseline,53,P1_FCV01D_07,25,25,0.36870046639935367,-0.022221319928261915,0.022221319928261915,0.053648185725406486,0.03540364281225984,0.08835720007321905,0.08835720007321905,-0.025715793780637007,0.025715793780637007,0.6949308066408354,0.08835720007321905,0.08835720007321905,False,352
HAI a2,rectified,rectified sparse baseline,176,P1_LCV01Z_09,25,25,0.36870046639935367,-0.13005362359159428,0.13005362359159428,0.25569050753448647,0.20720515482164853,0.08835534787263724,0.08835534787263724,-0.30675199980849227,0.30675199980849227,0.7920649334086941,0.08835534787263724,0.08835534787263724,False,353
HAI a2,rectified,rectified sparse baseline,433,P4_ST_PO_02,25,25,0.36870046639935367,-0.01866599605905385,0.01866599605905385,0.0835688096945461,0.02973919908192788,0.08755158969449267,0.08755158969449267,-0.05181616114324457,0.05181616114324457,0.6798009921491545,0.08755158969449267,0.08755158969449267,False,354
HAI a2,rectified,rectified sparse baseline,432,P4_ST_PO_01,25,25,0.36870046639935367,-0.019554011933983043,0.019554011933983043,0.08526638508201097,0.031154011386017172,0.0865241017341628,0.0865241017341628,-0.05982835277132366,0.05982835277132366,0.6379424555208569,0.0865241017341628,0.0865241017341628,False,355
HAI a2,rectified,rectified sparse baseline,177,P1_LCV01Z_10,25,25,0.36870046639935367,-0.12807669809990424,0.12807669809990424,0.2569737260069016,0.2040554605550524,0.08618980781344086,0.08618980781344086,-0.3032110982094082,0.3032110982094082,0.7875525775304952,0.08618980781344086,0.08618980781344086,False,356
HAI a2,rectified,rectified sparse baseline,266,P1_TIT02_09,25,25,0.36870046639935367,0.022871478468179024,0.022871478468179024,0.12317270662081704,0.036439494003497615,0.08599421267508227,0.08599421267508227,0.04669910679912402,0.04669910679912402,0.7501943010432401,0.08599421267508227,0.08599421267508227,False,357
HAI a2,rectified,rectified sparse baseline,349,P3_LCP01D_10,25,25,0.36870046639935367,0.029681274108023157,0.029681274108023157,0.08027573645646233,0.04728905529129928,0.08532390594206138,0.08532390594206138,0.024112205161792813,0.024112205161792813,0.7079668874493587,0.08532390594206138,0.08532390594206138,False,358
HAI a2,rectified,rectified sparse baseline,422,P4_ST_LD_01,25,25,0.36870046639935367,-0.00016737459941058806,0.00016737459941058806,0.06825347627805316,0.00026666600150250503,0.08506184277842124,0.08506184277842124,-0.0026716967483692775,0.0026716967483692775,0.5540252744371478,0.08506184277842124,0.08506184277842124,False,359
HAI a2,rectified,rectified sparse baseline,347,P3_LCP01D_08,25,25,0.36870046639935367,0.027836070212468443,0.027836070212468443,0.0789870391848633,0.04434922364111345,0.08479383948587102,0.08479383948587102,0.01768589988146832,0.01768589988146832,0.6780199986344447,0.08479383948587102,0.08479383948587102,False,360
HAI a2,rectified,rectified sparse baseline,161,P1_LCV01D_04,25,25,0.36870046639935367,-0.092615898687687,0.092615898687687,0.23314044152024402,0.14755830015772536,0.08474616425746986,0.08474616425746986,-0.20899853450690775,0.20899853450690775,0.8908881944157581,0.08474616425746986,0.08474616425746986,False,361
HAI a2,rectified,rectified sparse baseline,277,P2_24Vdc_10,25,25,0.36870046639935367,0.03939579060482931,0.03939579060482931,0.09031625645433466,0.06276650097216131,0.08267246759187002,0.08267246759187002,0.0939354132431585,0.0939354132431585,0.7036476061222159,0.08267246759187002,0.08267246759187002,False,362
HAI a2,rectified,rectified sparse baseline,175,P1_LCV01Z_08,25,25,0.36870046639935367,-0.1255531915299928,0.1255531915299928,0.25611758056315825,0.20003493767324518,0.08248910897829145,0.08248910897829145,-0.29474801419651797,0.29474801419651797,0.7773031955257788,0.08248910897829145,0.08248910897829145,False,363
HAI a2,rectified,rectified sparse baseline,462,P4_ST_TT01_09,25,25,0.36870046639935367,-0.02720801775972372,0.02720801775972372,0.10525887624465649,0.043348592500563686,0.08247448062420942,0.08247448062420942,-0.11033828144499264,0.11033828144499264,0.6325794324356464,0.08247448062420942,0.08247448062420942,False,364
HAI a2,rectified,rectified sparse baseline,429,P4_ST_LD_08,25,25,0.36870046639935367,0.013328940517706134,0.013328940517706134,0.04767086739844445,0.02123604946412541,0.08244784719049027,0.08244784719049027,0.045136810597070795,0.045136810597070795,0.6319735288936207,0.08244784719049027,0.08244784719049027,False,365
HAI a2,rectified,rectified sparse baseline,458,P4_ST_TT01_05,25,25,0.36870046639935367,-0.027572926037578813,0.027572926037578813,0.10518809200867986,0.043929974811341164,0.08219792527900316,0.08219792527900316,-0.10040220196317579,0.10040220196317579,0.8034367351449037,0.08219792527900316,0.08219792527900316,False,366
HAI a2,rectified,rectified sparse baseline,438,P4_ST_PO_07,25,25,0.36870046639935367,-0.01815239988703179,0.01815239988703179,0.065955735438979,0.028920922963195306,0.08116553481283124,0.08116553481283124,-0.042135764178075207,0.042135764178075207,0.697170832570084,0.08116553481283124,0.08116553481283124,False,367
HAI a2,rectified,rectified sparse baseline,265,P1_TIT02_08,25,25,0.36870046639935367,0.022377414301333474,0.022377414301333474,0.12746692146312788,0.035652336834355286,0.08110387925341005,0.08110387925341005,0.04441309081198593,0.04441309081198593,0.7875174149260226,0.08110387925341005,0.08110387925341005,False,368
HAI a2,rectified,rectified sparse baseline,348,P3_LCP01D_09,25,25,0.36870046639935367,0.030988841500272857,0.030988841500272857,0.0802723674929764,0.049372309078995744,0.08106452433219301,0.08106452433219301,0.027061451596952585,0.027061451596952585,0.6540846536565711,0.08106452433219301,0.08106452433219301,False,369
HAI a2,rectified,rectified sparse baseline,158,P1_LCV01D_01,25,25,0.36870046639935367,-0.071524623144941,0.071524623144941,0.19832930174701094,0.11395507639869744,0.08103843089438334,0.08103843089438334,-0.1649610189435764,0.1649610189435764,0.7519995632762995,0.08103843089438334,0.08103843089438334,False,370
HAI a2,rectified,rectified sparse baseline,426,P4_ST_LD_05,25,25,0.36870046639935367,0.0009387726557213518,0.0009387726557213518,0.04423184588513468,0.0014956794597428282,0.08093539334582729,0.08093539334582729,-0.0013636204722928605,0.0013636204722928605,0.5469131803803703,0.08093539334582729,0.08093539334582729,False,371
HAI a2,rectified,rectified sparse baseline,261,P1_TIT02_04,25,25,0.36870046639935367,0.028401449418794945,0.028401449418794945,0.1374042486208776,0.0452500019719634,0.08088936019277711,0.08088936019277711,0.061276544721578126,0.061276544721578126,0.7946057439833254,0.08088936019277711,0.08088936019277711,False,372
HAI a2,rectified,rectified sparse baseline,274,P2_24Vdc_07,25,25,0.36870046639935367,0.03603162768601367,0.03603162768601367,0.07968945619630474,0.057406620338404823,0.0807824439250071,0.0807824439250071,0.07526787173877814,0.07526787173877814,0.7291338011202437,0.0807824439250071,0.0807824439250071,False,373
HAI a2,rectified,rectified sparse baseline,396,P4_HT_PO_06,25,25,0.36870046639935367,0.015361088837219237,0.015361088837219237,0.06878895088118876,0.024473726320308607,0.08049266140296261,0.08049266140296261,-0.009288698209817238,0.009288698209817238,0.7412768328425116,0.08049266140296261,0.08049266140296261,False,374
HAI a2,rectified,rectified sparse baseline,269,P2_24Vdc_02,25,25,0.36870046639935367,0.029321813376822915,0.029321813376822915,0.07435910957364986,0.04671635216774354,0.080470284415975,0.080470284415975,0.048654490019132884,0.048654490019132884,0.7128361756367515,0.080470284415975,0.080470284415975,False,375
HAI a2,rectified,rectified sparse baseline,454,P4_ST_TT01_01,25,25,0.36870046639935367,-0.026326211000049154,0.026326211000049154,0.11704779551907747,0.041943672736582935,0.07992800945753033,0.07992800945753033,-0.10499660703084163,0.10499660703084163,0.7839631662953813,0.07992800945753033,0.07992800945753033,False,376
HAI a2,rectified,rectified sparse baseline,423,P4_ST_LD_02,25,25,0.36870046639935367,0.002466126167533436,0.002466126167533436,0.06127389605531144,0.003929102782696408,0.07981906557404103,0.07981906557404103,0.006495802989309848,0.006495802989309848,0.5730462237294838,0.07981906557404103,0.07981906557404103,False,377
HAI a2,rectified,rectified sparse baseline,427,P4_ST_LD_06,25,25,0.36870046639935367,0.006552328188393014,0.006552328188393014,0.030662340989236037,0.010439356776261148,0.07981366286901735,0.07981366286901735,0.025147497031582887,0.025147497031582887,0.6348188838935717,0.07981366286901735,0.07981366286901735,False,378
HAI a2,rectified,rectified sparse baseline,456,P4_ST_TT01_03,25,25,0.36870046639935367,-0.027892093704081314,0.027892093704081314,0.11006842367794469,0.04443848187116283,0.07929759236906792,0.07929759236906792,-0.10508365446313941,0.10508365446313941,0.7322160472248195,0.07929759236906792,0.07929759236906792,False,379
HAI a2,rectified,rectified sparse baseline,159,P1_LCV01D_02,25,25,0.36870046639935367,-0.08209622706137627,0.08209622706137627,0.21445734401087416,0.130798058283592,0.07873890160967381,0.07873890160967381,-0.18696797068322285,0.18696797068322285,0.7184664068998369,0.07873890160967381,0.07873890160967381,False,380
HAI a2,rectified,rectified sparse baseline,440,P4_ST_PO_09,25,25,0.36870046639935367,-0.025883971126467183,0.025883971126467183,0.06713059251173029,0.04123908351451237,0.07829002814827547,0.07829002814827547,-0.06010252897341238,0.06010252897341238,0.6803658255022806,0.07829002814827547,0.07829002814827547,False,381
HAI a2,rectified,rectified sparse baseline,346,P3_LCP01D_07,25,25,0.36870046639935367,0.0293303500818983,0.0293303500818983,0.07834634692719757,0.046729953090562625,0.07811851837902622,0.07811851837902622,0.027909808499705258,0.027909808499705258,0.6271841186700924,0.07811851837902622,0.07811851837902622,False,382
HAI a2,rectified,rectified sparse baseline,263,P1_TIT02_06,25,25,0.36870046639935367,0.02433479519982096,0.02433479519982096,0.1327150248473799,0.03877089209575787,0.07800457989249057,0.07800457989249057,0.05204448540888064,0.05204448540888064,0.7031288586518689,0.07800457989249057,0.07800457989249057,False,383
HAI a2,rectified,rectified sparse baseline,397,P4_HT_PO_07,25,25,0.36870046639935367,0.017725349099223523,0.017725349099223523,0.06807110654479685,0.02824053342724209,0.07788378375339895,0.07788378375339895,-0.00027417469898671776,0.00027417469898671776,0.734379616774883,0.07788378375339895,0.07788378375339895,False,384
HAI a2,rectified,rectified sparse baseline,358,P3_LCV01D_09,25,25,0.36870046639935367,0.027631610108027727,0.027631610108027727,0.07854579557309598,0.04402347195172932,0.07773834725069857,0.07773834725069857,0.02934942944132539,0.02934942944132539,0.6602890346444179,0.07773834725069857,0.07773834725069857,False,385
HAI a2,rectified,rectified sparse baseline,459,P4_ST_TT01_06,25,25,0.36870046639935367,-0.024874316858596486,0.024874316858596486,0.09889719627746243,0.039630473441889934,0.0776213801558992,0.0776213801558992,-0.09684652944656977,0.09684652944656977,0.6845737510111807,0.0776213801558992,0.0776213801558992,False,386
HAI a2,rectified,rectified sparse baseline,258,P1_TIT02_01,25,25,0.36870046639935367,0.027890724187251238,0.027890724187251238,0.1370752074775827,0.044436299917758,0.07733582592303463,0.07733582592303463,0.06078290239431634,0.06078290239431634,0.8094613319118407,0.07733582592303463,0.07733582592303463,False,387
HAI a2,rectified,rectified sparse baseline,434,P4_ST_PO_03,25,25,0.36870046639935367,-0.018498002101596828,0.018498002101596828,0.07504676606659241,0.029471546301461763,0.07722520160260778,0.07722520160260778,-0.046671980262121986,0.046671980262121986,0.6506876950572831,0.07722520160260778,0.07722520160260778,False,388
HAI a2,rectified,rectified sparse baseline,260,P1_TIT02_03,25,25,0.36870046639935367,0.0283067790937995,0.0283067790937995,0.13809333652586905,0.045099170501021094,0.07690396238719814,0.07690396238719814,0.06408210806653952,0.06408210806653952,0.7626641863481411,0.07690396238719814,0.07690396238719814,False,389
HAI a2,rectified,rectified sparse baseline,435,P4_ST_PO_04,25,25,0.36870046639935367,-0.0178228821049808,0.0178228821049808,0.07417355245635147,0.02839592580309484,0.07680568442141905,0.07680568442141905,-0.04779166613299073,0.04779166613299073,0.6106739298774143,0.07680568442141905,0.07680568442141905,False,390
HAI a2,rectified,rectified sparse baseline,441,P4_ST_PO_10,25,25,0.36870046639935367,-0.024333341373553183,0.024333341373553183,0.0645186538685286,0.038768575818144226,0.07667563709751304,0.07667563709751304,-0.053629820307972004,0.053629820307972004,0.7654656995353835,0.07667563709751304,0.07667563709751304,False,391
HAI a2,rectified,rectified sparse baseline,259,P1_TIT02_02,25,25,0.36870046639935367,0.028090265030004103,0.028090265030004103,0.13616400269910803,0.044754214098647625,0.07649139933357464,0.07649139933357464,0.06288041081904863,0.06288041081904863,0.7169902513567694,0.07649139933357464,0.07649139933357464,False,392
HAI a2,rectified,rectified sparse baseline,262,P1_TIT02_05,25,25,0.36870046639935367,0.02608431455320748,0.02608431455320748,0.13367890617327668,0.041558276395178145,0.07620183377020379,0.07620183377020379,0.058000364005264704,0.058000364005264704,0.7687303800525734,0.07620183377020379,0.07620183377020379,False,393
HAI a2,rectified,rectified sparse baseline,275,P2_24Vdc_08,25,25,0.36870046639935367,0.03360830932405852,0.03360830932405852,0.06833905169873469,0.05354572017657715,0.07605559479915652,0.07605559479915652,0.07635103909256623,0.07635103909256623,0.6988300959017666,0.07605559479915652,0.07605559479915652,False,394
HAI a2,rectified,rectified sparse baseline,267,P1_TIT02_10,25,25,0.36870046639935367,0.022819663266836588,0.022819663266836588,0.12867235071834565,0.03635694054193479,0.07603521440871756,0.07603521440871756,0.04540931002757498,0.04540931002757498,0.7527502639912534,0.07603521440871756,0.07603521440871756,False,395
HAI a2,rectified,rectified sparse baseline,430,P4_ST_LD_09,25,25,0.36870046639935367,0.007123548283027047,0.007123548283027047,0.039734251760953104,0.01134944097751005,0.07590493605593863,0.07590493605593863,0.023579584471303892,0.023579584471303892,0.5264739551964777,0.07590493605593863,0.07590493605593863,False,396
HAI a2,rectified,rectified sparse baseline,160,P1_LCV01D_03,25,25,0.36870046639935367,-0.086449580367954,0.086449580367954,0.22259175166022027,0.1377339453505716,0.07513552629037769,0.07513552629037769,-0.19788455830240625,0.19788455830240625,0.773283817884022,0.07513552629037769,0.07513552629037769,False,397
HAI a2,rectified,rectified sparse baseline,460,P4_ST_TT01_07,25,25,0.36870046639935367,-0.02394071675102694,0.02394071675102694,0.0919354156179758,0.03814303503388422,0.07485677395034891,0.07485677395034891,-0.09672144443673347,0.09672144443673347,0.6625281722081621,0.07485677395034891,0.07485677395034891,False,398
HAI a2,rectified,rectified sparse baseline,395,P4_HT_PO_05,25,25,0.36870046639935367,0.017353220834896103,0.017353220834896103,0.07557811146433427,0.027647648027404156,0.07427068343955621,0.07427068343955621,-0.007907502351847034,0.007907502351847034,0.7807315072002886,0.07427068343955621,0.07427068343955621,False,399
HAI a2,rectified,rectified sparse baseline,413,P4_ST_FD_02,25,25,0.36870046639935367,0.03921451329231949,0.03921451329231949,0.07794684132596606,0.062477684770298275,0.07372313323285556,0.07372313323285556,0.11353775815849138,0.11353775815849138,0.6617579766528098,0.07372313323285556,0.07372313323285556,False,400
HAI a2,rectified,rectified sparse baseline,425,P4_ST_LD_04,25,25,0.36870046639935367,0.000367963360213814,0.000367963360213814,0.054341113508922234,0.0005862497554180045,0.07306917108639843,0.07306917108639843,-0.0016517281470699446,0.0016517281470699446,0.5124818102556631,0.07306917108639843,0.07306917108639843,False,401
HAI a2,rectified,rectified sparse baseline,359,P3_LCV01D_10,25,25,0.36870046639935367,0.028869553199562113,0.028869553199562113,0.07828389028904856,0.04599579831110307,0.07283004077467392,0.07283004077467392,0.031028630031208274,0.031028630031208274,0.6791725708391202,0.07283004077467392,0.07283004077467392,False,402
HAI a2,rectified,rectified sparse baseline,437,P4_ST_PO_06,25,25,0.36870046639935367,-0.01952735399535758,0.01952735399535758,0.07034782728203569,0.0311115391953348,0.07100644688851196,0.07100644688851196,-0.045241301715051696,0.045241301715051696,0.6293910026701719,0.07100644688851196,0.07100644688851196,False,403
HAI a2,rectified,rectified sparse baseline,411,P4_LD_10,25,25,0.36870046639935367,0.02373308520443327,0.02373308520443327,0.049406388128665976,0.037812230512105555,0.07072357868877187,0.07072357868877187,0.029329319073880394,0.029329319073880394,0.5224108843453292,0.07072357868877187,0.07072357868877187,False,404
HAI a2,rectified,rectified sparse baseline,264,P1_TIT02_07,25,25,0.36870046639935367,0.02316705035883486,0.02316705035883486,0.12825531231991094,0.03691040759800532,0.07001893133195396,0.07001893133195396,0.04911204551568375,0.04911204551568375,0.7305342304165059,0.07001893133195396,0.07001893133195396,False,405
HAI a2,rectified,rectified sparse baseline,420,P4_ST_FD_09,25,25,0.36870046639935367,0.0295476613782145,0.0295476613782145,0.09280954096135993,0.04707617966660246,0.06961587235148461,0.06961587235148461,0.09179280326372916,0.09179280326372916,0.738179230288155,0.06961587235148461,0.06961587235148461,False,406
HAI a2,rectified,rectified sparse baseline,276,P2_24Vdc_09,25,25,0.36870046639935367,0.006356812721436499,0.006356812721436499,0.033231975188752906,0.010127855939283545,0.06956141009440446,0.06956141009440446,0.011618823932835712,0.011618823932835712,0.7091348997959273,0.06956141009440446,0.06956141009440446,False,407
HAI a2,rectified,rectified sparse baseline,381,P4_HT_LD_01,25,25,0.36870046639935367,0.010567392443479982,0.010567392443479982,0.059558523647555206,0.0168362720456634,0.06901613518414729,0.06901613518414729,-0.023029482828192713,0.023029482828192713,0.6878496574026933,0.06901613518414729,0.06901613518414729,False,408
HAI a2,rectified,rectified sparse baseline,410,P4_LD_09,25,25,0.36870046639935367,0.021417187727956775,0.021417187727956775,0.048036527447593465,0.03412247637906199,0.06882482278963366,0.06882482278963366,0.025995951896027825,0.025995951896027825,0.6002815967001618,0.06882482278963366,0.06882482278963366,False,409
HAI a2,rectified,rectified sparse baseline,408,P4_LD_07,25,25,0.36870046639935367,0.018497984124385546,0.018497984124385546,0.048737626468586856,0.0294715176596543,0.06766072479909213,0.06766072479909213,0.020833542864154744,0.020833542864154744,0.5880875428947595,0.06766072479909213,0.06766072479909213,False,410
HAI a2,rectified,rectified sparse baseline,463,P4_ST_TT01_10,25,25,0.36870046639935367,-0.03108817071118299,0.03108817071118299,0.11249464771050138,0.049530563220299625,0.06759084413572854,0.06759084413572854,-0.11405860208954627,0.11405860208954627,0.798172250218224,0.06759084413572854,0.06759084413572854,False,411
HAI a2,rectified,rectified sparse baseline,436,P4_ST_PO_05,25,25,0.36870046639935367,-0.02068436710696581,0.02068436710696581,0.06865523334562718,0.03295492559473503,0.06666033062142246,0.06666033062142246,-0.04825253626757075,0.04825253626757075,0.6347687972499368,0.06666033062142246,0.06666033062142246,False,412
HAI a2,rectified,rectified sparse baseline,439,P4_ST_PO_08,25,25,0.36870046639935367,-0.025671632531825635,0.025671632531825635,0.06909362999966179,0.04090077958908329,0.06643431901338884,0.06643431901338884,-0.06297816110697171,0.06297816110697171,0.6565166932024425,0.06643431901338884,0.06643431901338884,False,413
HAI a2,rectified,rectified sparse baseline,407,P4_LD_06,25,25,0.36870046639935367,0.022206214416898917,0.022206214416898917,0.05367716896654907,0.03537957627928527,0.06635128451984806,0.06635128451984806,0.025528027313479237,0.025528027313479237,0.6245798711082782,0.06635128451984806,0.06635128451984806,False,414
HAI a2,rectified,rectified sparse baseline,431,P4_ST_LD_10,25,25,0.36870046639935367,0.006150930343514835,0.006150930343514835,0.03883422203394237,0.009799838243088691,0.06610918865113896,0.06610918865113896,0.029250654360431005,0.029250654360431005,0.586315692839169,0.06610918865113896,0.06610918865113896,False,415
HAI a2,rectified,rectified sparse baseline,409,P4_LD_08,25,25,0.36870046639935367,0.019345441520377954,0.019345441520377954,0.051868293937697325,0.030821711034448567,0.06610199861269679,0.06610199861269679,0.024208992201096534,0.024208992201096534,0.5479225816651466,0.06610199861269679,0.06610199861269679,False,416
HAI a2,rectified,rectified sparse baseline,402,P4_LD_01,25,25,0.36870046639935367,0.016495221702868615,0.016495221702868615,0.05029372867850018,0.026280659257088293,0.06550891037816618,0.06550891037816618,0.008996852979884673,0.008996852979884673,0.6393758899856755,0.06550891037816618,0.06550891037816618,False,417
HAI a2,rectified,rectified sparse baseline,428,P4_ST_LD_07,25,25,0.36870046639935367,0.0013859303278612226,0.0013859303278612226,0.03618423136330294,0.0022081038592073757,0.06439776772947417,0.06439776772947417,0.00664965390374396,0.00664965390374396,0.6692281054129829,0.06439776772947417,0.06439776772947417,False,418
HAI a2,rectified,rectified sparse baseline,382,P4_HT_LD_02,25,25,0.36870046639935367,0.006902065691651011,0.006902065691651011,0.04956267261535654,0.010996568574811865,0.06384805985114977,0.06384805985114977,-0.027229040577678873,0.027229040577678873,0.6330558041765488,0.06384805985114977,0.06384805985114977,False,419
HAI a2,rectified,rectified sparse baseline,383,P4_HT_LD_03,25,25,0.36870046639935367,0.007096618869940706,0.007096618869940706,0.04584459526416921,0.011306536265947888,0.06315535797206939,0.06315535797206939,-0.02178563205365295,0.02178563205365295,0.6308162067279832,0.06315535797206939,0.06315535797206939,False,420
HAI a2,rectified,rectified sparse baseline,404,P4_LD_03,25,25,0.36870046639935367,0.019716435828147624,0.019716435828147624,0.05453782182191716,0.03141278978224851,0.06136290904702745,0.06136290904702745,0.02540992865684865,0.02540992865684865,0.5308262960247556,0.06136290904702745,0.06136290904702745,False,421
HAI a2,rectified,rectified sparse baseline,398,P4_HT_PO_08,25,25,0.36870046639935367,0.01655499455899359,0.01655499455899359,0.06588241566617245,0.026375891081973087,0.06096486537620863,0.06096486537620863,-0.004967658610330224,0.004967658610330224,0.6963860263207053,0.06096486537620863,0.06096486537620863,False,422
HAI a2,rectified,rectified sparse baseline,400,P4_HT_PO_10,25,25,0.36870046639935367,0.017340208883756023,0.017340208883756023,0.06444813205551583,0.02762691701448768,0.060901092119945786,0.060901092119945786,0.0002770339635691649,0.0002770339635691649,0.5826455023222604,0.060901092119945786,0.060901092119945786,False,423
HAI a2,rectified,rectified sparse baseline,399,P4_HT_PO_09,25,25,0.36870046639935367,0.01846879270980627,0.01846879270980627,0.06560082785783873,0.029425009062582403,0.06074301290596669,0.06074301290596669,0.00025360127566684265,0.00025360127566684265,0.6543699422939572,0.06074301290596669,0.06074301290596669,False,424
HAI a2,rectified,rectified sparse baseline,406,P4_LD_05,25,25,0.36870046639935367,0.019638937592202338,0.019638937592202338,0.051795631018522574,0.03128931737499076,0.059906946255385445,0.059906946255385445,0.02540363139455047,0.02540363139455047,0.5517041493858275,0.059906946255385445,0.059906946255385445,False,425
HAI a2,rectified,rectified sparse baseline,405,P4_LD_04,25,25,0.36870046639935367,0.01861213079517204,0.01861213079517204,0.04724379228136953,0.029653379402061145,0.058043409814739585,0.058043409814739585,0.021740879886754834,0.021740879886754834,0.48498062422015736,0.058043409814739585,0.058043409814739585,False,426
HAI a2,rectified,rectified sparse baseline,270,P2_24Vdc_03,25,25,0.36870046639935367,0.03381898274711528,0.03381898274711528,0.07351719637743968,0.053881371102985506,0.056330150102363405,0.056330150102363405,0.06452825555525181,0.06452825555525181,0.6630622532210834,0.056330150102363405,0.056330150102363405,False,427
HAI a2,rectified,rectified sparse baseline,390,P4_HT_LD_10,25,25,0.36870046639935367,0.005504522341594935,0.005504522341594935,0.03837792895720243,0.008769962516316383,0.053638971971786534,0.053638971971786534,-0.019640028703147766,0.019640028703147766,0.5522742020821535,0.053638971971786534,0.053638971971786534,False,428
HAI a2,rectified,rectified sparse baseline,388,P4_HT_LD_08,25,25,0.36870046639935367,0.007369286114892033,0.007369286114892033,0.03910809379424456,0.011740957523462036,0.052567468087705634,0.052567468087705634,-0.020177697172920506,0.020177697172920506,0.6010585966833458,0.052567468087705634,0.052567468087705634,False,429
HAI a2,rectified,rectified sparse baseline,403,P4_LD_02,25,25,0.36870046639935367,0.018365332172721134,0.018365332172721134,0.047503207845523136,0.029260172774191264,0.05128780574002754,0.05128780574002754,0.016097152866108647,0.016097152866108647,0.5070070188442766,0.05128780574002754,0.05128780574002754,False,430
HAI a2,rectified,rectified sparse baseline,389,P4_HT_LD_09,25,25,0.36870046639935367,0.004575589857453298,0.004575589857453298,0.035719845852416714,0.007289960699528351,0.05090150358028818,0.05090150358028818,-0.023153708009641144,0.023153708009641144,0.5379108158950398,0.05090150358028818,0.05090150358028818,False,431
HAI a2,rectified,rectified sparse baseline,384,P4_HT_LD_04,25,25,0.36870046639935367,0.009092409030386071,0.009092409030386071,0.0461531419572027,0.014486286262651039,0.049644923539092056,0.049644923539092056,-0.01778058575170746,0.01778058575170746,0.6301088115650304,0.049644923539092056,0.049644923539092056,False,432
HAI a2,rectified,rectified sparse baseline,387,P4_HT_LD_07,25,25,0.36870046639935367,0.008172266519856874,0.008172266519856874,0.03646532350265724,0.013020288883363058,0.04912454441631608,0.04912454441631608,-0.01765896028445825,0.01765896028445825,0.5629824217611845,0.04912454441631608,0.04912454441631608,False,433
HAI a2,rectified,rectified sparse baseline,385,P4_HT_LD_05,25,25,0.36870046639935367,0.009289521915084384,0.009289521915084384,0.04171637195603468,0.014800332151287818,0.048021098141890366,0.048021098141890366,-0.012770047638711396,0.012770047638711396,0.5759391268316848,0.048021098141890366,0.048021098141890366,False,434
HAI a2,rectified,rectified sparse baseline,386,P4_HT_LD_06,25,25,0.36870046639935367,0.0055383214986915496,0.0055383214986915496,0.03537028326396336,0.008823812300625644,0.046257513301606386,0.046257513301606386,-0.021184011429027094,0.021184011429027094,0.5245204631585815,0.046257513301606386,0.046257513301606386,False,435
HAI a2,rectified,rectified sparse baseline,67,P1_FCV02D_01,25,25,0.36870046639935367,0.0,0.0,0.0,0.0,0.0,0.0,0.0,0.0,0.0,0.0,0.0,False,436
HAI a2,rectified,rectified sparse baseline,278,P2_Auto_01,25,25,0.36870046639935367,0.0,0.0,0.0,0.0,0.0,0.0,0.0,0.0,0.0,0.0,0.0,False,437
HAI a2,rectified,rectified sparse baseline,360,P3_LH_01,25,25,0.36870046639935367,0.0,0.0,0.0,0.0,0.0,0.0,0.0,0.0,0.0,0.0,0.0,False,438
HAI a2,rectified,rectified sparse baseline,401,P4_HT_PS_01,25,25,0.36870046639935367,0.0,0.0,0.0,0.0,0.0,0.0,0.0,0.0,0.0,0.0,0.0,False,439
