model,fpr,tpr,threshold
rule,0.0,0.0,inf
rule,0.0,0.01303538175046555,1.0
rule,0.0,0.0148975791433892,0.9999999999999931
rule,0.000651890482398957,0.0148975791433892,0.999999999989851
rule,0.000651890482398957,0.03165735567970205,0.9999991398184914
rule,0.000651890482398957,0.035381750465549346,0.999999032686697
rule,0.000651890482398957,0.03910614525139665,0.9999983644383216
rule,0.000651890482398957,0.04283054003724395,0.9999979213818929
rule,0.000651890482398957,0.0521415270018622,0.9999959182888789
rule,0.000651890482398957,0.9459962756052142,0.9999958460720283
rule,0.000651890482398957,0.9515828677839852,0.9999957953824242
rule,0.000651890482398957,0.9553072625698324,0.999995789035653
rule,0.000651890482398957,0.9590316573556797,0.9999951893499214
rule,0.000651890482398957,0.962756052141527,0.9999950224874474
rule,0.000651890482398957,0.9664804469273743,0.9999939987252057
rule,0.000651890482398957,0.9702048417132216,0.9999895595871514
rule,0.000651890482398957,0.9795158286778398,0.9996170007075039
rule,0.001303780964797914,0.9795158286778398,0.9993751110034103
rule,0.001303780964797914,0.9813780260707635,0.9991682416848148
rule,0.001303780964797914,0.9851024208566108,0.998896211955412
rule,0.001955671447196871,0.9851024208566108,0.07087105798004911
rule,0.017601043024771838,0.9906890130353817,0.058720707131488976
rule,0.018252933507170794,0.9906890130353817,0.0473318621628362
rule,0.018252933507170794,0.9925512104283054,0.04548485526147848
rule,0.018904823989569754,0.9925512104283054,0.035741582157537366
rule,0.018904823989569754,0.9962756052141527,0.018964824345032327
rule,0.02346805736636245,0.9962756052141527,0.0007400516129375539
rule,0.02607561929595828,0.9962756052141527,0.0007243804921086111
rule,0.02803129074315515,0.9962756052141527,0.00028121427200520206
rule,0.02998696219035202,0.9962756052141527,0.00023445871591177514
rule,0.030638852672750978,0.9962756052141527,0.00019773921828275878
rule,0.031942633637548894,0.9962756052141527,0.00015584122088391946
rule,0.033246414602346806,0.9962756052141527,0.00013714492189169968
rule,0.03455019556714472,0.9962756052141527,0.00010216076372897162
rule,0.035202086049543675,0.9962756052141527,9.64786489503646e-05
rule,0.038461538461538464,0.9962756052141527,9.086062493188573e-05
rule,0.03911342894393742,0.9962756052141527,7.851985344934955e-05
rule,0.04302477183833116,0.9962756052141527,6.960341022512654e-05
rule,0.0469361147327249,0.9962756052141527,6.809377352696384e-05
rule,0.048239895697522815,0.9962756052141527,6.072985999094876e-05
rule,0.05410691003911343,0.9962756052141527,2.221282388940947e-05
rule,0.05410691003911343,0.9981378026070763,2.1205588671109205e-05
rule,0.061277705345501955,0.9981378026070763,1.9380616894126393e-05
rule,0.06649282920469361,0.9981378026070763,3.04657765764759e-06
rule,0.06910039113428944,0.9981378026070763,2.80353591252139e-06
rule,0.07235984354628422,0.9981378026070763,1.2056328315773257e-06
rule,0.07561929595827901,0.9981378026070763,7.383003643936458e-07
rule,0.07953063885267275,0.9981378026070763,5.450217532423563e-07
rule,0.08083441981747067,0.9981378026070763,5.252944012985057e-07
rule,0.08213820078226858,0.9981378026070763,3.376801870414172e-07
rule,0.08539765319426336,1.0,3.0087949362087207e-07
rule,0.08735332464146023,1.0,2.306962346167757e-07
rule,0.08930899608865711,1.0,1.797330968907141e-07
rule,0.09191655801825294,1.0,1.1228078044553238e-07
rule,0.09452411994784876,1.0,9.703117716004297e-08
rule,0.09973924380704041,1.0,4.320868078051562e-08
rule,0.10365058670143416,1.0,4.021534465158363e-08
rule,0.10560625814863103,1.0,3.917507000463781e-08
rule,0.10691003911342895,1.0,3.717644630896308e-08
rule,0.11082138200782268,1.0,3.480504049275689e-08
rule,0.11342894393741851,1.0,3.204490979156746e-08
rule,0.11408083441981746,1.0,3.050964867983196e-08
rule,0.11603650586701435,1.0,2.9386251235002727e-08
rule,0.11734028683181226,1.0,2.7184813509123964e-08
rule,0.11864406779661017,1.0,1.9837319056424504e-08
rule,0.12385919165580182,1.0,1.8929649039866587e-08
rule,0.1258148631029987,1.0,1.674387050243508e-08
rule,0.1271186440677966,1.0,1.609114840419917e-08
rule,0.12777053455019557,1.0,1.6080347305418005e-08
rule,0.1290743155149935,1.0,1.596401206344957e-08
rule,0.13102998696219034,1.0,9.385485052678306e-09
rule,0.13298565840938723,1.0,6.330336110743435e-09
rule,0.13494132985658408,1.0,4.275761025059937e-09
rule,0.13754889178617993,1.0,3.2620389804205238e-09
rule,0.1408083441981747,1.0,2.628182008236417e-09
rule,0.1421121251629726,1.0,1.2444539510761568e-09
rule,0.14341590612777053,1.0,1.1764450362110558e-09
rule,0.14471968709256844,1.0,8.108927506355578e-10
rule,0.14602346805736635,1.0,7.631650226025064e-10
rule,0.14667535853976532,1.0,5.739093007857787e-10
rule,0.14863102998696218,1.0,5.271155664378751e-10
rule,0.14928292046936115,1.0,4.330457461917264e-10
rule,0.15058670143415906,1.0,4.327621042733542e-10
rule,0.15123859191655803,1.0,3.7043322551718297e-10
rule,0.15319426336375488,1.0,2.891511013350008e-10
rule,0.15971316818774445,1.0,1.052469611238427e-10
rule,0.1623207301173403,1.0,8.382107702857642e-11
rule,0.1681877444589309,1.0,1.9342496872581497e-11
rule,0.17209908735332463,1.0,1.884384343136311e-11
rule,0.17535853976531943,1.0,1.8038245178722144e-11
rule,0.17926988265971316,1.0,7.925373386370996e-12
rule,0.18057366362451108,1.0,7.497354499195967e-12
rule,0.18252933507170796,1.0,6.074921151892658e-12
rule,0.18578878748370273,1.0,4.5264141413335494e-12
rule,0.211864406779661,1.0,4.204896317306199e-12
rule,0.21316818774445892,1.0,4.1372003570146556e-12
rule,0.21577574967405475,1.0,2.871413263610142e-12
rule,0.21707953063885269,1.0,2.5584294068114516e-12
rule,0.21773142112125163,1.0,2.4750088867865314e-12
rule,0.2196870925684485,1.0,2.376799649790012e-12
rule,0.22294654498044328,1.0,2.055359215490558e-12
rule,0.2242503259452412,1.0,1.8334907108423855e-12
rule,0.2255541069100391,1.0,1.4982739828921305e-12
rule,0.2288135593220339,1.0,5.601155015682604e-13
rule,0.2301173402868318,1.0,2.4251556469490434e-13
rule,0.23076923076923078,1.0,2.2487510849661691e-13
rule,0.23272490221642764,1.0,2.0360014793224564e-13
rule,0.2333767926988266,1.0,1.8405005418112568e-13
rule,0.23468057366362452,1.0,1.4486230179305829e-13
rule,0.23728813559322035,1.0,1.4427978642442516e-13
rule,0.2379400260756193,1.0,1.432659317944011e-13
rule,0.2392438070404172,1.0,1.2869934217958296e-13
rule,0.23989569752281617,1.0,1.203649799287629e-13
rule,0.24445893089960888,1.0,1.12542876120872e-13
rule,0.24511082138200782,1.0,1.0488358645097217e-13
rule,0.24771838331160365,1.0,7.885835713587149e-14
rule,0.24902216427640156,1.0,7.183418737086683e-14
rule,0.2503259452411995,1.0,6.978853239989472e-14
rule,0.2522816166883963,1.0,6.119317854177004e-14
rule,0.2561929595827901,1.0,4.4144872892128814e-14
rule,0.25684485006518903,1.0,3.841393289133348e-14
rule,0.2633637548891786,1.0,3.501672105947005e-14
rule,0.2653194263363755,1.0,2.996975149932708e-14
rule,0.2666232073011734,1.0,2.7637872117253948e-14
rule,0.27444589308996087,1.0,2.5760273476663592e-14
rule,0.2757496740547588,1.0,2.3708654043436142e-14
rule,0.2770534550195567,1.0,1.836346112561632e-14
rule,0.2790091264667536,1.0,1.8233188193467164e-14
rule,0.28096479791395046,1.0,1.0151806611621636e-14
rule,0.2835723598435463,1.0,9.7546113940513e-15
rule,0.2848761408083442,1.0,9.665379640350764e-15
rule,0.29921773142112124,1.0,9.058239424541865e-15
rule,0.3005215123859192,1.0,8.304100662303793e-15
rule,0.3044328552803129,1.0,7.754513520553607e-15
rule,0.3050847457627119,1.0,7.531473097581522e-15
rule,0.3076923076923077,1.0,6.886697717450025e-15
rule,0.30834419817470665,1.0,6.728342969934707e-15
rule,0.3213820078226858,1.0,5.998701948087593e-15
rule,0.32333767926988266,1.0,5.99870194808755e-15
rule,0.3246414602346806,1.0,4.574474662136569e-15
rule,0.3272490221642764,1.0,4.139591510037641e-15
rule,0.32790091264667537,1.0,3.93957479152668e-15
rule,0.32985658409387225,1.0,3.9208188782307916e-15
rule,0.33116036505867014,1.0,3.409216365803122e-15
rule,0.33376792698826596,1.0,2.535487733628469e-15
rule,0.3363754889178618,1.0,9.060140663836078e-16
rule,0.34159061277705344,1.0,8.972927325498552e-16
rule,0.35267275097783574,1.0,8.515536256238875e-16
rule,0.3546284224250326,1.0,8.217987648911542e-16
rule,0.35528031290743156,1.0,7.892462964823063e-16
rule,0.35723598435462844,1.0,6.810656499018548e-16
rule,0.3578878748370274,1.0,6.374721782058963e-16
rule,0.3604954367666232,1.0,6.075963041104531e-16
rule,0.3644067796610169,1.0,2.99772600022034e-16
rule,0.3670143415906128,1.0,2.971680026806339e-16
rule,0.36897001303780963,1.0,2.954728566136196e-16
rule,0.37027379400260757,1.0,1.6682130841581616e-16
rule,0.3748370273794003,1.0,1.414887592874325e-16
rule,0.3774445893089961,1.0,1.324155187779602e-16
rule,0.38005215123859193,1.0,1.1925033486035313e-16
rule,0.3852672750977836,1.0,9.594373213112516e-17
rule,0.38657105606258146,1.0,8.641860999775949e-17
rule,0.3878748370273794,1.0,8.113538183865135e-17
rule,0.3898305084745763,1.0,5.729247184600673e-17
rule,0.3917861799217731,1.0,5.650630877099926e-17
rule,0.3924380704041721,1.0,4.2650356357739946e-17
rule,0.39374185136897,1.0,4.2388212601348496e-17
rule,0.39504563233376794,1.0,3.510499843678176e-17
rule,0.39765319426336376,1.0,2.6504097989207682e-17
rule,0.39895697522816165,1.0,2.20360435537027e-17
rule,0.40547588005215124,1.0,2.1009861589884097e-17
rule,0.41003911342894395,1.0,9.857843034413172e-18
rule,0.41264667535853977,1.0,8.804866084469617e-18
rule,0.41460234680573665,1.0,8.737751587075522e-18
rule,0.4178617992177314,1.0,7.847381606031203e-18
rule,0.4217731421121252,1.0,4.9661942978654666e-18
rule,0.4230769230769231,1.0,4.812841160328844e-18
rule,0.423728813559322,1.0,4.377812152377221e-18
rule,1.0,1.0,4.248354255291589e-18
rectified_l1,0.0,0.0,inf
rectified_l1,0.0,0.01303538175046555,1.0
rectified_l1,0.0,0.0148975791433892,0.9999999999999931
rectified_l1,0.000651890482398957,0.0148975791433892,0.999999999989851
rectified_l1,0.000651890482398957,0.03165735567970205,0.9999991398184914
rectified_l1,0.000651890482398957,0.035381750465549346,0.999999032686697
rectified_l1,0.000651890482398957,0.03910614525139665,0.9999983644383216
rectified_l1,0.000651890482398957,0.04283054003724395,0.9999979213818929
rectified_l1,0.000651890482398957,0.0521415270018622,0.9999959182888789
rectified_l1,0.000651890482398957,0.9459962756052142,0.9999958460720283
rectified_l1,0.000651890482398957,0.9515828677839852,0.9999957953824242
rectified_l1,0.000651890482398957,0.9553072625698324,0.999995789035653
rectified_l1,0.000651890482398957,0.9590316573556797,0.9999951893499214
rectified_l1,0.000651890482398957,0.962756052141527,0.9999950224874474
rectified_l1,0.000651890482398957,0.9664804469273743,0.9999939987252057
rectified_l1,0.000651890482398957,0.9702048417132216,0.9999895595871514
rectified_l1,0.000651890482398957,0.9795158286778398,0.9996170007075039
rectified_l1,0.001303780964797914,0.9795158286778398,0.9993751110034103
rectified_l1,0.001303780964797914,0.9813780260707635,0.9991682416848148
rectified_l1,0.001303780964797914,0.9851024208566108,0.998896211955412
rectified_l1,0.001955671447196871,0.9851024208566108,0.07087105798004911
rectified_l1,0.017601043024771838,0.9906890130353817,0.058720707131488976
rectified_l1,0.018252933507170794,0.9906890130353817,0.0473318621628362
rectified_l1,0.018252933507170794,0.9925512104283054,0.04548485526147848
rectified_l1,0.018904823989569754,0.9925512104283054,0.035741582157537366
rectified_l1,0.018904823989569754,0.9962756052141527,0.018964824345032327
rectified_l1,0.02346805736636245,0.9962756052141527,0.0007400516129375539
rectified_l1,0.02607561929595828,0.9962756052141527,0.0007243804921086111
rectified_l1,0.02803129074315515,0.9962756052141527,0.00028121427200520206
rectified_l1,0.02998696219035202,0.9962756052141527,0.00023445871591177514
rectified_l1,0.030638852672750978,0.9962756052141527,0.00019773921828275878
rectified_l1,0.031942633637548894,0.9962756052141527,0.00015584122088391946
rectified_l1,0.033246414602346806,0.9962756052141527,0.00013714492189169968
rectified_l1,0.03455019556714472,0.9962756052141527,0.00010216076372897162
rectified_l1,0.035202086049543675,0.9962756052141527,9.64786489503646e-05
rectified_l1,0.038461538461538464,0.9962756052141527,9.086062493188573e-05
rectified_l1,0.03911342894393742,0.9962756052141527,7.851985344934955e-05
rectified_l1,0.04302477183833116,0.9962756052141527,6.960341022512654e-05
rectified_l1,0.0469361147327249,0.9962756052141527,6.809377352696384e-05
rectified_l1,0.048239895697522815,0.9962756052141527,6.072985999094876e-05
rectified_l1,0.05410691003911343,0.9962756052141527,2.221282388940947e-05
rectified_l1,0.05410691003911343,0.9981378026070763,2.1205588671109205e-05
rectified_l1,0.061277705345501955,0.9981378026070763,1.9380616894126393e-05
rectified_l1,0.06649282920469361,0.9981378026070763,3.04657765764759e-06
rectified_l1,0.06910039113428944,0.9981378026070763,2.80353591252139e-06
rectified_l1,0.07235984354628422,0.9981378026070763,1.2056328315773257e-06
rectified_l1,0.07561929595827901,0.9981378026070763,7.383003643936458e-07
rectified_l1,0.07953063885267275,0.9981378026070763,5.450217532423563e-07
rectified_l1,0.08083441981747067,0.9981378026070763,5.252944012985057e-07
rectified_l1,0.08213820078226858,0.9981378026070763,3.376801870414172e-07
rectified_l1,0.08539765319426336,1.0,3.0087949362087207e-07
rectified_l1,0.08735332464146023,1.0,2.306962346167757e-07
rectified_l1,0.08930899608865711,1.0,1.797330968907141e-07
rectified_l1,0.09191655801825294,1.0,1.1228078044553238e-07
rectified_l1,0.09452411994784876,1.0,9.703117716004297e-08
rectified_l1,0.09973924380704041,1.0,4.320868078051562e-08
rectified_l1,0.10365058670143416,1.0,4.021534465158363e-08
rectified_l1,0.10560625814863103,1.0,3.917507000463781e-08
rectified_l1,0.10691003911342895,1.0,3.717644630896308e-08
rectified_l1,0.11082138200782268,1.0,3.480504049275689e-08
rectified_l1,0.11342894393741851,1.0,3.204490979156746e-08
rectified_l1,0.11408083441981746,1.0,3.050964867983196e-08
rectified_l1,0.11603650586701435,1.0,2.9386251235002727e-08
rectified_l1,0.11734028683181226,1.0,2.7184813509123964e-08
rectified_l1,0.11864406779661017,1.0,1.9837319056424504e-08
rectified_l1,0.12385919165580182,1.0,1.8929649039866587e-08
rectified_l1,0.1258148631029987,1.0,1.674387050243508e-08
rectified_l1,0.1271186440677966,1.0,1.609114840419917e-08
rectified_l1,0.12777053455019557,1.0,1.6080347305418005e-08
rectified_l1,0.1290743155149935,1.0,1.596401206344957e-08
rectified_l1,0.13102998696219034,1.0,9.385485052678306e-09
rectified_l1,0.13298565840938723,1.0,6.330336110743435e-09
rectified_l1,0.13494132985658408,1.0,4.275761025059937e-09
rectified_l1,0.13754889178617993,1.0,3.2620389804205238e-09
rectified_l1,0.1408083441981747,1.0,2.628182008236417e-09
rectified_l1,0.1421121251629726,1.0,1.2444539510761568e-09
rectified_l1,0.14341590612777053,1.0,1.1764450362110558e-09
rectified_l1,0.14471968709256844,1.0,8.108927506355578e-10
rectified_l1,0.14602346805736635,1.0,7.631650226025064e-10
rectified_l1,0.14667535853976532,1.0,5.739093007857787e-10
rectified_l1,0.14863102998696218,1.0,5.271155664378751e-10
rectified_l1,0.14928292046936115,1.0,4.330457461917264e-10
rectified_l1,0.15058670143415906,1.0,4.327621042733542e-10
rectified_l1,0.15123859191655803,1.0,3.7043322551718297e-10
rectified_l1,0.15319426336375488,1.0,2.891511013350008e-10
rectified_l1,0.15971316818774445,1.0,1.052469611238427e-10
rectified_l1,0.1623207301173403,1.0,8.382107702857642e-11
rectified_l1,0.1681877444589309,1.0,1.9342496872581497e-11
rectified_l1,0.17209908735332463,1.0,1.884384343136311e-11
rectified_l1,0.17535853976531943,1.0,1.8038245178722144e-11
rectified_l1,0.17926988265971316,1.0,7.925373386370996e-12
rectified_l1,0.18057366362451108,1.0,7.497354499195967e-12
rectified_l1,0.18252933507170796,1.0,6.074921151892658e-12
rectified_l1,0.18578878748370273,1.0,4.5264141413335494e-12
rectified_l1,0.211864406779661,1.0,4.204896317306199e-12
rectified_l1,0.21316818774445892,1.0,4.1372003570146556e-12
rectified_l1,0.21577574967405475,1.0,2.871413263610142e-12
rectified_l1,0.21707953063885269,1.0,2.5584294068114516e-12
rectified_l1,0.21773142112125163,1.0,2.4750088867865314e-12
rectified_l1,0.2196870925684485,1.0,2.376799649790012e-12
rectified_l1,0.22294654498044328,1.0,2.055359215490558e-12
rectified_l1,0.2242503259452412,1.0,1.8334907108423855e-12
rectified_l1,0.2255541069100391,1.0,1.4982739828921305e-12
rectified_l1,0.2288135593220339,1.0,5.601155015682604e-13
rectified_l1,0.2301173402868318,1.0,2.4251556469490434e-13
rectified_l1,0.23076923076923078,1.0,2.2487510849661691e-13
rectified_l1,0.23272490221642764,1.0,2.0360014793224564e-13
rectified_l1,0.2333767926988266,1.0,1.8405005418112568e-13
rectified_l1,0.23468057366362452,1.0,1.4486230179305829e-13
rectified_l1,0.23728813559322035,1.0,1.4427978642442516e-13
rectified_l1,0.2379400260756193,1.0,1.432659317944011e-13
rectified_l1,0.2392438070404172,1.0,1.2869934217958296e-13
rectified_l1,0.23989569752281617,1.0,1.203649799287629e-13
rectified_l1,0.24445893089960888,1.0,1.12542876120872e-13
rectified_l1,0.24511082138200782,1.0,1.0488358645097217e-13
rectified_l1,0.24771838331160365,1.0,7.885835713587149e-14
rectified_l1,0.24902216427640156,1.0,7.183418737086683e-14
rectified_l1,0.2503259452411995,1.0,6.978853239989472e-14
rectified_l1,0.2522816166883963,1.0,6.119317854177004e-14
rectified_l1,0.2561929595827901,1.0,4.4144872892128814e-14
rectified_l1,0.25684485006518903,1.0,3.841393289133348e-14
rectified_l1,0.2633637548891786,1.0,3.501672105947005e-14
rectified_l1,0.2653194263363755,1.0,2.996975149932708e-14
rectified_l1,0.2666232073011734,1.0,2.7637872117253948e-14
rectified_l1,0.27444589308996087,1.0,2.5760273476663592e-14
rectified_l1,0.2757496740547588,1.0,2.3708654043436142e-14
rectified_l1,0.2770534550195567,1.0,1.836346112561632e-14
rectified_l1,0.2790091264667536,1.0,1.8233188193467164e-14
rectified_l1,0.28096479791395046,1.0,1.0151806611621636e-14
rectified_l1,0.2835723598435463,1.0,9.7546113940513e-15
rectified_l1,0.2848761408083442,1.0,9.665379640350764e-15
rectified_l1,0.29921773142112124,1.0,9.058239424541865e-15
rectified_l1,0.3005215123859192,1.0,8.304100662303793e-15
rectified_l1,0.3044328552803129,1.0,7.754513520553607e-15
rectified_l1,0.3050847457627119,1.0,7.531473097581522e-15
rectified_l1,0.3076923076923077,1.0,6.886697717450025e-15
rectified_l1,0.30834419817470665,1.0,6.728342969934707e-15
rectified_l1,0.3213820078226858,1.0,5.998701948087593e-15
rectified_l1,0.32333767926988266,1.0,5.99870194808755e-15
rectified_l1,0.3246414602346806,1.0,4.574474662136569e-15
rectified_l1,0.3272490221642764,1.0,4.139591510037641e-15
rectified_l1,0.32790091264667537,1.0,3.93957479152668e-15
rectified_l1,0.32985658409387225,1.0,3.9208188782307916e-15
rectified_l1,0.33116036505867014,1.0,3.409216365803122e-15
rectified_l1,0.33376792698826596,1.0,2.535487733628469e-15
rectified_l1,0.3363754889178618,1.0,9.060140663836078e-16
rectified_l1,0.34159061277705344,1.0,8.972927325498552e-16
rectified_l1,0.35267275097783574,1.0,8.515536256238875e-16
rectified_l1,0.3546284224250326,1.0,8.217987648911542e-16
rectified_l1,0.35528031290743156,1.0,7.892462964823063e-16
rectified_l1,0.35723598435462844,1.0,6.810656499018548e-16
rectified_l1,0.3578878748370274,1.0,6.374721782058963e-16
rectified_l1,0.3604954367666232,1.0,6.075963041104531e-16
rectified_l1,0.3644067796610169,1.0,2.99772600022034e-16
rectified_l1,0.3670143415906128,1.0,2.971680026806339e-16
rectified_l1,0.36897001303780963,1.0,2.954728566136196e-16
rectified_l1,0.37027379400260757,1.0,1.6682130841581616e-16
rectified_l1,0.3748370273794003,1.0,1.414887592874325e-16
rectified_l1,0.3774445893089961,1.0,1.324155187779602e-16
rectified_l1,0.38005215123859193,1.0,1.1925033486035313e-16
rectified_l1,0.3852672750977836,1.0,9.594373213112516e-17
rectified_l1,0.38657105606258146,1.0,8.641860999775949e-17
rectified_l1,0.3878748370273794,1.0,8.113538183865135e-17
rectified_l1,0.3898305084745763,1.0,5.729247184600673e-17
rectified_l1,0.3917861799217731,1.0,5.650630877099926e-17
rectified_l1,0.3924380704041721,1.0,4.2650356357739946e-17
rectified_l1,0.39374185136897,1.0,4.2388212601348496e-17
rectified_l1,0.39504563233376794,1.0,3.510499843678176e-17
rectified_l1,0.39765319426336376,1.0,2.6504097989207682e-17
rectified_l1,0.39895697522816165,1.0,2.20360435537027e-17
rectified_l1,0.40547588005215124,1.0,2.1009861589884097e-17
rectified_l1,0.41003911342894395,1.0,9.857843034413172e-18
rectified_l1,0.41264667535853977,1.0,8.804866084469617e-18
rectified_l1,0.41460234680573665,1.0,8.737751587075522e-18
rectified_l1,0.4178617992177314,1.0,7.847381606031203e-18
rectified_l1,0.4217731421121252,1.0,4.9661942978654666e-18
rectified_l1,0.4230769230769231,1.0,4.812841160328844e-18
rectified_l1,0.423728813559322,1.0,4.377812152377221e-18
rectified_l1,1.0,1.0,4.248354255291589e-18
raw_l1,0.0,0.0,inf
raw_l1,0.0,0.00186219739292365,0.99226729750362
raw_l1,0.0,0.11359404096834265,0.922875947732318
raw_l1,0.000651890482398957,0.11359404096834265,0.9218978977917136
raw_l1,0.000651890482398957,0.1154562383612663,0.9216033463606269
raw_l1,0.001303780964797914,0.1154562383612663,0.9189085001808313
raw_l1,0.001303780964797914,0.11731843575418995,0.9188981009573848
raw_l1,0.001955671447196871,0.11731843575418995,0.9177510007266915
raw_l1,0.001955671447196871,0.12104283054003724,0.9149511210213447
raw_l1,0.002607561929595828,0.12104283054003724,0.9139533970209314
raw_l1,0.002607561929595828,0.12290502793296089,0.9139206810482536
raw_l1,0.003259452411994785,0.12290502793296089,0.9136320118493652
raw_l1,0.003259452411994785,0.12476722532588454,0.9116502052362053
raw_l1,0.003911342894393742,0.12476722532588454,0.908053114353332
raw_l1,0.003911342894393742,0.1266294227188082,0.9079011970252403
raw_l1,0.0045632333767926985,0.1266294227188082,0.9070062434177432
raw_l1,0.0045632333767926985,0.12849162011173185,0.9015557308805954
raw_l1,0.005215123859191656,0.12849162011173185,0.9013996666033582
raw_l1,0.005215123859191656,0.13221601489757914,0.9001575933263448
raw_l1,0.007170795306388526,0.13221601489757914,0.895806239934185
raw_l1,0.007170795306388526,0.13594040968342644,0.8929954271933271
raw_l1,0.00847457627118644,0.13594040968342644,0.8905921069828124
raw_l1,0.00847457627118644,0.13966480446927373,0.8896343017637359
raw_l1,0.009126466753585397,0.13966480446927373,0.8868157977681989
raw_l1,0.009126466753585397,0.14152700186219738,0.8858577451999166
raw_l1,0.009778357235984355,0.14152700186219738,0.8853932759221106
raw_l1,0.009778357235984355,0.148975791433892,0.8795589117612839
raw_l1,0.010430247718383311,0.148975791433892,0.879321281657082
raw_l1,0.010430247718383311,0.1527001862197393,0.8786664131490641
raw_l1,0.01108213820078227,0.1527001862197393,0.8779642887625462
raw_l1,0.01108213820078227,0.15456238361266295,0.8767516625590466
raw_l1,0.011734028683181226,0.15456238361266295,0.8763133975555306
raw_l1,0.011734028683181226,0.1564245810055866,0.8754506812800928
raw_l1,0.01303780964797914,0.1564245810055866,0.8735971364559398
raw_l1,0.01303780964797914,0.19366852886405958,0.849983313589742
raw_l1,0.013689700130378096,0.19366852886405958,0.8497620860010197
raw_l1,0.013689700130378096,0.20670391061452514,0.8410914283894679
raw_l1,0.01499348109517601,0.20670391061452514,0.8371925066875558
raw_l1,0.01499348109517601,0.21787709497206703,0.8281343487572775
raw_l1,0.01564537157757497,0.21787709497206703,0.8278723318357377
raw_l1,0.01564537157757497,0.22532588454376165,0.8208406886032946
raw_l1,0.016297262059973925,0.22532588454376165,0.8205191865544268
raw_l1,0.016297262059973925,0.2271880819366853,0.8201194525901307
raw_l1,0.01694915254237288,0.2271880819366853,0.8199921262024151
raw_l1,0.01694915254237288,0.2309124767225326,0.8192064453576473
raw_l1,0.017601043024771838,0.2309124767225326,0.8167213888261604
raw_l1,0.017601043024771838,0.2569832402234637,0.792399571261337
raw_l1,0.018904823989569754,0.2569832402234637,0.7922957871096601
raw_l1,0.018904823989569754,0.26256983240223464,0.786480464976609
raw_l1,0.01955671447196871,0.26256983240223464,0.7844044930311114
raw_l1,0.01955671447196871,0.2718808193668529,0.7764904855466136
raw_l1,0.02151238591916558,0.2718808193668529,0.7735363511683375
raw_l1,0.02151238591916558,0.2811918063314711,0.7654157772155264
raw_l1,0.02216427640156454,0.2811918063314711,0.7653625890836045
raw_l1,0.02216427640156454,0.28677839851024206,0.763477169483567
raw_l1,0.022816166883963495,0.28677839851024206,0.7620391656723894
raw_l1,0.022816166883963495,0.3091247672253259,0.7514648689513976
raw_l1,0.02346805736636245,0.3091247672253259,0.7508955665142776
raw_l1,0.02346805736636245,0.3128491620111732,0.7496954313228971
raw_l1,0.024771838331160364,0.3128491620111732,0.746352971895864
raw_l1,0.024771838331160364,0.3165735567970205,0.7443728500331065
raw_l1,0.025423728813559324,0.3165735567970205,0.743797261118053
raw_l1,0.025423728813559324,0.31843575418994413,0.7436556222267787
raw_l1,0.02803129074315515,0.31843575418994413,0.7405424855082469
raw_l1,0.02803129074315515,0.3240223463687151,0.7376643766452781
raw_l1,0.029335071707953065,0.3240223463687151,0.7345048884569431
raw_l1,0.029335071707953065,0.3258845437616387,0.7333419939853177
raw_l1,0.02998696219035202,0.3258845437616387,0.7332226183757166
raw_l1,0.02998696219035202,0.33147113594040967,0.73248969747386
raw_l1,0.03129074315514994,0.33147113594040967,0.7293397031753567
raw_l1,0.03129074315514994,0.35195530726256985,0.7163088135412397
raw_l1,0.031942633637548894,0.35195530726256985,0.7161247734407546
raw_l1,0.031942633637548894,0.35567970204841715,0.7128649067029228
raw_l1,0.03259452411994785,0.35567970204841715,0.7115890897066802
raw_l1,0.03259452411994785,0.3575418994413408,0.7101408430620999
raw_l1,0.033246414602346806,0.3575418994413408,0.7099085831719716
raw_l1,0.033246414602346806,0.36312849162011174,0.7087850313587507
raw_l1,0.03389830508474576,0.36312849162011174,0.7061096381790637
raw_l1,0.03389830508474576,0.37243947858473,0.6994771417482367
raw_l1,0.03455019556714472,0.37243947858473,0.6989434187302004
raw_l1,0.03455019556714472,0.38361266294227186,0.6915710912178726
raw_l1,0.035202086049543675,0.38361266294227186,0.6896372529262743
raw_l1,0.035202086049543675,0.3854748603351955,0.6885513383168023
raw_l1,0.03585397653194263,0.3854748603351955,0.6884288176613759
raw_l1,0.03585397653194263,0.38733705772811916,0.6880555327039554
raw_l1,0.03650586701434159,0.38733705772811916,0.6880467363684083
raw_l1,0.03650586701434159,0.3891992551210428,0.6879579833999189
raw_l1,0.037157757496740544,0.3891992551210428,0.6855135941962052
raw_l1,0.037157757496740544,0.40782122905027934,0.6785183754595991
raw_l1,0.03780964797913951,0.40782122905027934,0.6775490678014929
raw_l1,0.03780964797913951,0.41154562383612664,0.675642287869934
raw_l1,0.038461538461538464,0.41154562383612664,0.6729240590574164
raw_l1,0.038461538461538464,0.41527001862197394,0.6719161441958936
raw_l1,0.03911342894393742,0.41527001862197394,0.6710503742077248
raw_l1,0.03911342894393742,0.41899441340782123,0.6686125729707837
raw_l1,0.039765319426336376,0.41899441340782123,0.6681029199534942
raw_l1,0.039765319426336376,0.43575418994413406,0.6622616044041449
raw_l1,0.04041720990873533,0.43575418994413406,0.6611935894031662
raw_l1,0.04041720990873533,0.44320297951582865,0.6594782669325954
raw_l1,0.04106910039113429,0.44320297951582865,0.6593930347983458
raw_l1,0.04106910039113429,0.46368715083798884,0.6532151381615251
raw_l1,0.0423728813559322,0.46368715083798884,0.6521698534397997
raw_l1,0.0423728813559322,0.4767225325884544,0.6430519550071678
raw_l1,0.04302477183833116,0.4767225325884544,0.6427042238268618
raw_l1,0.04302477183833116,0.4860335195530726,0.640141301521167
raw_l1,0.043676662320730114,0.4860335195530726,0.6393058534127382
raw_l1,0.043676662320730114,0.49162011173184356,0.6372169334961671
raw_l1,0.044980443285528034,0.49162011173184356,0.6343133456854508
raw_l1,0.044980443285528034,0.49906890130353815,0.6247085557174807
raw_l1,0.04563233376792699,0.49906890130353815,0.6244324041798542
raw_l1,0.04563233376792699,0.5102420856610801,0.615057176111432
raw_l1,0.046284224250325946,0.5102420856610801,0.6141469977640694
raw_l1,0.046284224250325946,0.5176908752327747,0.6066411284351487
raw_l1,0.0469361147327249,0.5176908752327747,0.6063719374072843
raw_l1,0.0469361147327249,0.5195530726256983,0.6053744651782977
raw_l1,0.04758800521512386,0.5195530726256983,0.6036619822013176
raw_l1,0.04758800521512386,0.521415270018622,0.5999106162880754
raw_l1,0.048239895697522815,0.521415270018622,0.5997582195925939
raw_l1,0.048239895697522815,0.5381750465549349,0.5892662368011379
raw_l1,0.04889178617992177,0.5381750465549349,0.5859475005548994
raw_l1,0.04889178617992177,0.5400372439478585,0.585757368086761
raw_l1,0.05084745762711865,0.5400372439478585,0.5727770579256944
raw_l1,0.05084745762711865,0.5493482309124768,0.5638836000656028
raw_l1,0.051499348109517604,0.5493482309124768,0.562781942930313
raw_l1,0.051499348109517604,0.5605214152700186,0.5487176392790468
raw_l1,0.05215123859191656,0.5605214152700186,0.5475138889445382
raw_l1,0.05215123859191656,0.5716945996275605,0.5384395887677074
raw_l1,0.052803129074315516,0.5716945996275605,0.5382844464030185
raw_l1,0.052803129074315516,0.5791433891992551,0.5334380741014749
raw_l1,0.05410691003911343,0.5791433891992551,0.53292879361315
raw_l1,0.05410691003911343,0.5865921787709497,0.5209993825003673
raw_l1,0.05541069100391134,0.5865921787709497,0.5191032395253194
raw_l1,0.05541069100391134,0.5884543761638734,0.5173078246252273
raw_l1,0.0560625814863103,0.5884543761638734,0.5170672807502492
raw_l1,0.0560625814863103,0.590316573556797,0.5165759597848876
raw_l1,0.056714471968709254,0.590316573556797,0.514454018300384
raw_l1,0.056714471968709254,0.5996275605214153,0.5097378194742713
raw_l1,0.05736636245110821,0.5996275605214153,0.5094168117128672
raw_l1,0.05736636245110821,0.6052141527001862,0.5051351877060516
raw_l1,0.058018252933507174,0.6052141527001862,0.5049389971568315
raw_l1,0.058018252933507174,0.6201117318435754,0.4905800771478158
raw_l1,0.05867014341590613,0.6201117318435754,0.4895218293791044
raw_l1,0.05867014341590613,0.6219739292364991,0.4883046991861006
raw_l1,0.059322033898305086,0.6219739292364991,0.4844533952709475
raw_l1,0.059322033898305086,0.6238361266294227,0.48165586050950693
raw_l1,0.05997392438070404,0.6238361266294227,0.48134526085140344
raw_l1,0.05997392438070404,0.6256983240223464,0.4809691671483388
raw_l1,0.061277705345501955,0.6256983240223464,0.4775791161275452
raw_l1,0.061277705345501955,0.6368715083798883,0.4743206430641285
raw_l1,0.06192959582790091,0.6368715083798883,0.47369815611350824
raw_l1,0.06192959582790091,0.6443202979515829,0.4711754349405164
raw_l1,0.06388526727509779,0.6443202979515829,0.4687144484079118
raw_l1,0.06388526727509779,0.6536312849162011,0.46530259508277333
raw_l1,0.0651890482398957,0.6536312849162011,0.46341516294204393
raw_l1,0.0651890482398957,0.6554934823091247,0.4623152728073693
raw_l1,0.06649282920469361,0.6554934823091247,0.4605521822205496
raw_l1,0.06649282920469361,0.659217877094972,0.4586404187205582
raw_l1,0.06844850065189048,0.659217877094972,0.457436489759155
raw_l1,0.06844850065189048,0.6722532588454376,0.45426889571581663
raw_l1,0.0697522816166884,0.6722532588454376,0.45335955712805737
raw_l1,0.0697522816166884,0.6741154562383612,0.453314556154646
raw_l1,0.07040417209908735,0.6741154562383612,0.45189439965283784
raw_l1,0.07040417209908735,0.6778398510242085,0.4500577349631307
raw_l1,0.0710560625814863,0.6778398510242085,0.44831464600151216
raw_l1,0.0710560625814863,0.6797020484171322,0.4480928172271563
raw_l1,0.07170795306388526,0.6797020484171322,0.44668310278002493
raw_l1,0.07170795306388526,0.6815642458100558,0.4445239084318224
raw_l1,0.07235984354628422,0.6815642458100558,0.4438217756389369
raw_l1,0.07235984354628422,0.6871508379888268,0.4421462325375924
raw_l1,0.07301173402868318,0.6871508379888268,0.44196053998492735
raw_l1,0.07301173402868318,0.6890130353817505,0.44031751243540757
raw_l1,0.07366362451108213,0.6890130353817505,0.4394458433122415
raw_l1,0.07366362451108213,0.6908752327746741,0.4386278471821648
raw_l1,0.07431551499348109,0.6908752327746741,0.4376356856396549
raw_l1,0.07431551499348109,0.6945996275605214,0.4374603507533057
raw_l1,0.07496740547588006,0.6945996275605214,0.4366539255997277
raw_l1,0.07496740547588006,0.707635009310987,0.4293440452529054
raw_l1,0.07757496740547588,0.707635009310987,0.427827634382591
raw_l1,0.07757496740547588,0.7113594040968343,0.4224214182002522
raw_l1,0.07822685788787484,0.7113594040968343,0.4198477439251412
raw_l1,0.07822685788787484,0.7188081936685289,0.41538386165977925
raw_l1,0.08083441981747067,0.7188081936685289,0.4136670591309328
raw_l1,0.08083441981747067,0.7225325884543762,0.41013634553851636
raw_l1,0.08279009126466753,0.7225325884543762,0.40929801518878084
raw_l1,0.08279009126466753,0.7243947858472998,0.40781379690178693
raw_l1,0.08539765319426336,0.7243947858472998,0.4056476421956277
raw_l1,0.08539765319426336,0.7281191806331471,0.40250162744467577
raw_l1,0.08865710560625815,0.7281191806331471,0.3989998884480103
raw_l1,0.08865710560625815,0.7318435754189944,0.3973345469524488
raw_l1,0.09126466753585398,0.7318435754189944,0.3941407345020564
raw_l1,0.09126466753585398,0.74487895716946,0.38662809844495694
raw_l1,0.09191655801825294,0.74487895716946,0.38571650037803695
raw_l1,0.09191655801825294,0.7467411545623837,0.3846972853861153
raw_l1,0.09322033898305085,0.7467411545623837,0.381243519131647
raw_l1,0.09322033898305085,0.7486033519553073,0.3811198957786144
raw_l1,0.09582790091264667,0.7486033519553073,0.3767338411402035
raw_l1,0.09582790091264667,0.750465549348231,0.3758535837232304
raw_l1,0.09713168187744459,0.750465549348231,0.37544367002331225
raw_l1,0.09713168187744459,0.7523277467411545,0.37512473762438964
raw_l1,0.09908735332464146,0.7523277467411545,0.3694503291110947
raw_l1,0.09908735332464146,0.7541899441340782,0.36909372522647654
raw_l1,0.10104302477183832,0.7541899441340782,0.365994520707729
raw_l1,0.10104302477183832,0.7560521415270018,0.36554371410826214
raw_l1,0.10365058670143416,0.7560521415270018,0.3633252619202932
raw_l1,0.10365058670143416,0.7597765363128491,0.3626372517073564
raw_l1,0.1075619295958279,0.7597765363128491,0.3543851201935438
raw_l1,0.1075619295958279,0.7616387337057728,0.35426852772667233
raw_l1,0.10886571056062581,0.7616387337057728,0.35331784660497434
raw_l1,0.10886571056062581,0.7635009310986964,0.35275224250225057
raw_l1,0.11603650586701435,0.7635009310986964,0.34101653596210163
raw_l1,0.11603650586701435,0.7653631284916201,0.33987363942552273
raw_l1,0.11929595827900913,0.7653631284916201,0.33627046195757887
raw_l1,0.11929595827900913,0.7690875232774674,0.3334495963300142
raw_l1,0.12190352020860495,0.7690875232774674,0.33064483987386845
raw_l1,0.12190352020860495,0.770949720670391,0.3303590449218594
raw_l1,0.12451108213820078,0.770949720670391,0.3289476107010165
raw_l1,0.12451108213820078,0.7728119180633147,0.3289114340147856
raw_l1,0.12777053455019557,0.7728119180633147,0.3266011721270188
raw_l1,0.12777053455019557,0.776536312849162,0.3252960753222238
raw_l1,0.12842242503259452,0.776536312849162,0.3239241529356825
raw_l1,0.12842242503259452,0.7783985102420856,0.32327355183552764
raw_l1,0.1290743155149935,0.7783985102420856,0.3226976643976389
raw_l1,0.1290743155149935,0.7858472998137802,0.32002605834906855
raw_l1,0.1303780964797914,0.7858472998137802,0.31982871557372455
raw_l1,0.1303780964797914,0.7877094972067039,0.31877262418057695
raw_l1,0.13363754889178617,0.7877094972067039,0.31153599130781545
raw_l1,0.13363754889178617,0.7895716945996276,0.31138192655228075
raw_l1,0.13494132985658408,0.7895716945996276,0.3100418392467994
raw_l1,0.13494132985658408,0.7914338919925512,0.30820252626845424
raw_l1,0.13689700130378096,0.7914338919925512,0.30420081015301526
raw_l1,0.13689700130378096,0.7951582867783985,0.30398317053373497
raw_l1,0.13754889178617993,0.7951582867783985,0.303762889209259
raw_l1,0.13754889178617993,0.7988826815642458,0.302666971744859
raw_l1,0.13820078226857888,0.7988826815642458,0.30255743829755244
raw_l1,0.13820078226857888,0.8007448789571695,0.30161343984686534
raw_l1,0.1408083441981747,0.8007448789571695,0.30016071881018414
raw_l1,0.1408083441981747,0.8026070763500931,0.29993636578849514
raw_l1,0.14146023468057367,0.8026070763500931,0.2994526670484448
raw_l1,0.14146023468057367,0.8044692737430168,0.2990922046227391
raw_l1,0.14471968709256844,0.8044692737430168,0.2971322824707238
raw_l1,0.14471968709256844,0.8081936685288641,0.2962092413056644
raw_l1,0.1453715775749674,0.8081936685288641,0.2952880590261011
raw_l1,0.1453715775749674,0.8100558659217877,0.2927175502506559
raw_l1,0.15058670143415906,0.8100558659217877,0.28744115937903814
raw_l1,0.15058670143415906,0.8119180633147114,0.28674200164010094
raw_l1,0.1544980443285528,0.8119180633147114,0.2827778608021739
raw_l1,0.1544980443285528,0.813780260707635,0.28238943754633605
raw_l1,0.15840938722294653,0.813780260707635,0.27915343680384735
raw_l1,0.15840938722294653,0.8156424581005587,0.2778572515476357
raw_l1,0.16036505867014342,0.8156424581005587,0.27662742190255
raw_l1,0.16036505867014342,0.8175046554934823,0.27599886254405503
raw_l1,0.16101694915254236,0.8175046554934823,0.2757197487922765
raw_l1,0.16101694915254236,0.819366852886406,0.2750982407885932
raw_l1,0.16166883963494133,0.819366852886406,0.27483756822709765
raw_l1,0.16166883963494133,0.8212290502793296,0.27260738382483707
raw_l1,0.16492829204693613,0.8212290502793296,0.27176120758940336
raw_l1,0.16492829204693613,0.8230912476722533,0.27169192563888067
raw_l1,0.17079530638852672,0.8230912476722533,0.26709102291555487
raw_l1,0.17079530638852672,0.8268156424581006,0.2663144337706328
raw_l1,0.17796610169491525,0.8268156424581006,0.2602985782325309
raw_l1,0.17796610169491525,0.8286778398510242,0.2593560370343035
raw_l1,0.18904823989569752,0.8286778398510242,0.2515788995391107
raw_l1,0.18904823989569752,0.8305400372439479,0.25154882668484213
raw_l1,0.19035202086049544,0.8305400372439479,0.25073558173308785
raw_l1,0.19035202086049544,0.8324022346368715,0.2500907507041372
raw_l1,0.1910039113428944,0.8324022346368715,0.24970319353562725
raw_l1,0.1910039113428944,0.8342644320297952,0.24954388542777003
raw_l1,0.19947848761408082,0.8342644320297952,0.24618435696036528
raw_l1,0.19947848761408082,0.8361266294227188,0.24545611527773709
raw_l1,0.20273794002607562,0.8361266294227188,0.24311982040096713
raw_l1,0.20273794002607562,0.8379888268156425,0.24304066629794532
raw_l1,0.20925684485006518,0.8379888268156425,0.23629688152068443
raw_l1,0.20925684485006518,0.839851024208566,0.2362884835712271
raw_l1,0.2105606258148631,0.839851024208566,0.23571549149682328
raw_l1,0.2105606258148631,0.8417132216014898,0.23559698792624853
raw_l1,0.21121251629726207,0.8417132216014898,0.23520547912047818
raw_l1,0.21121251629726207,0.8435754189944135,0.23516579286474062
raw_l1,0.21251629726205998,0.8435754189944135,0.23395437963714621
raw_l1,0.21251629726205998,0.8472998137802608,0.23333828522853733
raw_l1,0.21707953063885269,0.8472998137802608,0.22983392098401995
raw_l1,0.21707953063885269,0.851024208566108,0.2285233020155536
raw_l1,0.22033898305084745,0.851024208566108,0.22655150303122157
raw_l1,0.22033898305084745,0.8528864059590316,0.22610656538103133
raw_l1,0.22099087353324642,0.8528864059590316,0.22609395764501733
raw_l1,0.22099087353324642,0.8566108007448789,0.22545332543987356
raw_l1,0.22816166883963493,0.8566108007448789,0.2215433537084383
raw_l1,0.22816166883963493,0.8584729981378026,0.22142038895624858
raw_l1,0.23142112125162972,0.8584729981378026,0.21975357142884216
raw_l1,0.23142112125162972,0.8603351955307262,0.21840720301179348
raw_l1,0.2392438070404172,0.8603351955307262,0.212430644644463
raw_l1,0.2392438070404172,0.8621973929236499,0.21236996553605186
raw_l1,0.24315514993481094,0.8621973929236499,0.21021535169595784
raw_l1,0.24315514993481094,0.8640595903165735,0.21010087901686905
raw_l1,0.24511082138200782,0.8640595903165735,0.20868518073209014
raw_l1,0.24511082138200782,0.8659217877094972,0.2081463141000354
raw_l1,0.24967405475880053,0.8659217877094972,0.20214160865194236
raw_l1,0.24967405475880053,0.8677839851024208,0.20194966483241808
raw_l1,0.25097783572359844,0.8677839851024208,0.19937320129435387
raw_l1,0.25097783572359844,0.8696461824953445,0.19893047375779946
raw_l1,0.2529335071707953,0.8696461824953445,0.19755762178981126
raw_l1,0.2529335071707953,0.8715083798882681,0.1971596258927523
raw_l1,0.2542372881355932,0.8715083798882681,0.19629815071237972
raw_l1,0.2542372881355932,0.8733705772811918,0.1949442762365835
raw_l1,0.25488917861799215,0.8733705772811918,0.1937540401520632
raw_l1,0.25488917861799215,0.8752327746741154,0.1936708941856825
raw_l1,0.2588005215123859,0.8752327746741154,0.19155706242151282
raw_l1,0.2588005215123859,0.8770949720670391,0.19150562386222322
raw_l1,0.2685788787483703,0.8770949720670391,0.18744879559307792
raw_l1,0.2685788787483703,0.8789571694599627,0.1872835335072694
raw_l1,0.27444589308996087,0.8789571694599627,0.18419041681061266
raw_l1,0.27444589308996087,0.8808193668528864,0.18345975715019577
raw_l1,0.2816166883963494,0.8808193668528864,0.17851009040989638
raw_l1,0.2816166883963494,0.88268156424581,0.17847692890264932
raw_l1,0.2848761408083442,0.88268156424581,0.17694453019235107
raw_l1,0.2848761408083442,0.8845437616387337,0.17691525384516663
raw_l1,0.28552803129074317,0.8845437616387337,0.17626120770730527
raw_l1,0.28552803129074317,0.8864059590316573,0.17592836561618483
raw_l1,0.2894393741851369,0.8864059590316573,0.17273945588185233
raw_l1,0.2894393741851369,0.888268156424581,0.17266576203184203
raw_l1,0.2900912646675359,0.888268156424581,0.17261095862577808
raw_l1,0.2900912646675359,0.8919925512104283,0.17220877506907992
raw_l1,0.2926988265971317,0.8919925512104283,0.17156460771033147
raw_l1,0.2926988265971317,0.8938547486033519,0.17141914411344988
raw_l1,0.2953063885267275,0.8938547486033519,0.1683463875595846
raw_l1,0.2953063885267275,0.8957169459962756,0.16813950906803454
raw_l1,0.29726205997392435,0.8957169459962756,0.16561358930184394
raw_l1,0.29726205997392435,0.8975791433891993,0.16545932100602598
raw_l1,0.3076923076923077,0.8975791433891993,0.1589434094684941
raw_l1,0.3076923076923077,0.8994413407821229,0.15883774013238705
raw_l1,0.3194263363754889,0.8994413407821229,0.1532726087441938
raw_l1,0.3194263363754889,0.9013035381750466,0.15255856651270064
raw_l1,0.3200782268578879,0.9013035381750466,0.15164836716431704
raw_l1,0.3200782268578879,0.9031657355679702,0.15123218650339149
raw_l1,0.3226857887874837,0.9031657355679702,0.14887288659883027
raw_l1,0.3226857887874837,0.9050279329608939,0.14694147400397448
raw_l1,0.3318122555410691,0.9050279329608939,0.14045308169296428
raw_l1,0.3318122555410691,0.9068901303538175,0.13984070427848758
raw_l1,0.3324641460234681,0.9068901303538175,0.13982932754886299
raw_l1,0.3324641460234681,0.9087523277467412,0.13955877301361602
raw_l1,0.3363754889178618,0.9087523277467412,0.13848503675250443
raw_l1,0.3363754889178618,0.9106145251396648,0.13738279454181537
raw_l1,0.3396349413298566,0.9106145251396648,0.13652352652815475
raw_l1,0.3396349413298566,0.9124767225325885,0.13631910270397657
raw_l1,0.34159061277705344,0.9124767225325885,0.13542817628345186
raw_l1,0.34159061277705344,0.9143389199255121,0.135253089495197
raw_l1,0.34485006518904826,0.9143389199255121,0.13432940953506456
raw_l1,0.34485006518904826,0.9162011173184358,0.1341301321812942
raw_l1,0.35723598435462844,0.9162011173184358,0.12757743917560505
raw_l1,0.35723598435462844,0.9180633147113594,0.12728060328269789
raw_l1,0.36310299869621904,0.9180633147113594,0.12343142203127581
raw_l1,0.36310299869621904,0.9199255121042831,0.12342749914093794
raw_l1,0.36571056062581486,0.9199255121042831,0.12198832396701265
raw_l1,0.36571056062581486,0.9217877094972067,0.12108621906459321
raw_l1,0.3670143415906128,0.9217877094972067,0.12060124332951042
raw_l1,0.3670143415906128,0.9236499068901304,0.1202097824365463
raw_l1,0.37222946544980445,0.9236499068901304,0.11914966978898742
raw_l1,0.37222946544980445,0.925512104283054,0.1190079891397307
raw_l1,0.3728813559322034,0.925512104283054,0.1186876257454516
raw_l1,0.3728813559322034,0.9273743016759777,0.11799499015562809
raw_l1,0.3748370273794003,0.9273743016759777,0.11631297084297436
raw_l1,0.3748370273794003,0.9292364990689013,0.11628211324016556
raw_l1,0.38265971316818775,0.9292364990689013,0.11343181661789153
raw_l1,0.38265971316818775,0.931098696461825,0.11329935996280142
raw_l1,0.38396349413298564,0.931098696461825,0.11076011665825987
raw_l1,0.38396349413298564,0.9329608938547486,0.11055723910270507
raw_l1,0.3891786179921773,0.9329608938547486,0.1080969667659327
raw_l1,0.3891786179921773,0.9348230912476723,0.10785354775359525
raw_l1,0.3898305084745763,0.9348230912476723,0.10772457867565904
raw_l1,0.3898305084745763,0.9366852886405959,0.10663859090571563
raw_l1,0.394393741851369,0.9366852886405959,0.10441381950847513
raw_l1,0.394393741851369,0.9385474860335196,0.10413706186901912
raw_l1,0.3963494132985658,0.9385474860335196,0.10255294941055669
raw_l1,0.3963494132985658,0.9404096834264432,0.10214001084455095
raw_l1,0.3970013037809648,0.9404096834264432,0.1021002639002517
raw_l1,0.3970013037809648,0.9422718808193669,0.10188050385501479
raw_l1,0.39895697522816165,0.9422718808193669,0.10051234387941323
raw_l1,0.39895697522816165,0.9441340782122905,0.1000547961821456
raw_l1,0.4015645371577575,0.9441340782122905,0.09854468208608326
raw_l1,0.4015645371577575,0.9459962756052142,0.09844602309154975
raw_l1,0.409387222946545,0.9459962756052142,0.09476734711559312
raw_l1,0.409387222946545,0.9478584729981379,0.09425463963407656
raw_l1,0.41460234680573665,0.9478584729981379,0.09290838484329807
raw_l1,0.41460234680573665,0.9497206703910615,0.09270849589282894
raw_l1,0.4152542372881356,0.9497206703910615,0.09253904518328422
raw_l1,0.4152542372881356,0.9515828677839852,0.09252398797011802
raw_l1,0.4172099087353325,0.9515828677839852,0.09219140754593505
raw_l1,0.4172099087353325,0.9534450651769087,0.09199280515198552
raw_l1,0.42242503259452413,0.9534450651769087,0.08939713495010054
raw_l1,0.42242503259452413,0.9553072625698324,0.08927315348260882
raw_l1,0.4256844850065189,0.9553072625698324,0.08875925801975085
raw_l1,0.4256844850065189,0.957169459962756,0.0886686542358901
raw_l1,0.439374185136897,0.957169459962756,0.08274789354828993
raw_l1,0.439374185136897,0.9590316573556797,0.08263010591743077
raw_l1,0.4602346805736636,0.9590316573556797,0.07409295775444401
raw_l1,0.4602346805736636,0.9608938547486033,0.07404458573925292
raw_l1,0.46088657105606257,0.9608938547486033,0.0739501624122662
raw_l1,0.46088657105606257,0.962756052141527,0.07369740245967075
raw_l1,0.46153846153846156,0.962756052141527,0.07366075606557429
raw_l1,0.46153846153846156,0.9646182495344506,0.07269903311243532
raw_l1,0.46479791395045633,0.9646182495344506,0.07194094742677246
raw_l1,0.46479791395045633,0.9664804469273743,0.07182648306574362
raw_l1,0.4804432855280313,0.9664804469273743,0.06680599457938849
raw_l1,0.4804432855280313,0.9683426443202979,0.06677819639290324
raw_l1,0.48239895697522817,0.9683426443202979,0.06638470030704009
raw_l1,0.48239895697522817,0.9702048417132216,0.06631759236243304
raw_l1,0.4876140808344198,0.9702048417132216,0.06462032321872944
raw_l1,0.4876140808344198,0.9720670391061452,0.06457768431583802
raw_l1,0.516297262059974,0.9720670391061452,0.05667082313801815
raw_l1,0.516297262059974,0.9739292364990689,0.05665923583044294
raw_l1,0.5332464146023468,0.9739292364990689,0.053788120540882965
raw_l1,0.5332464146023468,0.9757914338919925,0.05371670120141961
raw_l1,0.5358539765319427,0.9757914338919925,0.05331044181009116
raw_l1,0.5358539765319427,0.9776536312849162,0.05322710755940232
raw_l1,0.5469361147327249,0.9776536312849162,0.05193322495150593
raw_l1,0.5469361147327249,0.9795158286778398,0.051905694339981975
raw_l1,0.6114732724902217,0.9795158286778398,0.03945259627395441
raw_l1,0.6114732724902217,0.9813780260707635,0.03891169968041439
raw_l1,0.6134289439374185,0.9813780260707635,0.038432143534408963
raw_l1,0.6134289439374185,0.9832402234636871,0.03839163906860765
raw_l1,0.696870925684485,0.9832402234636871,0.02587317394767827
raw_l1,0.696870925684485,0.9851024208566108,0.02566308082793445
raw_l1,0.7516297262059974,0.9851024208566108,0.02064776165805007
raw_l1,0.7516297262059974,0.9869646182495344,0.02059843766925479
raw_l1,0.7522816166883963,0.9869646182495344,0.020571839709150885
raw_l1,0.7522816166883963,0.9888268156424581,0.020564895417891776
raw_l1,0.8272490221642764,0.9888268156424581,0.012951211766620821
raw_l1,0.8272490221642764,0.9906890130353817,0.012882260443734413
raw_l1,0.8520208604954368,0.9906890130353817,0.0103910795568325
raw_l1,0.8520208604954368,0.9925512104283054,0.010352973529661766
raw_l1,0.8559322033898306,0.9925512104283054,0.010051147823079233
raw_l1,0.8559322033898306,0.994413407821229,0.010043903577127339
raw_l1,0.8585397653194263,0.994413407821229,0.00997773653230884
raw_l1,0.8585397653194263,0.9962756052141527,0.009911370540050058
raw_l1,0.8663624511082139,0.9962756052141527,0.008803810547047118
raw_l1,0.8663624511082139,0.9981378026070763,0.008746955425969895
raw_l1,0.8865710560625815,0.9981378026070763,0.0060371477745209574
raw_l1,0.8865710560625815,1.0,0.006023044951985648
raw_l1,1.0,1.0,5.019138954839117e-05
sklearn_rectified,0.0,0.0,inf
sklearn_rectified,0.0,0.00186219739292365,0.9997933484271029
sklearn_rectified,0.0,0.0037243947858473,0.9995069470944459
sklearn_rectified,0.0,0.0074487895716946,0.9992920277956427
sklearn_rectified,0.0,0.01303538175046555,0.9989080017306506
sklearn_rectified,0.0,0.020484171322160148,0.9983712580469439
sklearn_rectified,0.0,0.035381750465549346,0.9978849212020073
sklearn_rectified,0.0,0.03910614525139665,0.9978729886773645
sklearn_rectified,0.0,0.040968342644320296,0.9978579150776945
sklearn_rectified,0.0,0.0446927374301676,0.9977861070269526
sklearn_rectified,0.0,0.048417132216014895,0.9977000586346589
sklearn_rectified,0.0,0.0521415270018622,0.997669864636422
sklearn_rectified,0.0,0.054003724394785846,0.9976274790520664
sklearn_rectified,0.0,0.05772811918063315,0.9975839482748103
sklearn_rectified,0.0,0.09869646182495345,0.9970054345941041
sklearn_rectified,0.0,0.10614525139664804,0.9969384587185168
sklearn_rectified,0.0,0.10800744878957169,0.9969098113962136
sklearn_rectified,0.0,0.11173184357541899,0.9968953705481246
sklearn_rectified,0.0,0.12476722532588454,0.996776460756574
sklearn_rectified,0.0,0.9199255121042831,0.9967535041440895
sklearn_rectified,0.0,0.9236499068901304,0.9967426565932639
sklearn_rectified,0.0,0.925512104283054,0.9967413716902368
sklearn_rectified,0.0,0.9292364990689013,0.9967346693578952
sklearn_rectified,0.0,0.931098696461825,0.9967234759617899
sklearn_rectified,0.0,0.9348230912476723,0.9967176575130771
sklearn_rectified,0.0,0.9608938547486033,0.9961104844400803
sklearn_rectified,0.0,0.9646182495344506,0.9960326253728771
sklearn_rectified,0.0,0.9925512104283054,0.9583553249148674
sklearn_rectified,0.009126466753585397,0.9925512104283054,0.03227083461286904
sklearn_rectified,0.011734028683181226,0.994413407821229,0.030852149018361072
sklearn_rectified,0.01564537157757497,0.994413407821229,0.02431886406817523
sklearn_rectified,0.029335071707953065,1.0,0.024085096795542552
sklearn_rectified,0.030638852672750978,1.0,0.024077633998459108
sklearn_rectified,0.033246414602346806,1.0,0.023518646129725422
sklearn_rectified,0.03455019556714472,1.0,0.022422870285184523
sklearn_rectified,0.039765319426336376,1.0,0.020978819514483455
sklearn_rectified,0.04106910039113429,1.0,0.02087501764610491
sklearn_rectified,0.04432855280312908,1.0,0.02081395415052217
sklearn_rectified,0.04563233376792699,1.0,0.020686106177162964
sklearn_rectified,0.056714471968709254,1.0,0.011216317188578233
sklearn_rectified,0.059322033898305086,1.0,0.010393600249185246
sklearn_rectified,0.061277705345501955,1.0,0.009402277626241117
sklearn_rectified,0.06453715775749674,1.0,0.008716611308886317
sklearn_rectified,0.06714471968709257,1.0,0.008628005681344685
sklearn_rectified,0.07366362451108213,1.0,0.006723497012349749
sklearn_rectified,0.07496740547588006,1.0,0.005767695583891267
sklearn_rectified,0.0788787483702738,1.0,0.005016800604938238
sklearn_rectified,0.08018252933507171,1.0,0.0049480035420247795
sklearn_rectified,0.08148631029986962,1.0,0.004869502233006722
sklearn_rectified,0.08344198174706649,1.0,0.004772379275374042
sklearn_rectified,0.08604954367666232,1.0,0.004184082329891524
sklearn_rectified,0.08865710560625815,1.0,0.003742865632209721
sklearn_rectified,0.09061277705345502,1.0,0.0037238895049458405
sklearn_rectified,0.09191655801825294,1.0,0.0037000987737252386
sklearn_rectified,0.09452411994784876,1.0,0.003644550879282149
sklearn_rectified,0.09647979139504563,1.0,0.0035217746272913006
sklearn_rectified,0.09908735332464146,1.0,0.0035098443185576514
sklearn_rectified,0.10299869621903521,1.0,0.0034726682818676706
sklearn_rectified,0.10365058670143416,1.0,0.0034509623061458232
sklearn_rectified,0.10495436766623208,1.0,0.0033588848273396897
sklearn_rectified,0.10560625814863103,1.0,0.0031997381395622265
sklearn_rectified,0.10691003911342895,1.0,0.0031842724377519334
sklearn_rectified,0.11277705345501955,1.0,0.002613493314580564
sklearn_rectified,0.11473272490221642,1.0,0.002475462055041241
sklearn_rectified,0.11864406779661017,1.0,0.002287564024104173
sklearn_rectified,0.12255541069100391,1.0,0.002263487070874053
sklearn_rectified,0.1271186440677966,1.0,0.002177850003069444
sklearn_rectified,0.12842242503259452,1.0,0.0021699756707853476
sklearn_rectified,0.1290743155149935,1.0,0.002105407935947707
sklearn_rectified,0.1316818774445893,1.0,0.002070813944740053
sklearn_rectified,0.13298565840938723,1.0,0.002026472598828371
sklearn_rectified,0.13428943937418514,1.0,0.001992981481390949
sklearn_rectified,0.13820078226857888,1.0,0.001969961252345905
sklearn_rectified,0.13885267275097785,1.0,0.0019007874653369028
sklearn_rectified,0.1408083441981747,1.0,0.0019004332067128942
sklearn_rectified,0.14471968709256844,1.0,0.0017977798735584998
sklearn_rectified,0.15123859191655803,1.0,0.0017620221459842354
sklearn_rectified,0.15840938722294653,1.0,0.001723269807157471
sklearn_rectified,0.16036505867014342,1.0,0.001676929552693965
sklearn_rectified,0.16427640156453716,1.0,0.0016622512013133748
sklearn_rectified,0.16688396349413298,1.0,0.0015992851798144788
sklearn_rectified,0.1681877444589309,1.0,0.001593589929029929
sklearn_rectified,0.17209908735332463,1.0,0.001593504533174227
sklearn_rectified,0.17405475880052151,1.0,0.001563717120210995
sklearn_rectified,0.17470664928292046,1.0,0.0015608124047931384
sklearn_rectified,0.17926988265971316,1.0,0.0015550619677111405
sklearn_rectified,0.1877444589308996,1.0,0.0014638706068803792
sklearn_rectified,0.18904823989569752,1.0,0.0014601481808151806
sklearn_rectified,0.19165580182529335,1.0,0.0014045439081146567
sklearn_rectified,0.19295958279009126,1.0,0.0014033282046285267
sklearn_rectified,0.19361147327249023,1.0,0.0013585200938818882
sklearn_rectified,0.19491525423728814,1.0,0.0013318079873877028
sklearn_rectified,0.20078226857887874,1.0,0.0012062419449123739
sklearn_rectified,0.20273794002607562,1.0,0.0012043719112468003
sklearn_rectified,0.2033898305084746,1.0,0.0011813067628635024
sklearn_rectified,0.2046936114732725,1.0,0.0011803656575961978
sklearn_rectified,0.20795306388526727,1.0,0.0011167830838178946
sklearn_rectified,0.2105606258148631,1.0,0.0011113934139262537
sklearn_rectified,0.21642764015645372,1.0,0.0010003700673992103
sklearn_rectified,0.21773142112125163,1.0,0.0009932823234969144
sklearn_rectified,0.2196870925684485,1.0,0.0009591327859302079
sklearn_rectified,0.22164276401564537,1.0,0.0009221706665262337
sklearn_rectified,0.2288135593220339,1.0,0.0007744215443803272
sklearn_rectified,0.23076923076923078,1.0,0.000766869959668234
sklearn_rectified,0.2320730117340287,1.0,0.0007524278000916233
sklearn_rectified,0.2333767926988266,1.0,0.0007382154067678121
sklearn_rectified,0.2392438070404172,1.0,0.0006923864957442376
sklearn_rectified,0.24119947848761408,1.0,0.0006851724482669003
sklearn_rectified,0.24185136897001303,1.0,0.0006828546665399585
sklearn_rectified,0.24511082138200782,1.0,0.0006779794594507429
sklearn_rectified,0.24641460234680573,1.0,0.0006514198567636249
sklearn_rectified,0.24837027379400262,1.0,0.0006497777090395976
sklearn_rectified,0.2529335071707953,1.0,0.0005965299600547482
sklearn_rectified,0.2542372881355932,1.0,0.000587124265436915
sklearn_rectified,0.25749674054758803,1.0,0.0005794816009177502
sklearn_rectified,0.25945241199478486,1.0,0.0005370335276948005
sklearn_rectified,0.26140808344198174,1.0,0.0005367515666182767
sklearn_rectified,0.2627118644067797,1.0,0.0005328727400303969
sklearn_rectified,0.26792698826597133,1.0,0.0004775673816812178
sklearn_rectified,0.27183833116036504,1.0,0.00046710602107215895
sklearn_rectified,0.2777053455019557,1.0,0.0004254767252032234
sklearn_rectified,0.2790091264667536,1.0,0.0004181032957027853
sklearn_rectified,0.2842242503259452,1.0,0.0004119607189682213
sklearn_rectified,0.2848761408083442,1.0,0.00040563314572619237
sklearn_rectified,0.2900912646675359,1.0,0.00040478834000111754
sklearn_rectified,0.29335071707953064,1.0,0.00040113851324751946
sklearn_rectified,0.29595827900912647,1.0,0.0003849307129685124
sklearn_rectified,0.29791395045632335,1.0,0.0003828083100479873
sklearn_rectified,0.29921773142112124,1.0,0.0003798664683975447
sklearn_rectified,0.30247718383311606,1.0,0.0003704935650930116
sklearn_rectified,0.30378096479791394,1.0,0.0003683941903552489
sklearn_rectified,0.30638852672750977,1.0,0.00033639210044690234
sklearn_rectified,0.31029986962190353,1.0,0.00033516946029426946
sklearn_rectified,0.3109517601043025,1.0,0.0003337952601658762
sklearn_rectified,0.3122555410691004,1.0,0.0003325128474826478
sklearn_rectified,0.31681877444589307,1.0,0.00029904987882562606
sklearn_rectified,0.318122555410691,1.0,0.00029593167156146674
sklearn_rectified,0.32529335071707954,1.0,0.00026571596001782644
sklearn_rectified,0.32659713168187743,1.0,0.00025883434067157206
sklearn_rectified,0.32790091264667537,1.0,0.0002517958412666324
sklearn_rectified,0.32920469361147325,1.0,0.00024902037477751205
sklearn_rectified,0.33702737940026073,1.0,0.00024610464509966507
sklearn_rectified,0.3376792698826597,1.0,0.0002431916304866831
sklearn_rectified,0.3428943937418514,1.0,0.00024227186735536436
sklearn_rectified,0.34876140808344197,1.0,0.00022211814453261357
sklearn_rectified,0.35071707953063885,1.0,0.00022142035589273618
sklearn_rectified,0.35267275097783574,1.0,0.00022025823792754535
sklearn_rectified,0.3546284224250326,1.0,0.00021835064269848012
sklearn_rectified,0.3578878748370274,1.0,0.00020989932427562005
sklearn_rectified,0.3604954367666232,1.0,0.00020634603547351287
sklearn_rectified,0.3650586701434159,1.0,0.00019952178103388308
sklearn_rectified,0.3663624511082138,1.0,0.00019716978157145336
sklearn_rectified,0.36766623207301175,1.0,0.00019265767156317442
sklearn_rectified,0.36897001303780963,1.0,0.00019205922995186027
sklearn_rectified,0.3709256844850065,1.0,0.00018742835462145566
sklearn_rectified,0.37222946544980445,1.0,0.00018725457370938477
sklearn_rectified,0.3728813559322034,1.0,0.0001865241328974723
sklearn_rectified,0.38396349413298564,1.0,0.00018597136388599596
sklearn_rectified,0.38461538461538464,1.0,0.00018597136388599265
sklearn_rectified,0.3878748370273794,1.0,0.00018410970002898837
sklearn_rectified,0.3891786179921773,1.0,0.00018307454359053056
sklearn_rectified,0.3917861799217731,1.0,0.00018282386121943592
sklearn_rectified,0.39504563233376794,1.0,0.00017967930292957983
sklearn_rectified,0.39765319426336376,1.0,0.00017892302269699968
sklearn_rectified,0.4028683181225554,1.0,0.00017154372381190206
sklearn_rectified,0.409387222946545,1.0,0.00017096858360498
sklearn_rectified,0.41264667535853977,1.0,0.00016492157872271686
sklearn_rectified,0.4348109517601043,1.0,0.00016448558865676333
sklearn_rectified,0.43741851368970014,1.0,0.0001637982024089967
sklearn_rectified,0.44002607561929596,1.0,0.0001624112915857563
sklearn_rectified,0.4426336375488918,1.0,0.00016237075881922166
sklearn_rectified,0.44654498044328556,1.0,0.00014848716567075813
sklearn_rectified,0.44784876140808344,1.0,0.00014401619087799897
sklearn_rectified,0.45241199478487615,1.0,0.00011942255835879061
sklearn_rectified,0.45371577574967403,1.0,0.00011669962032937913
sklearn_rectified,0.455019556714472,1.0,0.0001086190002198124
sklearn_rectified,0.46088657105606257,1.0,0.00010517573241955369
sklearn_rectified,0.4621903520208605,1.0,9.906640422401402e-05
sklearn_rectified,0.4661016949152542,1.0,2.761225158379119e-06
sklearn_rectified,0.46740547588005216,1.0,2.252701673861582e-06
sklearn_rectified,0.46870925684485004,1.0,8.571672388941815e-07
sklearn_rectified,0.470013037809648,1.0,8.472584669654973e-07
sklearn_rectified,0.47522816166883963,1.0,2.719483602927745e-07
sklearn_rectified,0.4765319426336376,1.0,2.470705547894178e-07
sklearn_rectified,0.485006518904824,1.0,1.6344311051387347e-07
sklearn_rectified,0.48826597131681876,1.0,1.5866368249035747e-07
sklearn_rectified,0.49608865710560623,1.0,1.3250050192572736e-07
sklearn_rectified,0.4973924380704042,1.0,1.313650411528048e-07
sklearn_rectified,0.5208604954367666,1.0,5.815654834756519e-08
sklearn_rectified,0.5221642764015645,1.0,5.760048470058153e-08
sklearn_rectified,0.5254237288135594,1.0,5.5888809890554936e-08
sklearn_rectified,0.5273794002607562,1.0,5.5774333245577805e-08
sklearn_rectified,0.5423728813559322,1.0,3.825112433534771e-08
sklearn_rectified,0.5449804432855281,1.0,3.756486960743328e-08
sklearn_rectified,0.5495436766623207,1.0,3.3534125021072034e-08
sklearn_rectified,0.5508474576271186,1.0,3.3128232827056627e-08
sklearn_rectified,0.5521512385919165,1.0,3.286885193607035e-08
sklearn_rectified,0.5560625814863103,1.0,3.255122525896183e-08
sklearn_rectified,0.5717079530638852,1.0,2.2876310144479553e-08
sklearn_rectified,0.5730117340286832,1.0,2.2731189190769936e-08
sklearn_rectified,0.5736636245110821,1.0,2.267679238919275e-08
sklearn_rectified,0.5749674054758801,1.0,2.2403466847839807e-08
sklearn_rectified,0.5775749674054759,1.0,2.0250026871332037e-08
sklearn_rectified,0.5788787483702738,1.0,2.0021958779921642e-08
sklearn_rectified,0.5932203389830508,1.0,1.516198993891094e-08
sklearn_rectified,0.5964797913950456,1.0,1.495169299630162e-08
sklearn_rectified,0.6108213820078227,1.0,1.0803439133024112e-08
sklearn_rectified,0.6121251629726207,1.0,1.0599572295548382e-08
sklearn_rectified,0.621251629726206,1.0,8.498840807394172e-09
sklearn_rectified,0.622555410691004,1.0,8.455216815087352e-09
sklearn_rectified,0.6251629726205997,1.0,7.398522696068587e-09
sklearn_rectified,0.6264667535853976,1.0,6.531488125512667e-09
sklearn_rectified,0.6271186440677966,1.0,6.499835603999995e-09
sklearn_rectified,0.6284224250325945,1.0,6.492519196552803e-09
sklearn_rectified,0.6310299869621904,1.0,5.587165530740467e-09
sklearn_rectified,0.6323337679269883,1.0,5.541815510788809e-09
sklearn_rectified,0.6382007822685789,1.0,4.5962642837771925e-09
sklearn_rectified,0.6395045632333768,1.0,4.596264283777177e-09
sklearn_rectified,0.6408083441981747,1.0,4.570302836839719e-09
sklearn_rectified,0.6421121251629727,1.0,4.3144333402878886e-09
sklearn_rectified,0.6479791395045632,1.0,3.4607959626242264e-09
sklearn_rectified,0.6499348109517601,1.0,3.439124013154179e-09
sklearn_rectified,0.651238591916558,1.0,3.3103873412741348e-09
sklearn_rectified,0.652542372881356,1.0,3.2965135085994037e-09
sklearn_rectified,0.6551499348109517,1.0,3.1823325302112206e-09
sklearn_rectified,0.6564537157757496,1.0,3.1443988798753807e-09
sklearn_rectified,0.6584093872229465,1.0,2.9205353621624564e-09
sklearn_rectified,0.6597131681877445,1.0,2.9051359520045805e-09
sklearn_rectified,0.6610169491525424,1.0,2.740506263907033e-09
sklearn_rectified,0.6623207301173403,1.0,2.7369840335454294e-09
sklearn_rectified,0.6681877444589309,1.0,2.573295348120941e-09
sklearn_rectified,0.6694915254237288,1.0,2.5218683518764232e-09
sklearn_rectified,0.6734028683181226,1.0,2.365500952218299e-09
sklearn_rectified,0.6747066492829205,1.0,2.34253948472179e-09
sklearn_rectified,0.6760104302477183,1.0,2.2827465819785162e-09
sklearn_rectified,0.6779661016949152,1.0,2.2768438075707815e-09
sklearn_rectified,0.682529335071708,1.0,2.200416712100806e-09
sklearn_rectified,0.6838331160365059,1.0,2.180317638035038e-09
sklearn_rectified,0.6864406779661016,1.0,2.105119786534966e-09
sklearn_rectified,0.6877444589308996,1.0,2.100266849917504e-09
sklearn_rectified,0.6949152542372882,1.0,1.6382056979397114e-09
sklearn_rectified,0.6962190352020861,1.0,1.630043063698591e-09
sklearn_rectified,0.7079530638852672,1.0,1.2765258764705574e-09
sklearn_rectified,0.711864406779661,1.0,1.2571737014545645e-09
sklearn_rectified,0.7164276401564538,1.0,1.1881558388211018e-09
sklearn_rectified,0.7177314211212517,1.0,1.1839497280257803e-09
sklearn_rectified,0.7222946544980443,1.0,1.1141887087939182e-09
sklearn_rectified,0.7249022164276402,1.0,1.1119051252179086e-09
sklearn_rectified,0.7288135593220338,1.0,1.0585130799202633e-09
sklearn_rectified,0.7301173402868318,1.0,1.0528116230456329e-09
sklearn_rectified,0.7307692307692307,1.0,1.0485029389121768e-09
sklearn_rectified,0.7320730117340287,1.0,1.0379982385573149e-09
sklearn_rectified,0.7333767926988266,1.0,1.0302134603215762e-09
sklearn_rectified,0.7346805736636245,1.0,1.0202465127006748e-09
sklearn_rectified,0.7359843546284224,1.0,1.007973443038355e-09
sklearn_rectified,0.7372881355932204,1.0,1.00689469834542e-09
sklearn_rectified,0.7392438070404173,1.0,9.549333929634756e-10
sklearn_rectified,0.741851368970013,1.0,9.488373404781188e-10
sklearn_rectified,0.7438070404172099,1.0,9.435773594109343e-10
sklearn_rectified,0.7464146023468058,1.0,8.929551945664023e-10
sklearn_rectified,0.7496740547588006,1.0,8.92165732924689e-10
sklearn_rectified,0.7509778357235984,1.0,8.583163892234133e-10
sklearn_rectified,0.7542372881355932,1.0,6.92987531495315e-10
sklearn_rectified,0.7555410691003911,1.0,6.86260648783917e-10
sklearn_rectified,0.758148631029987,1.0,6.77435801584968e-10
sklearn_rectified,0.7633637548891786,1.0,6.278006122871946e-10
sklearn_rectified,0.7646675358539765,1.0,6.22193132769176e-10
sklearn_rectified,0.7672750977835724,1.0,5.905249622523394e-10
sklearn_rectified,0.7685788787483703,1.0,5.853779096578329e-10
sklearn_rectified,0.7705345501955672,1.0,5.834215493589632e-10
sklearn_rectified,0.771838331160365,1.0,5.809830278298004e-10
sklearn_rectified,0.772490221642764,1.0,5.741058698177136e-10
sklearn_rectified,0.7737940026075619,1.0,5.667015864506183e-10
sklearn_rectified,0.7803129074315515,1.0,4.3759506735614917e-10
sklearn_rectified,0.7816166883963495,1.0,4.34116853938371e-10
sklearn_rectified,0.7861799217731421,1.0,3.8250526425178107e-10
sklearn_rectified,0.78748370273794,1.0,3.811878640837538e-10
sklearn_rectified,0.7979139504563233,1.0,2.778389651789805e-10
sklearn_rectified,0.7992177314211213,1.0,2.738488214296706e-10
sklearn_rectified,0.803129074315515,1.0,2.4849042639344175e-10
sklearn_rectified,0.8044328552803129,1.0,2.471829287937796e-10
sklearn_rectified,0.8089960886571056,1.0,2.4533401064432784e-10
sklearn_rectified,0.8096479791395046,1.0,2.437067311649871e-10
sklearn_rectified,0.8116036505867015,1.0,2.431210368969885e-10
sklearn_rectified,0.8142112125162972,1.0,2.247337638420426e-10
sklearn_rectified,0.8161668839634941,1.0,2.2083155604651257e-10
sklearn_rectified,0.8213820078226858,1.0,1.7915825554626148e-10
sklearn_rectified,0.8226857887874837,1.0,1.689095935210637e-10
sklearn_rectified,0.8259452411994785,1.0,1.491353636543842e-10
sklearn_rectified,0.8272490221642764,1.0,1.3873694700466337e-10
sklearn_rectified,0.8279009126466753,1.0,1.3748550526312322e-10
sklearn_rectified,0.8298565840938722,1.0,1.3417377794023262e-10
sklearn_rectified,0.833116036505867,1.0,1.1702420232972296e-10
sklearn_rectified,0.8350717079530638,1.0,1.1156052959025156e-10
sklearn_rectified,0.8363754889178618,1.0,9.966742227164694e-11
sklearn_rectified,0.8552803129074316,1.0,3.095210645703316e-13
sklearn_rectified,0.8565840938722294,1.0,2.913744335895324e-13
sklearn_rectified,0.8826597131681877,1.0,6.565088429007026e-14
sklearn_rectified,0.8839634941329857,1.0,6.42478170448382e-14
sklearn_rectified,0.9015645371577575,1.0,1.8373599214179753e-14
sklearn_rectified,0.9028683181225554,1.0,1.7780889349168475e-14
sklearn_rectified,0.9139504563233377,1.0,1.0024355051262387e-14
sklearn_rectified,0.9152542372881356,1.0,9.433224049864047e-15
sklearn_rectified,0.9165580182529335,1.0,8.558412503331676e-15
sklearn_rectified,0.9178617992177314,1.0,8.158782857348094e-15
sklearn_rectified,0.9341590612777053,1.0,2.83111015514907e-15
sklearn_rectified,0.9354628422425033,1.0,2.7566949574786e-15
sklearn_rectified,0.939374185136897,1.0,2.5121941804750173e-15
sklearn_rectified,0.940677966101695,1.0,2.3813576377571802e-15
sklearn_rectified,0.9589308996088657,1.0,7.269784019620678e-16
sklearn_rectified,0.9608865710560626,1.0,6.969263194933362e-16
sklearn_rectified,0.9628422425032594,1.0,5.919672308396804e-16
sklearn_rectified,0.9654498044328553,1.0,5.706089262778784e-16
sklearn_rectified,1.0,1.0,8.228869313941226e-25
sklearn_raw,0.0,0.0,inf
sklearn_raw,0.0,0.00186219739292365,0.9899704996834674
sklearn_raw,0.0,0.08379888268156424,0.9374027980787492
sklearn_raw,0.000651890482398957,0.08379888268156424,0.9357973626051054
sklearn_raw,0.000651890482398957,0.0856610800744879,0.9356863291385356
sklearn_raw,0.001303780964797914,0.0856610800744879,0.9349081406678371
sklearn_raw,0.001303780964797914,0.0893854748603352,0.9330644330951745
sklearn_raw,0.001955671447196871,0.0893854748603352,0.9325601303596169
sklearn_raw,0.001955671447196871,0.10614525139664804,0.9248473680180445
sklearn_raw,0.002607561929595828,0.10614525139664804,0.9242169294145044
sklearn_raw,0.002607561929595828,0.11173184357541899,0.9185955038960815
sklearn_raw,0.003259452411994785,0.11173184357541899,0.9176724623671666
sklearn_raw,0.003259452411994785,0.11359404096834265,0.9156982193165122
sklearn_raw,0.005215123859191656,0.11359404096834265,0.905006794808053
sklearn_raw,0.005215123859191656,0.12476722532588454,0.8963229823231565
sklearn_raw,0.005867014341590613,0.12476722532588454,0.8956214079112703
sklearn_raw,0.005867014341590613,0.1266294227188082,0.895280950896926
sklearn_raw,0.007170795306388526,0.1266294227188082,0.8932268827155231
sklearn_raw,0.007170795306388526,0.1378026070763501,0.887395946954524
sklearn_raw,0.007822685788787484,0.1378026070763501,0.8869478516194452
sklearn_raw,0.007822685788787484,0.14152700186219738,0.8847490673022361
sklearn_raw,0.00847457627118644,0.14152700186219738,0.8837085687432532
sklearn_raw,0.00847457627118644,0.148975791433892,0.8800609364461962
sklearn_raw,0.009126466753585397,0.148975791433892,0.8791847156806348
sklearn_raw,0.009126466753585397,0.1527001862197393,0.8781668191224814
sklearn_raw,0.010430247718383311,0.1527001862197393,0.8747703469310403
sklearn_raw,0.010430247718383311,0.15456238361266295,0.8743848636456438
sklearn_raw,0.01108213820078227,0.15456238361266295,0.8725081712783278
sklearn_raw,0.01108213820078227,0.16201117318435754,0.8681608690689747
sklearn_raw,0.012385919165580182,0.16201117318435754,0.8622257048055998
sklearn_raw,0.012385919165580182,0.16759776536312848,0.856969866283927
sklearn_raw,0.014341590612777053,0.16759776536312848,0.8507880317606638
sklearn_raw,0.014341590612777053,0.17318435754189945,0.8484308114333488
sklearn_raw,0.01499348109517601,0.17318435754189945,0.8468247964344857
sklearn_raw,0.01499348109517601,0.1824953445065177,0.8405632025363393
sklearn_raw,0.01564537157757497,0.1824953445065177,0.8397680654845541
sklearn_raw,0.01564537157757497,0.18435754189944134,0.8382769367834327
sklearn_raw,0.016297262059973925,0.18435754189944134,0.8369597189552357
sklearn_raw,0.016297262059973925,0.1973929236499069,0.828407578535099
sklearn_raw,0.01694915254237288,0.1973929236499069,0.8259685114901436
sklearn_raw,0.01694915254237288,0.2011173184357542,0.8238585212568071
sklearn_raw,0.017601043024771838,0.2011173184357542,0.8234919475005955
sklearn_raw,0.017601043024771838,0.22905027932960895,0.804902012030789
sklearn_raw,0.018252933507170794,0.22905027932960895,0.8015988301916537
sklearn_raw,0.018252933507170794,0.24022346368715083,0.7889357494665624
sklearn_raw,0.018904823989569754,0.24022346368715083,0.7874054084989057
sklearn_raw,0.018904823989569754,0.24953445065176907,0.7800478600755686
sklearn_raw,0.01955671447196871,0.24953445065176907,0.7779614310899091
sklearn_raw,0.01955671447196871,0.2718808193668529,0.7548841741522164
sklearn_raw,0.020860495436766623,0.2718808193668529,0.7532148446574272
sklearn_raw,0.020860495436766623,0.2756052141527002,0.7497228787775776
sklearn_raw,0.02151238591916558,0.2756052141527002,0.7496981215192713
sklearn_raw,0.02151238591916558,0.2811918063314711,0.7466215987119822
sklearn_raw,0.02216427640156454,0.2811918063314711,0.746022524302391
sklearn_raw,0.02216427640156454,0.2849162011173184,0.7441658888729015
sklearn_raw,0.022816166883963495,0.2849162011173184,0.7428519546402014
sklearn_raw,0.022816166883963495,0.30353817504655495,0.7337296982970983
sklearn_raw,0.02346805736636245,0.30353817504655495,0.7332617886450127
sklearn_raw,0.02346805736636245,0.3091247672253259,0.7305209725284212
sklearn_raw,0.024119947848761408,0.3091247672253259,0.7296627057400675
sklearn_raw,0.024119947848761408,0.31098696461824954,0.7291561882738824
sklearn_raw,0.024771838331160364,0.31098696461824954,0.7291373008246074
sklearn_raw,0.024771838331160364,0.3165735567970205,0.7228297037038979
sklearn_raw,0.025423728813559324,0.3165735567970205,0.7227038991823276
sklearn_raw,0.025423728813559324,0.3240223463687151,0.7196240488348139
sklearn_raw,0.02607561929595828,0.3240223463687151,0.7194532512913846
sklearn_raw,0.02607561929595828,0.329608938547486,0.7185781268030248
sklearn_raw,0.026727509778357236,0.329608938547486,0.7168633401230402
sklearn_raw,0.026727509778357236,0.33147113594040967,0.7166217474932728
sklearn_raw,0.027379400260756193,0.33147113594040967,0.7142324036155153
sklearn_raw,0.027379400260756193,0.3333333333333333,0.7130875941581841
sklearn_raw,0.02803129074315515,0.3333333333333333,0.7121499957748942
sklearn_raw,0.02803129074315515,0.33891992551210426,0.7095773831090882
sklearn_raw,0.028683181225554105,0.33891992551210426,0.705204445499409
sklearn_raw,0.028683181225554105,0.3538175046554935,0.7010658821467733
sklearn_raw,0.029335071707953065,0.3538175046554935,0.7010488204726183
sklearn_raw,0.029335071707953065,0.37243947858473,0.6936179257436335
sklearn_raw,0.02998696219035202,0.37243947858473,0.6933257337308304
sklearn_raw,0.02998696219035202,0.3780260707635009,0.6920831390712352
sklearn_raw,0.030638852672750978,0.3780260707635009,0.6912834795113781
sklearn_raw,0.030638852672750978,0.37988826815642457,0.6911656119042662
sklearn_raw,0.03129074315514994,0.37988826815642457,0.6906160376763475
sklearn_raw,0.03129074315514994,0.38733705772811916,0.6881939542913382
sklearn_raw,0.031942633637548894,0.38733705772811916,0.6875590625532738
sklearn_raw,0.031942633637548894,0.3891992551210428,0.6862089013105724
sklearn_raw,0.033246414602346806,0.3891992551210428,0.6855041705637849
sklearn_raw,0.033246414602346806,0.3985102420856611,0.6802057001841985
sklearn_raw,0.03389830508474576,0.3985102420856611,0.6791437902335453
sklearn_raw,0.03389830508474576,0.4134078212290503,0.6667029048627171
sklearn_raw,0.03455019556714472,0.4134078212290503,0.6661704687187243
sklearn_raw,0.03455019556714472,0.4208566108007449,0.6626717155634438
sklearn_raw,0.03585397653194263,0.4208566108007449,0.6613177049077987
sklearn_raw,0.03585397653194263,0.4227188081936685,0.661032415500028
sklearn_raw,0.03650586701434159,0.4227188081936685,0.6601932602037889
sklearn_raw,0.03650586701434159,0.4245810055865922,0.6593298782851522
sklearn_raw,0.037157757496740544,0.4245810055865922,0.6586992296307653
sklearn_raw,0.037157757496740544,0.43575418994413406,0.6498673859035288
sklearn_raw,0.03780964797913951,0.43575418994413406,0.6478996619239892
sklearn_raw,0.03780964797913951,0.43947858472998136,0.647337517542617
sklearn_raw,0.038461538461538464,0.43947858472998136,0.6461468520956217
sklearn_raw,0.038461538461538464,0.4450651769087523,0.643886956939118
sklearn_raw,0.03911342894393742,0.4450651769087523,0.6429845438192605
sklearn_raw,0.03911342894393742,0.46368715083798884,0.6364202562914519
sklearn_raw,0.039765319426336376,0.46368715083798884,0.6350604361455467
sklearn_raw,0.039765319426336376,0.4767225325884544,0.624119794684062
sklearn_raw,0.04041720990873533,0.4767225325884544,0.6241140746922831
sklearn_raw,0.04041720990873533,0.48044692737430167,0.6214901280039592
sklearn_raw,0.04106910039113429,0.48044692737430167,0.6205961464058362
sklearn_raw,0.04106910039113429,0.48789571694599626,0.6155693581225875
sklearn_raw,0.041720990873533245,0.48789571694599626,0.615328644864538
sklearn_raw,0.041720990873533245,0.4897579143389199,0.6137936567047168
sklearn_raw,0.0423728813559322,0.4897579143389199,0.6136691032431764
sklearn_raw,0.0423728813559322,0.49162011173184356,0.613120019561533
sklearn_raw,0.043676662320730114,0.49162011173184356,0.6118627845993708
sklearn_raw,0.043676662320730114,0.49534450651769085,0.6109204973682935
sklearn_raw,0.044980443285528034,0.49534450651769085,0.6089778686775199
sklearn_raw,0.044980443285528034,0.5027932960893855,0.6080131521247868
sklearn_raw,0.04563233376792699,0.5027932960893855,0.6066892266741681
sklearn_raw,0.04563233376792699,0.5121042830540037,0.5975672453848094
sklearn_raw,0.046284224250325946,0.5121042830540037,0.5962389188831302
sklearn_raw,0.046284224250325946,0.515828677839851,0.5920514364683291
sklearn_raw,0.0469361147327249,0.515828677839851,0.5908862320659674
sklearn_raw,0.0469361147327249,0.521415270018622,0.5892435756535264
sklearn_raw,0.04758800521512386,0.521415270018622,0.5883041663559131
sklearn_raw,0.04758800521512386,0.5288640595903166,0.5854121403968912
sklearn_raw,0.048239895697522815,0.5288640595903166,0.5821933189049141
sklearn_raw,0.048239895697522815,0.5307262569832403,0.5806096398770016
sklearn_raw,0.04889178617992177,0.5307262569832403,0.5734498145811677
sklearn_raw,0.04889178617992177,0.5363128491620112,0.5640295980889182
sklearn_raw,0.05084745762711865,0.5363128491620112,0.5606954630412916
sklearn_raw,0.05084745762711865,0.5437616387337058,0.5565535588826662
sklearn_raw,0.05215123859191656,0.5437616387337058,0.5544177713329116
sklearn_raw,0.05215123859191656,0.553072625698324,0.5488944076247269
sklearn_raw,0.052803129074315516,0.553072625698324,0.5488939195954277
sklearn_raw,0.052803129074315516,0.5586592178770949,0.5433695780495348
sklearn_raw,0.05410691003911343,0.5586592178770949,0.5364650651687582
sklearn_raw,0.05410691003911343,0.5623836126629422,0.5352564545189541
sklearn_raw,0.05541069100391134,0.5623836126629422,0.5345800872577594
sklearn_raw,0.05541069100391134,0.5661080074487895,0.5249887095471146
sklearn_raw,0.0560625814863103,0.5661080074487895,0.5248717264870758
sklearn_raw,0.0560625814863103,0.5698324022346368,0.5226308972142634
sklearn_raw,0.056714471968709254,0.5698324022346368,0.5220436468936709
sklearn_raw,0.056714471968709254,0.5754189944134078,0.5150234160163856
sklearn_raw,0.05736636245110821,0.5754189944134078,0.5148970072361578
sklearn_raw,0.05736636245110821,0.5884543761638734,0.505670332115851
sklearn_raw,0.05997392438070404,0.5884543761638734,0.503362295127746
sklearn_raw,0.05997392438070404,0.590316573556797,0.503008618606156
sklearn_raw,0.060625814863103,0.590316573556797,0.5029103024086017
sklearn_raw,0.060625814863103,0.5977653631284916,0.5005775546595786
sklearn_raw,0.061277705345501955,0.5977653631284916,0.49634897556100094
sklearn_raw,0.061277705345501955,0.5996275605214153,0.496260852666133
sklearn_raw,0.06388526727509779,0.5996275605214153,0.4935784488785059
sklearn_raw,0.06388526727509779,0.6014897579143389,0.49180507264732687
sklearn_raw,0.06453715775749674,0.6014897579143389,0.49127265751298677
sklearn_raw,0.06453715775749674,0.6033519553072626,0.490541432812207
sklearn_raw,0.06584093872229466,0.6033519553072626,0.4874317724933432
sklearn_raw,0.06584093872229466,0.6089385474860335,0.483277554515842
sklearn_raw,0.06649282920469361,0.6089385474860335,0.48143764399912625
sklearn_raw,0.06649282920469361,0.6108007448789572,0.47949224040803073
sklearn_raw,0.06844850065189048,0.6108007448789572,0.4778953510410317
sklearn_raw,0.06844850065189048,0.6145251396648045,0.47448464816534597
sklearn_raw,0.06910039113428944,0.6145251396648045,0.4741181609113733
sklearn_raw,0.06910039113428944,0.6163873370577281,0.4733695999079693
sklearn_raw,0.0697522816166884,0.6163873370577281,0.47243771193282713
sklearn_raw,0.0697522816166884,0.6201117318435754,0.471323266286298
sklearn_raw,0.07040417209908735,0.6201117318435754,0.47081184011329014
sklearn_raw,0.07040417209908735,0.6256983240223464,0.46986645525875587
sklearn_raw,0.0710560625814863,0.6256983240223464,0.46838944326408805
sklearn_raw,0.0710560625814863,0.6294227188081937,0.4669737973240263
sklearn_raw,0.07301173402868318,0.6294227188081937,0.46533463524780716
sklearn_raw,0.07301173402868318,0.6312849162011173,0.4616408608463176
sklearn_raw,0.07431551499348109,0.6312849162011173,0.46123848787892874
sklearn_raw,0.07431551499348109,0.6405959031657356,0.4528917710490864
sklearn_raw,0.07496740547588006,0.6405959031657356,0.4524139922298886
sklearn_raw,0.07496740547588006,0.6499068901303539,0.44788900951957017
sklearn_raw,0.07561929595827901,0.6499068901303539,0.4478701261591817
sklearn_raw,0.07561929595827901,0.6573556797020484,0.4445202902213469
sklearn_raw,0.07627118644067797,0.6573556797020484,0.44373223768064973
sklearn_raw,0.07627118644067797,0.659217877094972,0.4422062963373099
sklearn_raw,0.07757496740547588,0.659217877094972,0.43921189134066896
sklearn_raw,0.07757496740547588,0.6610800744878957,0.4368044124941262
sklearn_raw,0.07822685788787484,0.6610800744878957,0.43596262923283363
sklearn_raw,0.07822685788787484,0.6629422718808193,0.4344376494339317
sklearn_raw,0.0788787483702738,0.6629422718808193,0.4339548319232552
sklearn_raw,0.0788787483702738,0.664804469273743,0.4336444639174312
sklearn_raw,0.08018252933507171,0.664804469273743,0.432876219428565
sklearn_raw,0.08018252933507171,0.6666666666666666,0.4300535173730026
sklearn_raw,0.08148631029986962,0.6666666666666666,0.4280580856547628
sklearn_raw,0.08148631029986962,0.6685288640595903,0.4276788149557551
sklearn_raw,0.08213820078226858,0.6685288640595903,0.42628664965676843
sklearn_raw,0.08213820078226858,0.6741154562383612,0.4234393067126674
sklearn_raw,0.08279009126466753,0.6741154562383612,0.42269396239902296
sklearn_raw,0.08279009126466753,0.6759776536312849,0.42051109987244106
sklearn_raw,0.08539765319426336,0.6759776536312849,0.41571545801921383
sklearn_raw,0.08539765319426336,0.6852886405959032,0.40973349463454767
sklearn_raw,0.08670143415906127,0.6852886405959032,0.40899992278102937
sklearn_raw,0.08670143415906127,0.6871508379888268,0.4087447432340461
sklearn_raw,0.08735332464146023,0.6871508379888268,0.4080998368983644
sklearn_raw,0.08735332464146023,0.6890130353817505,0.40807134462715533
sklearn_raw,0.08865710560625815,0.6890130353817505,0.40727993731154855
sklearn_raw,0.08865710560625815,0.6927374301675978,0.40672325529685743
sklearn_raw,0.08930899608865711,0.6927374301675978,0.4062376699884243
sklearn_raw,0.08930899608865711,0.6964618249534451,0.4060382207255478
sklearn_raw,0.08996088657105607,0.6964618249534451,0.4049433439831292
sklearn_raw,0.08996088657105607,0.7001862197392924,0.40400350205767704
sklearn_raw,0.09061277705345502,0.7001862197392924,0.4004266593783346
sklearn_raw,0.09061277705345502,0.7039106145251397,0.3987502707603703
sklearn_raw,0.09126466753585398,0.7039106145251397,0.3981925345219913
sklearn_raw,0.09126466753585398,0.7094972067039106,0.39694374393058895
sklearn_raw,0.09191655801825294,0.7094972067039106,0.3958517371984379
sklearn_raw,0.09191655801825294,0.7150837988826816,0.3929900581289678
sklearn_raw,0.09322033898305085,0.7150837988826816,0.3915366412185661
sklearn_raw,0.09322033898305085,0.7188081936685289,0.39014678677339065
sklearn_raw,0.0938722294654498,0.7188081936685289,0.38955757069298336
sklearn_raw,0.0938722294654498,0.7206703910614525,0.38815608243191796
sklearn_raw,0.09452411994784876,0.7206703910614525,0.3879060280806758
sklearn_raw,0.09452411994784876,0.7243947858472998,0.386999585203546
sklearn_raw,0.09517601043024772,0.7243947858472998,0.38555573802655907
sklearn_raw,0.09517601043024772,0.7262569832402235,0.38365862603162754
sklearn_raw,0.09582790091264667,0.7262569832402235,0.3831383994673576
sklearn_raw,0.09582790091264667,0.7281191806331471,0.38175745859209165
sklearn_raw,0.0984354628422425,0.7281191806331471,0.37846799024336825
sklearn_raw,0.0984354628422425,0.7337057728119181,0.3774119692997534
sklearn_raw,0.09908735332464146,0.7337057728119181,0.3770576989944686
sklearn_raw,0.09908735332464146,0.7392923649906891,0.3749930868110011
sklearn_raw,0.09973924380704041,0.7392923649906891,0.3737085401339213
sklearn_raw,0.09973924380704041,0.7411545623836127,0.3732088836925576
sklearn_raw,0.10560625814863103,0.7411545623836127,0.36734751908538676
sklearn_raw,0.10560625814863103,0.74487895716946,0.3665884817624106
sklearn_raw,0.10625814863102999,0.74487895716946,0.365146058223159
sklearn_raw,0.10625814863102999,0.7467411545623837,0.3648392871497654
sklearn_raw,0.10886571056062581,0.7467411545623837,0.35975995046685816
sklearn_raw,0.10886571056062581,0.7486033519553073,0.35951849733488395
sklearn_raw,0.1121251629726206,0.7486033519553073,0.3578170276250769
sklearn_raw,0.1121251629726206,0.750465549348231,0.35702436123079845
sklearn_raw,0.11408083441981746,0.750465549348231,0.35409127357130543
sklearn_raw,0.11408083441981746,0.7523277467411545,0.3536939815131104
sklearn_raw,0.11603650586701435,0.7523277467411545,0.35195805253377577
sklearn_raw,0.11603650586701435,0.7541899441340782,0.3518115132398651
sklearn_raw,0.11929595827900913,0.7541899441340782,0.34326218679920484
sklearn_raw,0.11929595827900913,0.7579143389199255,0.34291585756987625
sklearn_raw,0.121251629726206,0.7579143389199255,0.3411924185921927
sklearn_raw,0.121251629726206,0.7597765363128491,0.33959692414426795
sklearn_raw,0.12320730117340287,0.7597765363128491,0.3364254228771276
sklearn_raw,0.12320730117340287,0.7616387337057728,0.3363138215565532
sklearn_raw,0.12385919165580182,0.7616387337057728,0.33389568469156244
sklearn_raw,0.12385919165580182,0.7653631284916201,0.33161303918762347
sklearn_raw,0.12451108213820078,0.7653631284916201,0.3313829899525777
sklearn_raw,0.12451108213820078,0.7672253258845437,0.33132689720493647
sklearn_raw,0.12516297262059975,0.7672253258845437,0.3312713053367917
sklearn_raw,0.12516297262059975,0.7690875232774674,0.3310501030214599
sklearn_raw,0.1258148631029987,0.7690875232774674,0.33089324202607034
sklearn_raw,0.1258148631029987,0.770949720670391,0.3288368176584382
sklearn_raw,0.1271186440677966,0.770949720670391,0.3284750409451077
sklearn_raw,0.1271186440677966,0.7728119180633147,0.32628186140184473
sklearn_raw,0.12842242503259452,0.7728119180633147,0.3258887003437837
sklearn_raw,0.12842242503259452,0.776536312849162,0.325276637261287
sklearn_raw,0.12972620599739243,0.776536312849162,0.3250222350966653
sklearn_raw,0.12972620599739243,0.7802607076350093,0.32348712593106727
sklearn_raw,0.13102998696219034,0.7802607076350093,0.3226177627810476
sklearn_raw,0.13102998696219034,0.7821229050279329,0.3216469128936634
sklearn_raw,0.13298565840938723,0.7821229050279329,0.31937119987756835
sklearn_raw,0.13298565840938723,0.7839851024208566,0.31899923550068354
sklearn_raw,0.13494132985658408,0.7839851024208566,0.3177994720903855
sklearn_raw,0.13494132985658408,0.7858472998137802,0.3159311085631688
sklearn_raw,0.1408083441981747,0.7858472998137802,0.30708233823873393
sklearn_raw,0.1408083441981747,0.7877094972067039,0.30576740236021227
sklearn_raw,0.1440677966101695,0.7877094972067039,0.30346961611331363
sklearn_raw,0.1440677966101695,0.7895716945996276,0.30322594162642236
sklearn_raw,0.14797913950456323,0.7895716945996276,0.29810501442078985
sklearn_raw,0.14797913950456323,0.7914338919925512,0.2980789421963827
sklearn_raw,0.14863102998696218,0.7914338919925512,0.2968935380565096
sklearn_raw,0.14863102998696218,0.7932960893854749,0.296673863269961
sklearn_raw,0.15254237288135594,0.7932960893854749,0.29590050499543064
sklearn_raw,0.15254237288135594,0.7951582867783985,0.29567389345225364
sklearn_raw,0.15319426336375488,0.7951582867783985,0.2952576777555115
sklearn_raw,0.15319426336375488,0.7970204841713222,0.2947586933734021
sklearn_raw,0.15384615384615385,0.7970204841713222,0.2947309283860158
sklearn_raw,0.15384615384615385,0.7988826815642458,0.29458636784472314
sklearn_raw,0.1558018252933507,0.7988826815642458,0.293129134153345
sklearn_raw,0.1558018252933507,0.8026070763500931,0.2904416019779306
sklearn_raw,0.15645371577574968,0.8026070763500931,0.29028846672984987
sklearn_raw,0.15645371577574968,0.8063314711359404,0.28906985364502763
sklearn_raw,0.15710560625814862,0.8063314711359404,0.28851147568686014
sklearn_raw,0.15710560625814862,0.8081936685288641,0.28850102017509277
sklearn_raw,0.1590612777053455,0.8081936685288641,0.28830277919164904
sklearn_raw,0.1590612777053455,0.8100558659217877,0.28817476821376825
sklearn_raw,0.1681877444589309,0.8100558659217877,0.27803127864779653
sklearn_raw,0.1681877444589309,0.8119180633147114,0.2778478174331805
sklearn_raw,0.1694915254237288,0.8119180633147114,0.27683574015343343
sklearn_raw,0.1694915254237288,0.8156424581005587,0.27496328330675773
sklearn_raw,0.17470664928292046,0.8156424581005587,0.27131584939800185
sklearn_raw,0.17470664928292046,0.8175046554934823,0.27056310171172776
sklearn_raw,0.17535853976531943,0.8175046554934823,0.27016790884890973
sklearn_raw,0.17535853976531943,0.819366852886406,0.26977015073166194
sklearn_raw,0.17926988265971316,0.819366852886406,0.2646456567814927
sklearn_raw,0.17926988265971316,0.8230912476722533,0.26333878818410467
sklearn_raw,0.1897001303780965,0.8230912476722533,0.25662357723170615
sklearn_raw,0.1897001303780965,0.8268156424581006,0.25517974864674575
sklearn_raw,0.19361147327249023,0.8268156424581006,0.2532745739034153
sklearn_raw,0.19361147327249023,0.8305400372439479,0.25110661685337254
sklearn_raw,0.1981747066492829,0.8305400372439479,0.24675927000948011
sklearn_raw,0.1981747066492829,0.8324022346368715,0.24659830885496842
sklearn_raw,0.19882659713168188,0.8324022346368715,0.2463349861612964
sklearn_raw,0.19882659713168188,0.8342644320297952,0.24621750622642558
sklearn_raw,0.19947848761408082,0.8342644320297952,0.2449955381002266
sklearn_raw,0.19947848761408082,0.8361266294227188,0.24495339491258272
sklearn_raw,0.2138200782268579,0.8361266294227188,0.2395504716346478
sklearn_raw,0.2138200782268579,0.8379888268156425,0.23942986943028388
sklearn_raw,0.21903520208604954,0.8379888268156425,0.2366537592174067
sklearn_raw,0.21903520208604954,0.839851024208566,0.23639318273529536
sklearn_raw,0.2196870925684485,0.839851024208566,0.23505390268859472
sklearn_raw,0.2196870925684485,0.8417132216014898,0.23491120311972072
sklearn_raw,0.227509778357236,0.8417132216014898,0.2298038909889206
sklearn_raw,0.227509778357236,0.845437616387337,0.2293793004916786
sklearn_raw,0.2288135593220339,0.845437616387337,0.22843393954502156
sklearn_raw,0.2288135593220339,0.8472998137802608,0.22811241173115018
sklearn_raw,0.23402868318122555,0.8472998137802608,0.2237523139867806
sklearn_raw,0.23402868318122555,0.8491620111731844,0.2236935542016049
sklearn_raw,0.23663624511082137,0.8491620111731844,0.22278193424263454
sklearn_raw,0.23663624511082137,0.851024208566108,0.22272645406280955
sklearn_raw,0.23859191655801826,0.851024208566108,0.22109937737173993
sklearn_raw,0.23859191655801826,0.8547486033519553,0.21797068610003648
sklearn_raw,0.242503259452412,0.8547486033519553,0.21466052632811736
sklearn_raw,0.242503259452412,0.8566108007448789,0.214466500531522
sklearn_raw,0.24837027379400262,0.8566108007448789,0.21038801881533534
sklearn_raw,0.24837027379400262,0.8584729981378026,0.21032153566259387
sklearn_raw,0.2503259452411995,0.8584729981378026,0.20912993361230783
sklearn_raw,0.2503259452411995,0.8621973929236499,0.20721431801703366
sklearn_raw,0.2542372881355932,0.8621973929236499,0.20579444074397377
sklearn_raw,0.2542372881355932,0.8659217877094972,0.20494549935969178
sklearn_raw,0.25684485006518903,0.8659217877094972,0.20452931978966735
sklearn_raw,0.25684485006518903,0.8677839851024208,0.20413658754927252
sklearn_raw,0.26010430247718386,0.8677839851024208,0.20292784498985517
sklearn_raw,0.26010430247718386,0.8696461824953445,0.20205964812730717
sklearn_raw,0.2666232073011734,0.8696461824953445,0.19860906704974193
sklearn_raw,0.2666232073011734,0.8715083798882681,0.19825087073963124
sklearn_raw,0.26792698826597133,0.8715083798882681,0.19777347791300529
sklearn_raw,0.26792698826597133,0.8752327746741154,0.1968016372659773
sklearn_raw,0.27053455019556716,0.8752327746741154,0.1926677994759774
sklearn_raw,0.27053455019556716,0.8770949720670391,0.19208480516448967
sklearn_raw,0.2757496740547588,0.8770949720670391,0.18886461080689346
sklearn_raw,0.2757496740547588,0.8789571694599627,0.18871714987856725
sklearn_raw,0.28096479791395046,0.8789571694599627,0.1856964771173586
sklearn_raw,0.28096479791395046,0.8808193668528864,0.18503193845221483
sklearn_raw,0.2894393741851369,0.8808193668528864,0.17996497023437827
sklearn_raw,0.2894393741851369,0.88268156424581,0.17682614155046775
sklearn_raw,0.2907431551499348,0.88268156424581,0.17579757063289306
sklearn_raw,0.2907431551499348,0.8845437616387337,0.1750829612651721
sklearn_raw,0.2920469361147327,0.8845437616387337,0.17396191327565474
sklearn_raw,0.2920469361147327,0.8864059590316573,0.17342326349817277
sklearn_raw,0.29335071707953064,0.8864059590316573,0.17303921208322207
sklearn_raw,0.29335071707953064,0.888268156424581,0.17294318727468697
sklearn_raw,0.29595827900912647,0.888268156424581,0.17098781299738608
sklearn_raw,0.29595827900912647,0.8901303538175046,0.1698874057344296
sklearn_raw,0.3050847457627119,0.8901303538175046,0.1634094530406328
sklearn_raw,0.3050847457627119,0.8919925512104283,0.16325040276039984
sklearn_raw,0.3057366362451108,0.8919925512104283,0.1631322347754337
sklearn_raw,0.3057366362451108,0.8938547486033519,0.162920598037731
sklearn_raw,0.30834419817470665,0.8938547486033519,0.16154149051124095
sklearn_raw,0.30834419817470665,0.8957169459962756,0.16116011594941299
sklearn_raw,0.32529335071707954,0.8957169459962756,0.15168422314816363
sklearn_raw,0.32529335071707954,0.8994413407821229,0.15157380502128678
sklearn_raw,0.32790091264667537,0.8994413407821229,0.1496619903720202
sklearn_raw,0.32790091264667537,0.9013035381750466,0.14951468093053147
sklearn_raw,0.33116036505867014,0.9013035381750466,0.14765735835858143
sklearn_raw,0.33116036505867014,0.9031657355679702,0.14743400901874654
sklearn_raw,0.3396349413298566,0.9031657355679702,0.1375328656873362
sklearn_raw,0.3396349413298566,0.9050279329608939,0.13615260822863076
sklearn_raw,0.34028683181225555,0.9050279329608939,0.13603395964799045
sklearn_raw,0.34028683181225555,0.9068901303538175,0.1359180551969731
sklearn_raw,0.34419817470664926,0.9068901303538175,0.13357446137701412
sklearn_raw,0.34419817470664926,0.9087523277467412,0.13342396017192965
sklearn_raw,0.3513689700130378,0.9087523277467412,0.13026100376831717
sklearn_raw,0.3513689700130378,0.9106145251396648,0.12985544479937233
sklearn_raw,0.3520208604954368,0.9106145251396648,0.1298531135798359
sklearn_raw,0.3520208604954368,0.9124767225325885,0.1291808843799584
sklearn_raw,0.3663624511082138,0.9124767225325885,0.1231635035280373
sklearn_raw,0.3663624511082138,0.9162011173184358,0.12259352574527714
sklearn_raw,0.36962190352020863,0.9162011173184358,0.12197277603469409
sklearn_raw,0.36962190352020863,0.9180633147113594,0.12189495375518816
sklearn_raw,0.3709256844850065,0.9180633147113594,0.12100692022975347
sklearn_raw,0.3709256844850065,0.9217877094972067,0.12042720008016723
sklearn_raw,0.37157757496740546,0.9217877094972067,0.12035211346994762
sklearn_raw,0.37157757496740546,0.9236499068901304,0.11996201756718716
sklearn_raw,0.38396349413298564,0.9236499068901304,0.11223855649200026
sklearn_raw,0.38396349413298564,0.925512104283054,0.11182672194250463
sklearn_raw,0.38461538461538464,0.925512104283054,0.1112155607716893
sklearn_raw,0.38461538461538464,0.9273743016759777,0.11117259931765584
sklearn_raw,0.3852672750977836,0.9273743016759777,0.11106312126177363
sklearn_raw,0.3852672750977836,0.9292364990689013,0.11080725531149538
sklearn_raw,0.39960886571056065,0.9292364990689013,0.10439143354779412
sklearn_raw,0.39960886571056065,0.931098696461825,0.10419660212813178
sklearn_raw,0.4048239895697523,0.931098696461825,0.10193465861038603
sklearn_raw,0.4048239895697523,0.9329608938547486,0.10190152175946518
sklearn_raw,0.41003911342894395,0.9329608938547486,0.10067705618994598
sklearn_raw,0.41003911342894395,0.9348230912476723,0.100667941271616
sklearn_raw,0.41460234680573665,0.9348230912476723,0.10015535328427667
sklearn_raw,0.41460234680573665,0.9366852886405959,0.09988743462455416
sklearn_raw,0.4256844850065189,0.9366852886405959,0.09557768563957289
sklearn_raw,0.4256844850065189,0.9385474860335196,0.09534977261425906
sklearn_raw,0.4348109517601043,0.9385474860335196,0.09094210080865908
sklearn_raw,0.4348109517601043,0.9404096834264432,0.09082904936304902
sklearn_raw,0.44002607561929596,0.9404096834264432,0.08944264958270608
sklearn_raw,0.44002607561929596,0.9422718808193669,0.08932991993948307
sklearn_raw,0.455019556714472,0.9422718808193669,0.0850635052753627
sklearn_raw,0.455019556714472,0.9441340782122905,0.08446669387276928
sklearn_raw,0.46936114732724904,0.9441340782122905,0.07966550545987419
sklearn_raw,0.46936114732724904,0.9478584729981379,0.07911272740354668
sklearn_raw,0.470013037809648,0.9478584729981379,0.07813348223027029
sklearn_raw,0.470013037809648,0.9497206703910615,0.07732792233802312
sklearn_raw,0.4726205997392438,0.9497206703910615,0.07658353495358394
sklearn_raw,0.4726205997392438,0.9515828677839852,0.07632467771838664
sklearn_raw,0.48565840938722293,0.9515828677839852,0.07201283834165445
sklearn_raw,0.48565840938722293,0.9534450651769087,0.07189116359742126
sklearn_raw,0.4980443285528031,0.9534450651769087,0.0688689535462451
sklearn_raw,0.4980443285528031,0.957169459962756,0.06865194223690317
sklearn_raw,0.5019556714471969,0.957169459962756,0.06739339707924213
sklearn_raw,0.5019556714471969,0.9590316573556797,0.06736626856546286
sklearn_raw,0.5143415906127771,0.9590316573556797,0.06482208202472893
sklearn_raw,0.5143415906127771,0.9608938547486033,0.06479842875935696
sklearn_raw,0.515645371577575,0.9608938547486033,0.06456738256228575
sklearn_raw,0.515645371577575,0.9646182495344506,0.06415282568479498
sklearn_raw,0.5273794002607562,0.9646182495344506,0.06240043293701994
sklearn_raw,0.5273794002607562,0.9664804469273743,0.062246730174481645
sklearn_raw,0.5404172099087353,0.9664804469273743,0.05954664219169917
sklearn_raw,0.5404172099087353,0.9683426443202979,0.05950568013553987
sklearn_raw,0.5514993481095176,0.9683426443202979,0.0573438005546093
sklearn_raw,0.5514993481095176,0.9702048417132216,0.05734058371811804
sklearn_raw,0.5645371577574967,0.9702048417132216,0.053477794288854685
sklearn_raw,0.5645371577574967,0.9720670391061452,0.05336191580905429
sklearn_raw,0.5743155149934811,0.9720670391061452,0.05110235019258738
sklearn_raw,0.5743155149934811,0.9739292364990689,0.05092105460525582
sklearn_raw,0.5860495436766623,0.9739292364990689,0.048543929429522494
sklearn_raw,0.5860495436766623,0.9757914338919925,0.04831002170338025
sklearn_raw,0.6036505867014341,0.9757914338919925,0.044783917329223336
sklearn_raw,0.6036505867014341,0.9776536312849162,0.04441587215911993
sklearn_raw,0.6388526727509778,0.9776536312849162,0.03767647578102629
sklearn_raw,0.6388526727509778,0.9795158286778398,0.03761140822602453
sklearn_raw,0.6401564537157758,0.9795158286778398,0.037443436943922895
sklearn_raw,0.6401564537157758,0.9813780260707635,0.037257091705939716
sklearn_raw,0.6623207301173403,0.9813780260707635,0.033864708248427564
sklearn_raw,0.6623207301173403,0.9832402234636871,0.033719296436452224
sklearn_raw,0.758148631029987,0.9832402234636871,0.02300536897450483
sklearn_raw,0.758148631029987,0.9851024208566108,0.02299944356303194
sklearn_raw,0.7913950456323338,0.9851024208566108,0.01881446186011353
sklearn_raw,0.7913950456323338,0.9869646182495344,0.018786231856875654
sklearn_raw,0.7946544980443285,0.9869646182495344,0.018434924062334452
sklearn_raw,0.7946544980443285,0.9888268156424581,0.018423195110029395
sklearn_raw,0.8076923076923077,0.9888268156424581,0.01686023087392378
sklearn_raw,0.8076923076923077,0.9906890130353817,0.01680148240251137
sklearn_raw,0.848109517601043,0.9906890130353817,0.012562480401678499
sklearn_raw,0.848109517601043,0.9925512104283054,0.012548436920063133
sklearn_raw,0.8494132985658409,0.9925512104283054,0.012515563377230345
sklearn_raw,0.8494132985658409,0.994413407821229,0.012348636212551119
sklearn_raw,0.8526727509778357,0.994413407821229,0.011519023445850766
sklearn_raw,0.8526727509778357,0.9962756052141527,0.01128606517331803
sklearn_raw,0.863102998696219,0.9962756052141527,0.009946308284989176
sklearn_raw,0.863102998696219,0.9981378026070763,0.009897383837178657
sklearn_raw,0.8917861799217731,0.9981378026070763,0.006372494906518964
sklearn_raw,0.8917861799217731,1.0,0.0063107293470555
sklearn_raw,1.0,1.0,8.240431971584155e-05
