seed,protocol,protocol_label,split,rectifier,rectifier_quantile_low,rectifier_quantile_high,rectifier_snap,rectifier_sdfilter,raw_c,rect_c,raw_j,rect_j,delta_j,raw_tpr,rect_tpr,delta_tpr,raw_tnr,rect_tnr,delta_tnr,raw_nonzero,rect_nonzero
0,generic_probe,Generic probe,generic70,quantile,0.25,0.75,0.001,,0.1,0.1,0.5874613003095974,0.7770897832817338,0.18962848297213641,0.9558823529411765,0.8823529411764706,-0.07352941176470595,0.631578947368421,0.8947368421052632,0.26315789473684215,8,11
0,matched_split_cutlass,Split-matched cutlass,legacy67,quantile,0.25,0.75,0.001,,0.1,0.1,0.637142857142857,0.716190476190476,0.07904761904761903,0.9466666666666667,0.9066666666666666,-0.040000000000000036,0.6904761904761905,0.8095238095238095,0.11904761904761907,6,12
0,legacy_rectifier_bridge,Legacy rectifier bridge,legacy67,minmax,,,0.0,,0.1,0.1,0.637142857142857,0.7142857142857144,0.0771428571428574,0.9466666666666667,1.0,0.053333333333333344,0.6904761904761905,0.7142857142857143,0.023809523809523836,6,8
0,published_like_legacy,Published-like legacy,legacy67,minmax,,,0.0,,10.0,10.0,0.7266666666666666,0.8438095238095238,0.11714285714285722,0.8933333333333333,0.9866666666666667,0.09333333333333338,0.8333333333333334,0.8571428571428571,0.023809523809523725,30,32
1,generic_probe,Generic probe,generic70,quantile,0.25,0.75,0.001,,0.1,0.1,0.6578947368421053,0.7948916408668731,0.13699690402476783,1.0,0.9264705882352942,-0.07352941176470584,0.6578947368421053,0.868421052631579,0.21052631578947367,10,12
1,matched_split_cutlass,Split-matched cutlass,legacy67,quantile,0.25,0.75,0.001,,0.1,0.1,0.6533333333333333,0.7533333333333334,0.10000000000000009,0.9866666666666667,0.92,-0.06666666666666665,0.6666666666666666,0.8333333333333334,0.16666666666666674,8,10
1,legacy_rectifier_bridge,Legacy rectifier bridge,legacy67,minmax,,,0.0,,0.1,0.1,0.6533333333333333,0.5714285714285714,-0.08190476190476192,0.9866666666666667,1.0,0.013333333333333308,0.6666666666666666,0.5714285714285714,-0.09523809523809523,8,9
1,published_like_legacy,Published-like legacy,legacy67,minmax,,,0.0,,10.0,10.0,0.6504761904761904,0.901904761904762,0.25142857142857156,0.96,0.9733333333333334,0.01333333333333342,0.6904761904761905,0.9285714285714286,0.23809523809523814,32,31
2,generic_probe,Generic probe,generic70,quantile,0.25,0.75,0.001,,0.1,0.1,0.7074303405572755,0.7159442724458205,0.00851393188854499,0.9705882352941176,0.9264705882352942,-0.044117647058823484,0.7368421052631579,0.7894736842105263,0.052631578947368474,9,13
2,matched_split_cutlass,Split-matched cutlass,legacy67,quantile,0.25,0.75,0.001,,0.1,0.1,0.6476190476190475,0.5485714285714285,-0.09904761904761905,0.9333333333333333,0.7866666666666666,-0.14666666666666672,0.7142857142857143,0.7619047619047619,0.04761904761904756,8,13
2,legacy_rectifier_bridge,Legacy rectifier bridge,legacy67,minmax,,,0.0,,0.1,0.1,0.6476190476190475,0.7295238095238097,0.08190476190476215,0.9333333333333333,0.92,-0.013333333333333308,0.7142857142857143,0.8095238095238095,0.09523809523809523,8,7
2,published_like_legacy,Published-like legacy,legacy67,minmax,,,0.0,,10.0,10.0,0.7028571428571428,0.7609523809523808,0.05809523809523798,0.8933333333333333,0.88,-0.013333333333333308,0.8095238095238095,0.8809523809523809,0.0714285714285714,31,28
3,generic_probe,Generic probe,generic70,quantile,0.25,0.75,0.001,,0.1,0.1,0.6168730650154799,0.7190402476780187,0.10216718266253877,0.9852941176470589,0.9558823529411765,-0.02941176470588236,0.631578947368421,0.7631578947368421,0.13157894736842113,9,13
3,matched_split_cutlass,Split-matched cutlass,legacy67,quantile,0.25,0.75,0.001,,0.1,0.1,0.6533333333333333,0.6580952380952381,0.004761904761904745,0.9866666666666667,0.92,-0.06666666666666665,0.6666666666666666,0.7380952380952381,0.07142857142857151,8,11
3,legacy_rectifier_bridge,Legacy rectifier bridge,legacy67,minmax,,,0.0,,0.1,0.1,0.6533333333333333,0.6904761904761905,0.037142857142857144,0.9866666666666667,1.0,0.013333333333333308,0.6666666666666666,0.6904761904761905,0.023809523809523836,8,7
3,published_like_legacy,Published-like legacy,legacy67,minmax,,,0.0,,10.0,10.0,0.6638095238095238,0.8676190476190477,0.20380952380952388,0.9733333333333334,0.9866666666666667,0.013333333333333308,0.6904761904761905,0.8809523809523809,0.19047619047619047,32,26
4,generic_probe,Generic probe,generic70,quantile,0.25,0.75,0.001,,0.1,0.1,0.7221362229102168,0.780185758513932,0.058049535603715174,0.9852941176470589,0.9117647058823529,-0.07352941176470595,0.7368421052631579,0.868421052631579,0.13157894736842113,8,13
4,matched_split_cutlass,Split-matched cutlass,legacy67,quantile,0.25,0.75,0.001,,0.1,0.1,0.5685714285714285,0.7085714285714286,0.14000000000000012,0.9733333333333334,0.9466666666666667,-0.026666666666666727,0.5952380952380952,0.7619047619047619,0.16666666666666663,7,13
4,legacy_rectifier_bridge,Legacy rectifier bridge,legacy67,minmax,,,0.0,,0.1,0.1,0.5685714285714285,0.6428571428571428,0.07428571428571429,0.9733333333333334,1.0,0.026666666666666616,0.5952380952380952,0.6428571428571429,0.04761904761904767,7,6
4,published_like_legacy,Published-like legacy,legacy67,minmax,,,0.0,,10.0,10.0,0.6580952380952381,0.8200000000000001,0.161904761904762,0.92,0.9866666666666667,0.06666666666666665,0.7380952380952381,0.8333333333333334,0.09523809523809523,30,30
5,generic_probe,Generic probe,generic70,quantile,0.25,0.75,0.001,,0.1,0.1,0.631578947368421,0.7221362229102168,0.09055727554179582,1.0,0.9852941176470589,-0.014705882352941124,0.631578947368421,0.7368421052631579,0.10526315789473684,8,12
5,matched_split_cutlass,Split-matched cutlass,legacy67,quantile,0.25,0.75,0.001,,0.1,0.1,0.6714285714285715,0.6552380952380952,-0.01619047619047631,0.9333333333333333,0.8933333333333333,-0.040000000000000036,0.7380952380952381,0.7619047619047619,0.023809523809523725,7,10
5,legacy_rectifier_bridge,Legacy rectifier bridge,legacy67,minmax,,,0.0,,0.1,0.1,0.6714285714285715,0.5866666666666667,-0.08476190476190482,0.9333333333333333,0.92,-0.013333333333333308,0.7380952380952381,0.6666666666666666,-0.07142857142857151,7,5
5,published_like_legacy,Published-like legacy,legacy67,minmax,,,0.0,,10.0,10.0,0.7904761904761903,0.8085714285714287,0.018095238095238386,0.9333333333333333,0.88,-0.053333333333333344,0.8571428571428571,0.9285714285714286,0.07142857142857151,32,26
6,generic_probe,Generic probe,generic70,quantile,0.25,0.75,0.001,,0.1,0.1,0.6284829721362231,0.513157894736842,-0.11532507739938103,0.9705882352941176,0.75,-0.22058823529411764,0.6578947368421053,0.7631578947368421,0.10526315789473684,7,13
6,matched_split_cutlass,Split-matched cutlass,legacy67,quantile,0.25,0.75,0.001,,0.1,0.1,0.7619047619047619,0.7323809523809524,-0.029523809523809508,1.0,0.9466666666666667,-0.053333333333333344,0.7619047619047619,0.7857142857142857,0.023809523809523836,8,11
6,legacy_rectifier_bridge,Legacy rectifier bridge,legacy67,minmax,,,0.0,,0.1,0.1,0.7619047619047619,0.8095238095238095,0.04761904761904767,1.0,1.0,0.0,0.7619047619047619,0.8095238095238095,0.04761904761904767,8,9
6,published_like_legacy,Published-like legacy,legacy67,minmax,,,0.0,,10.0,10.0,0.7085714285714286,0.8780952380952383,0.16952380952380963,0.9466666666666667,0.9733333333333334,0.026666666666666727,0.7619047619047619,0.9047619047619048,0.1428571428571429,32,31
7,generic_probe,Generic probe,generic70,quantile,0.25,0.75,0.001,,0.1,0.1,0.7074303405572755,0.6749226006191951,-0.03250773993808043,0.9705882352941176,0.9117647058823529,-0.05882352941176472,0.7368421052631579,0.7631578947368421,0.026315789473684292,7,11
7,matched_split_cutlass,Split-matched cutlass,legacy67,quantile,0.25,0.75,0.001,,0.1,0.1,0.7457142857142856,0.7533333333333334,0.007619047619047858,0.96,0.92,-0.039999999999999925,0.7857142857142857,0.8333333333333334,0.04761904761904767,8,14
7,legacy_rectifier_bridge,Legacy rectifier bridge,legacy67,minmax,,,0.0,,0.1,0.1,0.7457142857142856,0.8200000000000001,0.07428571428571451,0.96,0.9866666666666667,0.026666666666666727,0.7857142857142857,0.8333333333333334,0.04761904761904767,8,8
7,published_like_legacy,Published-like legacy,legacy67,minmax,,,0.0,,10.0,10.0,0.8142857142857143,0.8990476190476189,0.0847619047619046,0.9333333333333333,0.9466666666666667,0.013333333333333308,0.8809523809523809,0.9523809523809523,0.0714285714285714,31,27
8,generic_probe,Generic probe,generic70,quantile,0.25,0.75,0.001,,0.1,0.1,0.8157894736842106,0.6981424148606812,-0.11764705882352944,1.0,0.8823529411764706,-0.11764705882352944,0.8157894736842105,0.8157894736842105,0.0,9,11
8,matched_split_cutlass,Split-matched cutlass,legacy67,quantile,0.25,0.75,0.001,,0.1,0.1,0.6666666666666665,0.5142857142857142,-0.15238095238095228,1.0,0.8,-0.19999999999999996,0.6666666666666666,0.7142857142857143,0.04761904761904767,7,9
8,legacy_rectifier_bridge,Legacy rectifier bridge,legacy67,minmax,,,0.0,,0.1,0.1,0.6666666666666665,0.7142857142857144,0.047619047619047894,1.0,1.0,0.0,0.6666666666666666,0.7142857142857143,0.04761904761904767,7,8
8,published_like_legacy,Published-like legacy,legacy67,minmax,,,0.0,,10.0,10.0,0.6295238095238096,0.8066666666666666,0.17714285714285705,0.9866666666666667,0.9733333333333334,-0.013333333333333308,0.6428571428571429,0.8333333333333334,0.19047619047619047,32,25
9,generic_probe,Generic probe,generic70,quantile,0.25,0.75,0.001,,0.1,0.1,0.5495356037151704,0.5835913312693499,0.034055727554179516,0.9705882352941176,0.7941176470588235,-0.17647058823529416,0.5789473684210527,0.7894736842105263,0.21052631578947367,8,12
9,matched_split_cutlass,Split-matched cutlass,legacy67,quantile,0.25,0.75,0.001,,0.1,0.1,0.6742857142857144,0.6238095238095238,-0.05047619047619056,0.96,0.9333333333333333,-0.026666666666666616,0.7142857142857143,0.6904761904761905,-0.023809523809523836,7,10
9,legacy_rectifier_bridge,Legacy rectifier bridge,legacy67,minmax,,,0.0,,0.1,0.1,0.6742857142857144,0.6904761904761905,0.01619047619047609,0.96,1.0,0.040000000000000036,0.7142857142857143,0.6904761904761905,-0.023809523809523836,7,7
9,published_like_legacy,Published-like legacy,legacy67,minmax,,,0.0,,10.0,10.0,0.7219047619047618,0.861904761904762,0.14000000000000012,0.96,0.9333333333333333,-0.026666666666666616,0.7619047619047619,0.9285714285714286,0.16666666666666674,32,30
10,generic_probe,Generic probe,generic70,quantile,0.25,0.75,0.001,,0.1,0.1,0.5843653250773995,0.5363777089783281,-0.04798761609907132,0.9264705882352942,0.7205882352941176,-0.20588235294117652,0.6578947368421053,0.8157894736842105,0.1578947368421052,10,13
10,matched_split_cutlass,Split-matched cutlass,legacy67,quantile,0.25,0.75,0.001,,0.1,0.1,0.5923809523809525,0.7457142857142856,0.1533333333333331,0.9733333333333334,0.96,-0.01333333333333342,0.6190476190476191,0.7857142857142857,0.16666666666666663,8,13
10,legacy_rectifier_bridge,Legacy rectifier bridge,legacy67,minmax,,,0.0,,0.1,0.1,0.5923809523809525,0.6428571428571428,0.05047619047619034,0.9733333333333334,1.0,0.026666666666666616,0.6190476190476191,0.6428571428571429,0.023809523809523836,8,8
10,published_like_legacy,Published-like legacy,legacy67,minmax,,,0.0,,10.0,10.0,0.6876190476190476,0.8200000000000001,0.1323809523809525,0.9733333333333334,0.9866666666666667,0.013333333333333308,0.7142857142857143,0.8333333333333334,0.11904761904761907,31,28
11,generic_probe,Generic probe,generic70,quantile,0.25,0.75,0.001,,0.1,0.1,0.5874613003095974,0.5139318885448916,-0.07352941176470584,0.9558823529411765,0.8823529411764706,-0.07352941176470595,0.631578947368421,0.631578947368421,0.0,7,12
11,matched_split_cutlass,Split-matched cutlass,legacy67,quantile,0.25,0.75,0.001,,0.1,0.1,0.6533333333333333,0.7085714285714286,0.05523809523809531,0.9866666666666667,0.9466666666666667,-0.040000000000000036,0.6666666666666666,0.7619047619047619,0.09523809523809523,10,13
11,legacy_rectifier_bridge,Legacy rectifier bridge,legacy67,minmax,,,0.0,,0.1,0.1,0.6533333333333333,0.7380952380952381,0.08476190476190482,0.9866666666666667,1.0,0.013333333333333308,0.6666666666666666,0.7380952380952381,0.07142857142857151,10,6
11,published_like_legacy,Published-like legacy,legacy67,minmax,,,0.0,,10.0,10.0,0.7695238095238095,0.8571428571428572,0.08761904761904771,0.96,1.0,0.040000000000000036,0.8095238095238095,0.8571428571428571,0.04761904761904756,33,27
12,generic_probe,Generic probe,generic70,quantile,0.25,0.75,0.001,,0.1,0.1,0.7190402476780187,0.6834365325077401,-0.035603715170278605,0.9558823529411765,0.8676470588235294,-0.08823529411764708,0.7631578947368421,0.8157894736842105,0.05263157894736836,10,13
12,matched_split_cutlass,Split-matched cutlass,legacy67,quantile,0.25,0.75,0.001,,0.1,0.1,0.6876190476190476,0.618095238095238,-0.06952380952380954,0.9733333333333334,0.88,-0.09333333333333338,0.7142857142857143,0.7380952380952381,0.023809523809523836,6,13
12,legacy_rectifier_bridge,Legacy rectifier bridge,legacy67,minmax,,,0.0,,0.1,0.1,0.6876190476190476,0.7857142857142856,0.09809523809523801,0.9733333333333334,1.0,0.026666666666666616,0.7142857142857143,0.7857142857142857,0.0714285714285714,6,8
12,published_like_legacy,Published-like legacy,legacy67,minmax,,,0.0,,10.0,10.0,0.7295238095238097,0.8247619047619048,0.09523809523809512,0.92,0.92,0.0,0.8095238095238095,0.9047619047619048,0.09523809523809523,32,29
13,generic_probe,Generic probe,generic70,quantile,0.25,0.75,0.001,,0.1,0.1,0.7484520123839009,0.8390092879256965,0.0905572755417956,0.9852941176470589,0.9705882352941176,-0.014705882352941235,0.7631578947368421,0.868421052631579,0.10526315789473684,10,14
13,matched_split_cutlass,Split-matched cutlass,legacy67,quantile,0.25,0.75,0.001,,0.1,0.1,0.5819047619047619,0.6819047619047618,0.09999999999999987,0.9866666666666667,0.92,-0.06666666666666665,0.5952380952380952,0.7619047619047619,0.16666666666666663,6,13
13,legacy_rectifier_bridge,Legacy rectifier bridge,legacy67,minmax,,,0.0,,0.1,0.1,0.5819047619047619,0.5476190476190477,-0.03428571428571425,0.9866666666666667,1.0,0.013333333333333308,0.5952380952380952,0.5476190476190477,-0.04761904761904756,6,9
13,published_like_legacy,Published-like legacy,legacy67,minmax,,,0.0,,10.0,10.0,0.6504761904761904,0.7695238095238095,0.11904761904761907,0.96,0.96,0.0,0.6904761904761905,0.8095238095238095,0.11904761904761907,29,27
14,generic_probe,Generic probe,generic70,quantile,0.25,0.75,0.001,,0.1,0.1,0.6284829721362231,0.5990712074303406,-0.02941176470588247,0.9705882352941176,0.9411764705882353,-0.02941176470588236,0.6578947368421053,0.6578947368421053,0.0,9,11
14,matched_split_cutlass,Split-matched cutlass,legacy67,quantile,0.25,0.75,0.001,,0.1,0.1,0.6904761904761905,0.7695238095238095,0.07904761904761903,1.0,0.96,-0.040000000000000036,0.6904761904761905,0.8095238095238095,0.11904761904761907,9,11
14,legacy_rectifier_bridge,Legacy rectifier bridge,legacy67,minmax,,,0.0,,0.1,0.1,0.6904761904761905,0.6904761904761905,0.0,1.0,1.0,0.0,0.6904761904761905,0.6904761904761905,0.0,9,7
14,published_like_legacy,Published-like legacy,legacy67,minmax,,,0.0,,10.0,10.0,0.6476190476190475,0.8647619047619046,0.21714285714285708,0.9333333333333333,0.96,0.026666666666666616,0.7142857142857143,0.9047619047619048,0.19047619047619047,30,30
15,generic_probe,Generic probe,generic70,quantile,0.25,0.75,0.001,,0.1,0.1,0.5642414860681115,0.5874613003095974,0.023219814241485892,0.9852941176470589,0.9558823529411765,-0.02941176470588236,0.5789473684210527,0.631578947368421,0.05263157894736836,10,11
15,matched_split_cutlass,Split-matched cutlass,legacy67,quantile,0.25,0.75,0.001,,0.1,0.1,0.6904761904761905,0.5571428571428572,-0.1333333333333333,1.0,0.8666666666666667,-0.1333333333333333,0.6904761904761905,0.6904761904761905,0.0,7,13
15,legacy_rectifier_bridge,Legacy rectifier bridge,legacy67,minmax,,,0.0,,0.1,0.1,0.6904761904761905,0.7857142857142856,0.09523809523809512,1.0,1.0,0.0,0.6904761904761905,0.7857142857142857,0.09523809523809523,7,7
15,published_like_legacy,Published-like legacy,legacy67,minmax,,,0.0,,10.0,10.0,0.78,0.8542857142857143,0.07428571428571429,0.9466666666666667,0.9733333333333334,0.026666666666666727,0.8333333333333334,0.8809523809523809,0.04761904761904756,32,25
16,generic_probe,Generic probe,generic70,quantile,0.25,0.75,0.001,,0.1,0.1,0.6958204334365325,0.7979876160990713,0.10216718266253877,0.9852941176470589,0.9558823529411765,-0.02941176470588236,0.7105263157894737,0.8421052631578947,0.13157894736842102,9,14
16,matched_split_cutlass,Split-matched cutlass,legacy67,quantile,0.25,0.75,0.001,,0.1,0.1,0.6638095238095238,0.74,0.07619047619047614,0.9733333333333334,0.9066666666666666,-0.06666666666666676,0.6904761904761905,0.8333333333333334,0.1428571428571429,6,12
16,legacy_rectifier_bridge,Legacy rectifier bridge,legacy67,minmax,,,0.0,,0.1,0.1,0.6638095238095238,0.7619047619047619,0.09809523809523801,0.9733333333333334,1.0,0.026666666666666616,0.6904761904761905,0.7619047619047619,0.0714285714285714,6,6
16,published_like_legacy,Published-like legacy,legacy67,minmax,,,0.0,,10.0,10.0,0.6685714285714286,0.8780952380952383,0.20952380952380967,0.9066666666666666,0.9733333333333334,0.06666666666666676,0.7619047619047619,0.9047619047619048,0.1428571428571429,31,31
17,generic_probe,Generic probe,generic70,quantile,0.25,0.75,0.001,,0.1,0.1,0.5789473684210527,0.6749226006191951,0.09597523219814241,1.0,0.9117647058823529,-0.08823529411764708,0.5789473684210527,0.7631578947368421,0.1842105263157895,10,10
17,matched_split_cutlass,Split-matched cutlass,legacy67,quantile,0.25,0.75,0.001,,0.1,0.1,0.6295238095238096,0.5304761904761905,-0.09904761904761905,0.9866666666666667,0.84,-0.14666666666666672,0.6428571428571429,0.6904761904761905,0.04761904761904756,8,12
17,legacy_rectifier_bridge,Legacy rectifier bridge,legacy67,minmax,,,0.0,,0.1,0.1,0.6295238095238096,0.5952380952380953,-0.03428571428571425,0.9866666666666667,1.0,0.013333333333333308,0.6428571428571429,0.5952380952380952,-0.04761904761904767,8,8
17,published_like_legacy,Published-like legacy,legacy67,minmax,,,0.0,,10.0,10.0,0.7114285714285715,0.8885714285714286,0.17714285714285705,0.9733333333333334,0.96,-0.01333333333333342,0.7380952380952381,0.9285714285714286,0.19047619047619047,32,31
18,generic_probe,Generic probe,generic70,quantile,0.25,0.75,0.001,,0.1,0.1,0.5758513931888545,0.5634674922600618,-0.012383900928792713,0.9705882352941176,0.8529411764705882,-0.11764705882352944,0.6052631578947368,0.7105263157894737,0.10526315789473684,8,14
18,matched_split_cutlass,Split-matched cutlass,legacy67,quantile,0.25,0.75,0.001,,0.1,0.1,0.6057142857142859,0.7133333333333334,0.1076190476190475,0.9866666666666667,0.88,-0.10666666666666669,0.6190476190476191,0.8333333333333334,0.2142857142857143,8,12
18,legacy_rectifier_bridge,Legacy rectifier bridge,legacy67,minmax,,,0.0,,0.1,0.1,0.6057142857142859,0.6190476190476191,0.013333333333333197,0.9866666666666667,1.0,0.013333333333333308,0.6190476190476191,0.6190476190476191,0.0,8,7
18,published_like_legacy,Published-like legacy,legacy67,minmax,,,0.0,,10.0,10.0,0.6742857142857144,0.8914285714285715,0.21714285714285708,0.96,0.9866666666666667,0.026666666666666727,0.7142857142857143,0.9047619047619048,0.19047619047619047,32,30
19,generic_probe,Generic probe,generic70,quantile,0.25,0.75,0.001,,0.1,0.1,0.5232198142414861,0.5758513931888545,0.05263157894736836,0.9705882352941176,0.9705882352941176,0.0,0.5526315789473685,0.6052631578947368,0.05263157894736836,6,12
19,matched_split_cutlass,Split-matched cutlass,legacy67,quantile,0.25,0.75,0.001,,0.1,0.1,0.6666666666666665,0.700952380952381,0.034285714285714475,1.0,0.9866666666666667,-0.013333333333333308,0.6666666666666666,0.7142857142857143,0.04761904761904767,9,12
19,legacy_rectifier_bridge,Legacy rectifier bridge,legacy67,minmax,,,0.0,,0.1,0.1,0.6666666666666665,0.7380952380952381,0.07142857142857162,1.0,1.0,0.0,0.6666666666666666,0.7380952380952381,0.07142857142857151,9,8
19,published_like_legacy,Published-like legacy,legacy67,minmax,,,0.0,,10.0,10.0,0.7457142857142856,0.8752380952380951,0.1295238095238096,0.96,0.9466666666666667,-0.013333333333333308,0.7857142857142857,0.9285714285714286,0.1428571428571429,31,30
20,generic_probe,Generic probe,generic70,quantile,0.25,0.75,0.001,,0.1,0.1,0.6253869969040249,0.780185758513932,0.15479876160990713,0.9411764705882353,0.9117647058823529,-0.02941176470588236,0.6842105263157895,0.868421052631579,0.1842105263157895,11,11
20,matched_split_cutlass,Split-matched cutlass,legacy67,quantile,0.25,0.75,0.001,,0.1,0.1,0.5952380952380953,0.6019047619047617,0.0066666666666663765,1.0,0.84,-0.16000000000000003,0.5952380952380952,0.7619047619047619,0.16666666666666663,8,15
20,legacy_rectifier_bridge,Legacy rectifier bridge,legacy67,minmax,,,0.0,,0.1,0.1,0.5952380952380953,0.8276190476190477,0.23238095238095235,1.0,0.9466666666666667,-0.053333333333333344,0.5952380952380952,0.8809523809523809,0.2857142857142857,8,5
20,published_like_legacy,Published-like legacy,legacy67,minmax,,,0.0,,10.0,10.0,0.6161904761904764,0.7714285714285714,0.15523809523809495,0.9733333333333334,0.8666666666666667,-0.10666666666666669,0.6428571428571429,0.9047619047619048,0.26190476190476186,31,26
21,generic_probe,Generic probe,generic70,quantile,0.25,0.75,0.001,,0.1,0.1,0.6664086687306501,0.7159442724458205,0.049535603715170407,0.9558823529411765,0.9264705882352942,-0.02941176470588236,0.7105263157894737,0.7894736842105263,0.07894736842105265,8,9
21,matched_split_cutlass,Split-matched cutlass,legacy67,quantile,0.25,0.75,0.001,,0.1,0.1,0.6266666666666665,0.7904761904761903,0.16380952380952385,0.96,0.9333333333333333,-0.026666666666666616,0.6666666666666666,0.8571428571428571,0.19047619047619047,7,10
21,legacy_rectifier_bridge,Legacy rectifier bridge,legacy67,minmax,,,0.0,,0.1,0.1,0.6266666666666665,0.5952380952380953,-0.03142857142857114,0.96,1.0,0.040000000000000036,0.6666666666666666,0.5952380952380952,-0.0714285714285714,7,7
21,published_like_legacy,Published-like legacy,legacy67,minmax,,,0.0,,10.0,10.0,0.74,0.8304761904761904,0.09047619047619038,0.9066666666666666,0.9733333333333334,0.06666666666666676,0.8333333333333334,0.8571428571428571,0.023809523809523725,32,30
22,generic_probe,Generic probe,generic70,quantile,0.25,0.75,0.001,,0.1,0.1,0.5495356037151704,0.7337461300309598,0.18421052631578938,0.9705882352941176,0.9705882352941176,0.0,0.5789473684210527,0.7631578947368421,0.1842105263157895,11,15
22,matched_split_cutlass,Split-matched cutlass,legacy67,quantile,0.25,0.75,0.001,,0.1,0.1,0.7247619047619049,0.5761904761904764,-0.14857142857142858,0.9866666666666667,0.9333333333333333,-0.053333333333333344,0.7380952380952381,0.6428571428571429,-0.09523809523809523,9,13
22,legacy_rectifier_bridge,Legacy rectifier bridge,legacy67,minmax,,,0.0,,0.1,0.1,0.7247619047619049,0.7380952380952381,0.013333333333333197,0.9866666666666667,1.0,0.013333333333333308,0.7380952380952381,0.7380952380952381,0.0,9,8
22,published_like_legacy,Published-like legacy,legacy67,minmax,,,0.0,,10.0,10.0,0.6876190476190476,0.8809523809523809,0.19333333333333336,0.9733333333333334,1.0,0.026666666666666616,0.7142857142857143,0.8809523809523809,0.16666666666666663,33,31
23,generic_probe,Generic probe,generic70,quantile,0.25,0.75,0.001,,0.1,0.1,0.6052631578947367,0.5665634674922599,-0.03869969040247678,1.0,0.8823529411764706,-0.11764705882352944,0.6052631578947368,0.6842105263157895,0.07894736842105265,8,12
23,matched_split_cutlass,Split-matched cutlass,legacy67,quantile,0.25,0.75,0.001,,0.1,0.1,0.5952380952380953,0.5704761904761906,-0.024761904761904763,1.0,0.88,-0.12,0.5952380952380952,0.6904761904761905,0.09523809523809523,7,12
23,legacy_rectifier_bridge,Legacy rectifier bridge,legacy67,minmax,,,0.0,,0.1,0.1,0.5952380952380953,0.6904761904761905,0.09523809523809512,1.0,1.0,0.0,0.5952380952380952,0.6904761904761905,0.09523809523809523,7,6
23,published_like_legacy,Published-like legacy,legacy67,minmax,,,0.0,,10.0,10.0,0.637142857142857,0.8809523809523809,0.24380952380952392,0.9466666666666667,1.0,0.053333333333333344,0.6904761904761905,0.8809523809523809,0.19047619047619047,33,26
24,generic_probe,Generic probe,generic70,quantile,0.25,0.75,0.001,,0.1,0.1,0.5905572755417956,0.6106811145510838,0.020123839009288158,0.9852941176470589,0.9264705882352942,-0.05882352941176472,0.6052631578947368,0.6842105263157895,0.07894736842105265,8,11
24,matched_split_cutlass,Split-matched cutlass,legacy67,quantile,0.25,0.75,0.001,,0.1,0.1,0.7485714285714287,0.6733333333333333,-0.07523809523809533,0.9866666666666667,0.84,-0.14666666666666672,0.7619047619047619,0.8333333333333334,0.07142857142857151,6,11
24,legacy_rectifier_bridge,Legacy rectifier bridge,legacy67,minmax,,,0.0,,0.1,0.1,0.7485714285714287,0.8438095238095238,0.09523809523809512,0.9866666666666667,0.9866666666666667,0.0,0.7619047619047619,0.8571428571428571,0.09523809523809523,6,8
24,published_like_legacy,Published-like legacy,legacy67,minmax,,,0.0,,10.0,10.0,0.7590476190476192,0.8990476190476189,0.13999999999999968,0.9733333333333334,0.9466666666666667,-0.026666666666666727,0.7857142857142857,0.9523809523809523,0.16666666666666663,32,31
25,generic_probe,Generic probe,generic70,quantile,0.25,0.75,0.001,,0.1,0.1,0.6842105263157894,0.640092879256966,-0.04411764705882337,1.0,0.9558823529411765,-0.044117647058823484,0.6842105263157895,0.6842105263157895,0.0,9,13
25,matched_split_cutlass,Split-matched cutlass,legacy67,quantile,0.25,0.75,0.001,,0.1,0.1,0.6666666666666665,0.7323809523809524,0.06571428571428584,1.0,0.9466666666666667,-0.053333333333333344,0.6666666666666666,0.7857142857142857,0.11904761904761907,9,12
25,legacy_rectifier_bridge,Legacy rectifier bridge,legacy67,minmax,,,0.0,,0.1,0.1,0.6666666666666665,0.7142857142857144,0.047619047619047894,1.0,1.0,0.0,0.6666666666666666,0.7142857142857143,0.04761904761904767,9,6
25,published_like_legacy,Published-like legacy,legacy67,minmax,,,0.0,,10.0,10.0,0.6638095238095238,0.8200000000000001,0.1561904761904762,0.9733333333333334,0.9866666666666667,0.013333333333333308,0.6904761904761905,0.8333333333333334,0.1428571428571429,30,28
26,generic_probe,Generic probe,generic70,quantile,0.25,0.75,0.001,,0.1,0.1,0.6578947368421053,0.423374613003096,-0.23452012383900933,1.0,0.8970588235294118,-0.1029411764705882,0.6578947368421053,0.5263157894736842,-0.13157894736842113,7,12
26,matched_split_cutlass,Split-matched cutlass,legacy67,quantile,0.25,0.75,0.001,,0.1,0.1,0.6533333333333333,0.6104761904761906,-0.042857142857142705,0.9866666666666667,0.92,-0.06666666666666665,0.6666666666666666,0.6904761904761905,0.023809523809523836,9,9
26,legacy_rectifier_bridge,Legacy rectifier bridge,legacy67,minmax,,,0.0,,0.1,0.1,0.6533333333333333,0.6666666666666665,0.013333333333333197,0.9866666666666667,1.0,0.013333333333333308,0.6666666666666666,0.6666666666666666,0.0,9,7
26,published_like_legacy,Published-like legacy,legacy67,minmax,,,0.0,,10.0,10.0,0.6638095238095238,0.9152380952380952,0.25142857142857133,0.9733333333333334,0.9866666666666667,0.013333333333333308,0.6904761904761905,0.9285714285714286,0.23809523809523814,31,29
27,generic_probe,Generic probe,generic70,quantile,0.25,0.75,0.001,,0.1,0.1,0.6137770897832819,0.6896284829721364,0.07585139318885448,0.9558823529411765,0.9264705882352942,-0.02941176470588236,0.6578947368421053,0.7631578947368421,0.10526315789473684,7,12
27,matched_split_cutlass,Split-matched cutlass,legacy67,quantile,0.25,0.75,0.001,,0.1,0.1,0.7247619047619049,0.6390476190476191,-0.08571428571428585,0.9866666666666667,0.8533333333333334,-0.1333333333333333,0.7380952380952381,0.7857142857142857,0.04761904761904756,8,11
27,legacy_rectifier_bridge,Legacy rectifier bridge,legacy67,minmax,,,0.0,,0.1,0.1,0.7247619047619049,0.7723809523809524,0.04761904761904745,0.9866666666666667,0.9866666666666667,0.0,0.7380952380952381,0.7857142857142857,0.04761904761904756,8,5
27,published_like_legacy,Published-like legacy,legacy67,minmax,,,0.0,,10.0,10.0,0.6714285714285715,0.8752380952380951,0.20380952380952366,0.9333333333333333,0.9466666666666667,0.013333333333333308,0.7380952380952381,0.9285714285714286,0.19047619047619047,32,30
28,generic_probe,Generic probe,generic70,quantile,0.25,0.75,0.001,,0.1,0.1,0.5642414860681115,0.5727554179566563,0.008513931888544768,0.9852941176470589,0.9411764705882353,-0.044117647058823595,0.5789473684210527,0.631578947368421,0.05263157894736836,8,13
28,matched_split_cutlass,Split-matched cutlass,legacy67,quantile,0.25,0.75,0.001,,0.1,0.1,0.6714285714285715,0.599047619047619,-0.07238095238095243,0.9333333333333333,0.8133333333333334,-0.12,0.7380952380952381,0.7857142857142857,0.04761904761904756,8,11
28,legacy_rectifier_bridge,Legacy rectifier bridge,legacy67,minmax,,,0.0,,0.1,0.1,0.6714285714285715,0.8380952380952382,0.16666666666666674,0.9333333333333333,0.9333333333333333,0.0,0.7380952380952381,0.9047619047619048,0.16666666666666663,8,6
28,published_like_legacy,Published-like legacy,legacy67,minmax,,,0.0,,10.0,10.0,0.7428571428571429,0.7819047619047619,0.039047619047619,0.9333333333333333,0.8533333333333334,-0.07999999999999996,0.8095238095238095,0.9285714285714286,0.11904761904761907,30,10
29,generic_probe,Generic probe,generic70,quantile,0.25,0.75,0.001,,0.1,0.1,0.7012383900928794,0.6277089783281733,-0.07352941176470607,0.9117647058823529,0.8382352941176471,-0.07352941176470584,0.7894736842105263,0.7894736842105263,0.0,9,13
29,matched_split_cutlass,Split-matched cutlass,legacy67,quantile,0.25,0.75,0.001,,0.1,0.1,0.6161904761904764,0.578095238095238,-0.038095238095238404,0.9733333333333334,0.84,-0.13333333333333341,0.6428571428571429,0.7380952380952381,0.09523809523809523,8,12
29,legacy_rectifier_bridge,Legacy rectifier bridge,legacy67,minmax,,,0.0,,0.1,0.1,0.6161904761904764,0.6666666666666665,0.05047619047619012,0.9733333333333334,1.0,0.026666666666666616,0.6428571428571429,0.6666666666666666,0.023809523809523725,8,9
29,published_like_legacy,Published-like legacy,legacy67,minmax,,,0.0,,10.0,10.0,0.5866666666666667,0.74,0.15333333333333332,0.92,0.9066666666666666,-0.01333333333333342,0.6666666666666666,0.8333333333333334,0.16666666666666674,31,22
30,generic_probe,Generic probe,generic70,quantile,0.25,0.75,0.001,,0.1,0.1,0.6137770897832819,0.651702786377709,0.037925696594427016,0.9558823529411765,0.9411764705882353,-0.014705882352941235,0.6578947368421053,0.7105263157894737,0.05263157894736836,8,14
30,matched_split_cutlass,Split-matched cutlass,legacy67,quantile,0.25,0.75,0.001,,0.1,0.1,0.5819047619047619,0.78,0.1980952380952381,0.9866666666666667,0.9466666666666667,-0.040000000000000036,0.5952380952380952,0.8333333333333334,0.23809523809523814,7,10
30,legacy_rectifier_bridge,Legacy rectifier bridge,legacy67,minmax,,,0.0,,0.1,0.1,0.5819047619047619,0.6742857142857144,0.09238095238095245,0.9866666666666667,0.96,-0.026666666666666727,0.5952380952380952,0.7142857142857143,0.11904761904761907,7,4
30,published_like_legacy,Published-like legacy,legacy67,minmax,,,0.0,,10.0,10.0,0.6923809523809523,0.8304761904761904,0.13809523809523805,0.9066666666666666,0.9733333333333334,0.06666666666666676,0.7857142857142857,0.8571428571428571,0.0714285714285714,32,29
31,generic_probe,Generic probe,generic70,quantile,0.25,0.75,0.001,,0.1,0.1,0.640092879256966,0.6486068111455108,0.008513931888544768,0.9558823529411765,0.9117647058823529,-0.044117647058823595,0.6842105263157895,0.7368421052631579,0.05263157894736836,8,10
31,matched_split_cutlass,Split-matched cutlass,legacy67,quantile,0.25,0.75,0.001,,0.1,0.1,0.5819047619047619,0.6028571428571428,0.020952380952380834,0.9866666666666667,0.96,-0.026666666666666727,0.5952380952380952,0.6428571428571429,0.04761904761904767,7,10
31,legacy_rectifier_bridge,Legacy rectifier bridge,legacy67,minmax,,,0.0,,0.1,0.1,0.5819047619047619,0.6190476190476191,0.037142857142857144,0.9866666666666667,1.0,0.013333333333333308,0.5952380952380952,0.6190476190476191,0.023809523809523836,7,7
31,published_like_legacy,Published-like legacy,legacy67,minmax,,,0.0,,10.0,10.0,0.7323809523809524,0.7723809523809524,0.040000000000000036,0.9466666666666667,0.9866666666666667,0.040000000000000036,0.7857142857142857,0.7857142857142857,0.0,32,30
32,generic_probe,Generic probe,generic70,quantile,0.25,0.75,0.001,,0.1,0.1,0.5348297213622293,0.6044891640866874,0.06965944272445812,0.9558823529411765,0.8676470588235294,-0.08823529411764708,0.5789473684210527,0.7368421052631579,0.1578947368421052,9,12
32,matched_split_cutlass,Split-matched cutlass,legacy67,quantile,0.25,0.75,0.001,,0.1,0.1,0.6161904761904764,0.6980952380952381,0.0819047619047617,0.9733333333333334,0.96,-0.01333333333333342,0.6428571428571429,0.7380952380952381,0.09523809523809523,9,10
32,legacy_rectifier_bridge,Legacy rectifier bridge,legacy67,minmax,,,0.0,,0.1,0.1,0.6161904761904764,0.700952380952381,0.0847619047619046,0.9733333333333334,0.9866666666666667,0.013333333333333308,0.6428571428571429,0.7142857142857143,0.0714285714285714,9,7
32,published_like_legacy,Published-like legacy,legacy67,minmax,,,0.0,,10.0,10.0,0.7695238095238095,0.8780952380952383,0.10857142857142876,0.96,0.9733333333333334,0.01333333333333342,0.8095238095238095,0.9047619047619048,0.09523809523809523,32,30
33,generic_probe,Generic probe,generic70,quantile,0.25,0.75,0.001,,0.1,0.1,0.6052631578947367,0.771671826625387,0.1664086687306503,1.0,0.9558823529411765,-0.044117647058823484,0.6052631578947368,0.8157894736842105,0.21052631578947367,6,12
33,matched_split_cutlass,Split-matched cutlass,legacy67,quantile,0.25,0.75,0.001,,0.1,0.1,0.6742857142857144,0.6628571428571428,-0.011428571428571566,0.96,0.8533333333333334,-0.10666666666666658,0.7142857142857143,0.8095238095238095,0.09523809523809523,6,9
33,legacy_rectifier_bridge,Legacy rectifier bridge,legacy67,minmax,,,0.0,,0.1,0.1,0.6742857142857144,0.7723809523809524,0.09809523809523801,0.96,0.9866666666666667,0.026666666666666727,0.7142857142857143,0.7857142857142857,0.0714285714285714,6,8
33,published_like_legacy,Published-like legacy,legacy67,minmax,,,0.0,,10.0,10.0,0.7133333333333334,0.861904761904762,0.14857142857142858,0.88,0.9333333333333333,0.053333333333333344,0.8333333333333334,0.9285714285714286,0.09523809523809523,32,28
34,generic_probe,Generic probe,generic70,quantile,0.25,0.75,0.001,,0.1,0.1,0.8126934984520124,0.8243034055727554,0.011609907120742946,0.9705882352941176,0.9558823529411765,-0.014705882352941124,0.8421052631578947,0.868421052631579,0.026315789473684292,10,14
34,matched_split_cutlass,Split-matched cutlass,legacy67,quantile,0.25,0.75,0.001,,0.1,0.1,0.6028571428571428,0.5733333333333333,-0.029523809523809508,0.96,0.9066666666666666,-0.053333333333333344,0.6428571428571429,0.6666666666666666,0.023809523809523725,6,14
34,legacy_rectifier_bridge,Legacy rectifier bridge,legacy67,minmax,,,0.0,,0.1,0.1,0.6028571428571428,0.7857142857142856,0.18285714285714283,0.96,1.0,0.040000000000000036,0.6428571428571429,0.7857142857142857,0.1428571428571428,6,7
34,published_like_legacy,Published-like legacy,legacy67,minmax,,,0.0,,10.0,10.0,0.6447619047619049,0.861904761904762,0.21714285714285708,0.9066666666666666,0.9333333333333333,0.026666666666666727,0.7380952380952381,0.9285714285714286,0.19047619047619047,30,10
35,generic_probe,Generic probe,generic70,quantile,0.25,0.75,0.001,,0.1,0.1,0.6253869969040249,0.543343653250774,-0.08204334365325083,0.9411764705882353,0.9117647058823529,-0.02941176470588236,0.6842105263157895,0.631578947368421,-0.052631578947368474,7,12
35,matched_split_cutlass,Split-matched cutlass,legacy67,quantile,0.25,0.75,0.001,,0.1,0.1,0.5314285714285714,0.6504761904761904,0.11904761904761907,0.96,0.96,0.0,0.5714285714285714,0.6904761904761905,0.11904761904761907,8,10
35,legacy_rectifier_bridge,Legacy rectifier bridge,legacy67,minmax,,,0.0,,0.1,0.1,0.5314285714285714,0.5552380952380953,0.023809523809523947,0.96,0.96,0.0,0.5714285714285714,0.5952380952380952,0.023809523809523836,8,8
35,published_like_legacy,Published-like legacy,legacy67,minmax,,,0.0,,10.0,10.0,0.677142857142857,0.8142857142857143,0.13714285714285723,0.9866666666666667,0.9333333333333333,-0.053333333333333344,0.6904761904761905,0.8809523809523809,0.19047619047619047,28,30
36,generic_probe,Generic probe,generic70,quantile,0.25,0.75,0.001,,0.1,0.1,0.6958204334365325,0.8095975232198143,0.11377708978328172,0.9852941176470589,0.9411764705882353,-0.044117647058823595,0.7105263157894737,0.868421052631579,0.1578947368421053,9,12
36,matched_split_cutlass,Split-matched cutlass,legacy67,quantile,0.25,0.75,0.001,,0.1,0.1,0.5180952380952379,0.5914285714285716,0.0733333333333337,0.9466666666666667,0.8533333333333334,-0.09333333333333327,0.5714285714285714,0.7380952380952381,0.16666666666666674,8,13
36,legacy_rectifier_bridge,Legacy rectifier bridge,legacy67,minmax,,,0.0,,0.1,0.1,0.5180952380952379,0.5209523809523811,0.0028571428571431134,0.9466666666666667,0.9733333333333334,0.026666666666666727,0.5714285714285714,0.5476190476190477,-0.023809523809523725,8,6
36,published_like_legacy,Published-like legacy,legacy67,minmax,,,0.0,,10.0,10.0,0.7114285714285715,0.8409523809523809,0.12952380952380937,0.9733333333333334,0.96,-0.01333333333333342,0.7380952380952381,0.8809523809523809,0.1428571428571428,33,32
37,generic_probe,Generic probe,generic70,quantile,0.25,0.75,0.001,,0.1,0.1,0.7600619195046439,0.780185758513932,0.020123839009288158,0.9705882352941176,0.9117647058823529,-0.05882352941176472,0.7894736842105263,0.868421052631579,0.07894736842105265,7,11
37,matched_split_cutlass,Split-matched cutlass,legacy67,quantile,0.25,0.75,0.001,,0.1,0.1,0.6876190476190476,0.7323809523809524,0.04476190476190478,0.9733333333333334,0.9466666666666667,-0.026666666666666727,0.7142857142857143,0.7857142857142857,0.0714285714285714,10,12
37,legacy_rectifier_bridge,Legacy rectifier bridge,legacy67,minmax,,,0.0,,0.1,0.1,0.6876190476190476,0.7380952380952381,0.05047619047619056,0.9733333333333334,1.0,0.026666666666666616,0.7142857142857143,0.7380952380952381,0.023809523809523836,10,6
37,published_like_legacy,Published-like legacy,legacy67,minmax,,,0.0,,10.0,10.0,0.6104761904761906,0.8276190476190477,0.21714285714285708,0.92,0.9466666666666667,0.026666666666666616,0.6904761904761905,0.8809523809523809,0.19047619047619047,32,26
38,generic_probe,Generic probe,generic70,quantile,0.25,0.75,0.001,,0.1,0.1,0.7747678018575852,0.5665634674922599,-0.20820433436532526,0.9852941176470589,0.8823529411764706,-0.10294117647058831,0.7894736842105263,0.6842105263157895,-0.10526315789473684,7,13
38,matched_split_cutlass,Split-matched cutlass,legacy67,quantile,0.25,0.75,0.001,,0.1,0.1,0.700952380952381,0.4933333333333332,-0.20761904761904781,0.9866666666666667,0.8266666666666667,-0.16000000000000003,0.7142857142857143,0.6666666666666666,-0.04761904761904767,8,10
38,legacy_rectifier_bridge,Legacy rectifier bridge,legacy67,minmax,,,0.0,,0.1,0.1,0.700952380952381,0.6533333333333333,-0.04761904761904767,0.9866666666666667,0.9866666666666667,0.0,0.7142857142857143,0.6666666666666666,-0.04761904761904767,8,7
38,published_like_legacy,Published-like legacy,legacy67,minmax,,,0.0,,10.0,10.0,0.6209523809523809,0.8171428571428572,0.19619047619047625,0.9066666666666666,0.96,0.053333333333333344,0.7142857142857143,0.8571428571428571,0.1428571428571428,31,23
39,generic_probe,Generic probe,generic70,quantile,0.25,0.75,0.001,,0.1,0.1,0.6578947368421053,0.47600619195046434,-0.18188854489164097,1.0,0.8970588235294118,-0.1029411764705882,0.6578947368421053,0.5789473684210527,-0.07894736842105265,8,11
39,matched_split_cutlass,Split-matched cutlass,legacy67,quantile,0.25,0.75,0.001,,0.1,0.1,0.6714285714285715,0.6819047619047618,0.010476190476190306,0.9333333333333333,0.92,-0.013333333333333308,0.7380952380952381,0.7619047619047619,0.023809523809523725,7,11
39,legacy_rectifier_bridge,Legacy rectifier bridge,legacy67,minmax,,,0.0,,0.1,0.1,0.6714285714285715,0.6904761904761905,0.01904761904761898,0.9333333333333333,1.0,0.06666666666666665,0.7380952380952381,0.6904761904761905,-0.04761904761904767,7,8
39,published_like_legacy,Published-like legacy,legacy67,minmax,,,0.0,,10.0,10.0,0.6523809523809523,0.8409523809523809,0.1885714285714286,0.8666666666666667,0.96,0.09333333333333327,0.7857142857142857,0.8809523809523809,0.09523809523809523,30,26
40,generic_probe,Generic probe,generic70,quantile,0.25,0.75,0.001,,0.1,0.1,0.7221362229102168,0.6571207430340558,-0.06501547987616108,0.9852941176470589,0.8676470588235294,-0.11764705882352944,0.7368421052631579,0.7894736842105263,0.052631578947368474,8,14
40,matched_split_cutlass,Split-matched cutlass,legacy67,quantile,0.25,0.75,0.001,,0.1,0.1,0.5104761904761905,0.5809523809523811,0.07047619047619058,0.9866666666666667,0.8666666666666667,-0.12,0.5238095238095238,0.7142857142857143,0.19047619047619047,6,12
40,legacy_rectifier_bridge,Legacy rectifier bridge,legacy67,minmax,,,0.0,,0.1,0.1,0.5104761904761905,0.677142857142857,0.16666666666666652,0.9866666666666667,0.9866666666666667,0.0,0.5238095238095238,0.6904761904761905,0.16666666666666663,6,6
40,published_like_legacy,Published-like legacy,legacy67,minmax,,,0.0,,10.0,10.0,0.597142857142857,0.8009523809523809,0.20380952380952388,0.9066666666666666,0.92,0.01333333333333342,0.6904761904761905,0.8809523809523809,0.19047619047619047,32,29
41,generic_probe,Generic probe,generic70,quantile,0.25,0.75,0.001,,0.1,0.1,0.6958204334365325,0.5696594427244581,-0.12616099071207443,0.9852941176470589,0.9117647058823529,-0.07352941176470595,0.7105263157894737,0.6578947368421053,-0.05263157894736836,7,11
41,matched_split_cutlass,Split-matched cutlass,legacy67,quantile,0.25,0.75,0.001,,0.1,0.1,0.700952380952381,0.7266666666666666,0.02571428571428558,0.9866666666666667,0.8933333333333333,-0.09333333333333338,0.7142857142857143,0.8333333333333334,0.11904761904761907,8,10
41,legacy_rectifier_bridge,Legacy rectifier bridge,legacy67,minmax,,,0.0,,0.1,0.1,0.700952380952381,0.7619047619047619,0.06095238095238087,0.9866666666666667,1.0,0.013333333333333308,0.7142857142857143,0.7619047619047619,0.04761904761904756,8,8
41,published_like_legacy,Published-like legacy,legacy67,minmax,,,0.0,,10.0,10.0,0.700952380952381,0.8676190476190477,0.16666666666666674,0.9866666666666667,0.9866666666666667,0.0,0.7142857142857143,0.8809523809523809,0.16666666666666663,33,24
42,generic_probe,Generic probe,generic70,quantile,0.25,0.75,0.001,,0.1,0.1,0.7747678018575852,0.7159442724458205,-0.05882352941176472,0.9852941176470589,0.9264705882352942,-0.05882352941176472,0.7894736842105263,0.7894736842105263,0.0,9,10
42,matched_split_cutlass,Split-matched cutlass,legacy67,quantile,0.25,0.75,0.001,,0.1,0.1,0.6295238095238096,0.5866666666666667,-0.04285714285714293,0.9866666666666667,0.92,-0.06666666666666665,0.6428571428571429,0.6666666666666666,0.023809523809523725,9,11
42,legacy_rectifier_bridge,Legacy rectifier bridge,legacy67,minmax,,,0.0,,0.1,0.1,0.6295238095238096,0.6428571428571428,0.013333333333333197,0.9866666666666667,1.0,0.013333333333333308,0.6428571428571429,0.6428571428571429,0.0,9,7
42,published_like_legacy,Published-like legacy,legacy67,minmax,,,0.0,,10.0,10.0,0.5685714285714285,0.8200000000000001,0.25142857142857156,0.9733333333333334,0.9866666666666667,0.013333333333333308,0.5952380952380952,0.8333333333333334,0.23809523809523814,30,29
43,generic_probe,Generic probe,generic70,quantile,0.25,0.75,0.001,,0.1,0.1,0.6284829721362231,0.6633126934984519,0.03482972136222884,0.9705882352941176,0.9264705882352942,-0.044117647058823484,0.6578947368421053,0.7368421052631579,0.07894736842105254,7,13
43,matched_split_cutlass,Split-matched cutlass,legacy67,quantile,0.25,0.75,0.001,,0.1,0.1,0.5314285714285714,0.6476190476190475,0.11619047619047618,0.96,0.9333333333333333,-0.026666666666666616,0.5714285714285714,0.7142857142857143,0.1428571428571429,9,11
43,legacy_rectifier_bridge,Legacy rectifier bridge,legacy67,minmax,,,0.0,,0.1,0.1,0.5314285714285714,0.7219047619047618,0.19047619047619047,0.96,0.96,0.0,0.5714285714285714,0.7619047619047619,0.19047619047619047,9,7
43,published_like_legacy,Published-like legacy,legacy67,minmax,,,0.0,,10.0,10.0,0.6876190476190476,0.7771428571428571,0.08952380952380956,0.9733333333333334,0.92,-0.053333333333333344,0.7142857142857143,0.8571428571428571,0.1428571428571428,31,30
44,generic_probe,Generic probe,generic70,quantile,0.25,0.75,0.001,,0.1,0.1,0.7221362229102168,0.640092879256966,-0.08204334365325083,0.9852941176470589,0.9558823529411765,-0.02941176470588236,0.7368421052631579,0.6842105263157895,-0.05263157894736836,9,9
44,matched_split_cutlass,Split-matched cutlass,legacy67,quantile,0.25,0.75,0.001,,0.1,0.1,0.6400000000000001,0.5733333333333333,-0.06666666666666687,0.9733333333333334,0.9066666666666666,-0.06666666666666676,0.6666666666666666,0.6666666666666666,0.0,6,13
44,legacy_rectifier_bridge,Legacy rectifier bridge,legacy67,minmax,,,0.0,,0.1,0.1,0.6400000000000001,0.700952380952381,0.06095238095238087,0.9733333333333334,0.9866666666666667,0.013333333333333308,0.6666666666666666,0.7142857142857143,0.04761904761904767,6,7
44,published_like_legacy,Published-like legacy,legacy67,minmax,,,0.0,,10.0,10.0,0.7295238095238097,0.8647619047619046,0.13523809523809494,0.92,0.96,0.039999999999999925,0.8095238095238095,0.9047619047619048,0.09523809523809523,32,28
45,generic_probe,Generic probe,generic70,quantile,0.25,0.75,0.001,,0.1,0.1,0.5379256965944275,0.6695046439628483,0.1315789473684208,0.9852941176470589,0.9852941176470589,0.0,0.5526315789473685,0.6842105263157895,0.13157894736842102,6,11
45,matched_split_cutlass,Split-matched cutlass,legacy67,quantile,0.25,0.75,0.001,,0.1,0.1,0.6028571428571428,0.7638095238095237,0.16095238095238096,0.96,0.9066666666666666,-0.053333333333333344,0.6428571428571429,0.8571428571428571,0.2142857142857142,7,13
45,legacy_rectifier_bridge,Legacy rectifier bridge,legacy67,minmax,,,0.0,,0.1,0.1,0.6028571428571428,0.6504761904761904,0.04761904761904767,0.96,0.96,0.0,0.6428571428571429,0.6904761904761905,0.04761904761904756,7,8
45,published_like_legacy,Published-like legacy,legacy67,minmax,,,0.0,,10.0,10.0,0.7590476190476192,0.8009523809523809,0.04190476190476167,0.9733333333333334,0.92,-0.053333333333333344,0.7857142857142857,0.8809523809523809,0.09523809523809523,33,25
46,generic_probe,Generic probe,generic70,quantile,0.25,0.75,0.001,,0.1,0.1,0.6811145510835912,0.6927244582043344,0.011609907120743168,0.9705882352941176,0.9558823529411765,-0.014705882352941124,0.7105263157894737,0.7368421052631579,0.02631578947368418,8,13
46,matched_split_cutlass,Split-matched cutlass,legacy67,quantile,0.25,0.75,0.001,,0.1,0.1,0.7190476190476192,0.6285714285714286,-0.0904761904761906,0.9333333333333333,0.8666666666666667,-0.06666666666666665,0.7857142857142857,0.7619047619047619,-0.023809523809523836,7,10
46,legacy_rectifier_bridge,Legacy rectifier bridge,legacy67,minmax,,,0.0,,0.1,0.1,0.7190476190476192,0.6533333333333333,-0.06571428571428584,0.9333333333333333,0.9866666666666667,0.053333333333333344,0.7857142857142857,0.6666666666666666,-0.11904761904761907,7,8
46,published_like_legacy,Published-like legacy,legacy67,minmax,,,0.0,,10.0,10.0,0.6019047619047617,0.8485714285714288,0.24666666666666703,0.84,0.92,0.08000000000000007,0.7619047619047619,0.9285714285714286,0.16666666666666674,31,29
47,generic_probe,Generic probe,generic70,quantile,0.25,0.75,0.001,,0.1,0.1,0.5905572755417956,0.6369969040247678,0.04643962848297223,0.9852941176470589,0.9264705882352942,-0.05882352941176472,0.6052631578947368,0.7105263157894737,0.10526315789473684,7,13
47,matched_split_cutlass,Split-matched cutlass,legacy67,quantile,0.25,0.75,0.001,,0.1,0.1,0.6876190476190476,0.6447619047619049,-0.042857142857142705,0.9733333333333334,0.9066666666666666,-0.06666666666666676,0.7142857142857143,0.7380952380952381,0.023809523809523836,9,12
47,legacy_rectifier_bridge,Legacy rectifier bridge,legacy67,minmax,,,0.0,,0.1,0.1,0.6876190476190476,0.7142857142857144,0.02666666666666684,0.9733333333333334,1.0,0.026666666666666616,0.7142857142857143,0.7142857142857143,0.0,9,8
47,published_like_legacy,Published-like legacy,legacy67,minmax,,,0.0,,10.0,10.0,0.6504761904761904,0.8990476190476189,0.24857142857142844,0.96,0.9466666666666667,-0.013333333333333308,0.6904761904761905,0.9523809523809523,0.26190476190476186,33,30
48,generic_probe,Generic probe,generic70,quantile,0.25,0.75,0.001,,0.1,0.1,0.6284829721362231,0.5317337461300311,-0.09674922600619196,0.9705882352941176,0.9264705882352942,-0.044117647058823484,0.6578947368421053,0.6052631578947368,-0.052631578947368474,7,8
48,matched_split_cutlass,Split-matched cutlass,legacy67,quantile,0.25,0.75,0.001,,0.1,0.1,0.6161904761904764,0.6447619047619049,0.02857142857142847,0.9733333333333334,0.9066666666666666,-0.06666666666666676,0.6428571428571429,0.7380952380952381,0.09523809523809523,8,12
48,legacy_rectifier_bridge,Legacy rectifier bridge,legacy67,minmax,,,0.0,,0.1,0.1,0.6161904761904764,0.6876190476190476,0.07142857142857117,0.9733333333333334,0.9733333333333334,0.0,0.6428571428571429,0.7142857142857143,0.0714285714285714,8,6
48,published_like_legacy,Published-like legacy,legacy67,minmax,,,0.0,,10.0,10.0,0.6790476190476191,0.8380952380952382,0.1590476190476191,0.8933333333333333,0.9333333333333333,0.040000000000000036,0.7857142857142857,0.9047619047619048,0.11904761904761907,31,27
49,generic_probe,Generic probe,generic70,quantile,0.25,0.75,0.001,,0.1,0.1,0.5495356037151704,0.5077399380804954,-0.04179566563467496,0.9705882352941176,0.8235294117647058,-0.1470588235294118,0.5789473684210527,0.6842105263157895,0.10526315789473684,8,11
49,matched_split_cutlass,Split-matched cutlass,legacy67,quantile,0.25,0.75,0.001,,0.1,0.1,0.6742857142857144,0.6714285714285715,-0.0028571428571428914,0.96,0.9333333333333333,-0.026666666666666616,0.7142857142857143,0.7380952380952381,0.023809523809523836,7,10
49,legacy_rectifier_bridge,Legacy rectifier bridge,legacy67,minmax,,,0.0,,0.1,0.1,0.6742857142857144,0.7619047619047619,0.08761904761904749,0.96,1.0,0.040000000000000036,0.7142857142857143,0.7619047619047619,0.04761904761904756,7,9
49,published_like_legacy,Published-like legacy,legacy67,minmax,,,0.0,,10.0,10.0,0.6580952380952381,0.8200000000000001,0.161904761904762,0.92,0.9866666666666667,0.06666666666666665,0.7380952380952381,0.8333333333333334,0.09523809523809523,33,28
50,generic_probe,Generic probe,generic70,quantile,0.25,0.75,0.001,,0.1,0.1,0.6547987616099071,0.7244582043343653,0.06965944272445812,0.9705882352941176,0.8823529411764706,-0.08823529411764708,0.6842105263157895,0.8421052631578947,0.1578947368421052,8,8
50,matched_split_cutlass,Split-matched cutlass,legacy67,quantile,0.25,0.75,0.001,,0.1,0.1,0.6638095238095238,0.6342857142857143,-0.029523809523809508,0.9733333333333334,0.92,-0.053333333333333344,0.6904761904761905,0.7142857142857143,0.023809523809523836,7,11
50,legacy_rectifier_bridge,Legacy rectifier bridge,legacy67,minmax,,,0.0,,0.1,0.1,0.6638095238095238,0.6904761904761905,0.026666666666666616,0.9733333333333334,1.0,0.026666666666666616,0.6904761904761905,0.6904761904761905,0.0,7,8
50,published_like_legacy,Published-like legacy,legacy67,minmax,,,0.0,,10.0,10.0,0.6342857142857143,0.8809523809523809,0.2466666666666666,0.92,1.0,0.07999999999999996,0.7142857142857143,0.8809523809523809,0.16666666666666663,31,25
51,generic_probe,Generic probe,generic70,quantile,0.25,0.75,0.001,,0.1,0.1,0.7484520123839009,0.8390092879256965,0.0905572755417956,0.9852941176470589,0.9705882352941176,-0.014705882352941235,0.7631578947368421,0.868421052631579,0.10526315789473684,9,12
51,matched_split_cutlass,Split-matched cutlass,legacy67,quantile,0.25,0.75,0.001,,0.1,0.1,0.7085714285714286,0.6847619047619049,-0.023809523809523725,0.9466666666666667,0.9466666666666667,0.0,0.7619047619047619,0.7380952380952381,-0.023809523809523725,6,12
51,legacy_rectifier_bridge,Legacy rectifier bridge,legacy67,minmax,,,0.0,,0.1,0.1,0.7085714285714286,0.8380952380952382,0.1295238095238096,0.9466666666666667,0.9333333333333333,-0.013333333333333308,0.7619047619047619,0.9047619047619048,0.1428571428571429,6,4
51,published_like_legacy,Published-like legacy,legacy67,minmax,,,0.0,,10.0,10.0,0.7457142857142856,0.7685714285714287,0.02285714285714313,0.96,0.84,-0.12,0.7857142857142857,0.9285714285714286,0.1428571428571429,30,11
52,generic_probe,Generic probe,generic70,quantile,0.25,0.75,0.001,,0.1,0.1,0.6284829721362231,0.6044891640866874,-0.02399380804953566,0.9705882352941176,0.8676470588235294,-0.1029411764705882,0.6578947368421053,0.7368421052631579,0.07894736842105254,8,13
52,matched_split_cutlass,Split-matched cutlass,legacy67,quantile,0.25,0.75,0.001,,0.1,0.1,0.6428571428571428,0.637142857142857,-0.005714285714285783,1.0,0.9466666666666667,-0.053333333333333344,0.6428571428571429,0.6904761904761905,0.04761904761904756,6,12
52,legacy_rectifier_bridge,Legacy rectifier bridge,legacy67,minmax,,,0.0,,0.1,0.1,0.6428571428571428,0.5952380952380953,-0.04761904761904745,1.0,1.0,0.0,0.6428571428571429,0.5952380952380952,-0.04761904761904767,6,6
52,published_like_legacy,Published-like legacy,legacy67,minmax,,,0.0,,10.0,10.0,0.7933333333333334,0.8752380952380951,0.0819047619047617,0.96,0.9466666666666667,-0.013333333333333308,0.8333333333333334,0.9285714285714286,0.09523809523809523,30,31
53,generic_probe,Generic probe,generic70,quantile,0.25,0.75,0.001,,0.1,0.1,0.6664086687306501,0.618421052631579,-0.047987616099071095,0.9558823529411765,0.75,-0.20588235294117652,0.7105263157894737,0.868421052631579,0.1578947368421053,8,11
53,matched_split_cutlass,Split-matched cutlass,legacy67,quantile,0.25,0.75,0.001,,0.1,0.1,0.6161904761904764,0.6314285714285715,0.01523809523809505,0.9733333333333334,0.8933333333333333,-0.08000000000000007,0.6428571428571429,0.7380952380952381,0.09523809523809523,9,12
53,legacy_rectifier_bridge,Legacy rectifier bridge,legacy67,minmax,,,0.0,,0.1,0.1,0.6161904761904764,0.6295238095238096,0.013333333333333197,0.9733333333333334,0.9866666666666667,0.013333333333333308,0.6428571428571429,0.6428571428571429,0.0,9,7
53,published_like_legacy,Published-like legacy,legacy67,minmax,,,0.0,,10.0,10.0,0.6819047619047618,0.7504761904761903,0.0685714285714285,0.92,0.8933333333333333,-0.026666666666666727,0.7619047619047619,0.8571428571428571,0.09523809523809523,31,28
54,generic_probe,Generic probe,generic70,quantile,0.25,0.75,0.001,,0.1,0.1,0.5526315789473686,0.6013931888544892,0.04876160990712064,1.0,0.8382352941176471,-0.16176470588235292,0.5526315789473685,0.7631578947368421,0.21052631578947367,9,10
54,matched_split_cutlass,Split-matched cutlass,legacy67,quantile,0.25,0.75,0.001,,0.1,0.1,0.6638095238095238,0.6133333333333333,-0.05047619047619056,0.9733333333333334,0.9466666666666667,-0.026666666666666727,0.6904761904761905,0.6666666666666666,-0.023809523809523836,8,13
54,legacy_rectifier_bridge,Legacy rectifier bridge,legacy67,minmax,,,0.0,,0.1,0.1,0.6638095238095238,0.7380952380952381,0.07428571428571429,0.9733333333333334,1.0,0.026666666666666616,0.6904761904761905,0.7380952380952381,0.04761904761904767,8,8
54,published_like_legacy,Published-like legacy,legacy67,minmax,,,0.0,,10.0,10.0,0.7771428571428571,0.9285714285714286,0.15142857142857147,0.92,1.0,0.07999999999999996,0.8571428571428571,0.9285714285714286,0.07142857142857151,31,30
55,generic_probe,Generic probe,generic70,quantile,0.25,0.75,0.001,,0.1,0.1,0.6811145510835912,0.6369969040247678,-0.04411764705882337,0.9705882352941176,0.9264705882352942,-0.044117647058823484,0.7105263157894737,0.7105263157894737,0.0,8,13
55,matched_split_cutlass,Split-matched cutlass,legacy67,quantile,0.25,0.75,0.001,,0.1,0.1,0.7219047619047618,0.7428571428571429,0.020952380952381056,0.96,0.9333333333333333,-0.026666666666666616,0.7619047619047619,0.8095238095238095,0.04761904761904767,7,12
55,legacy_rectifier_bridge,Legacy rectifier bridge,legacy67,minmax,,,0.0,,0.1,0.1,0.7219047619047618,0.7323809523809524,0.010476190476190528,0.96,0.9466666666666667,-0.013333333333333308,0.7619047619047619,0.7857142857142857,0.023809523809523836,7,8
55,published_like_legacy,Published-like legacy,legacy67,minmax,,,0.0,,10.0,10.0,0.7085714285714286,0.8352380952380951,0.12666666666666648,0.9466666666666667,0.9066666666666666,-0.040000000000000036,0.7619047619047619,0.9285714285714286,0.16666666666666674,31,23
56,generic_probe,Generic probe,generic70,quantile,0.25,0.75,0.001,,0.1,0.1,0.631578947368421,0.6834365325077401,0.05185758513931904,1.0,0.8676470588235294,-0.13235294117647056,0.631578947368421,0.8157894736842105,0.1842105263157895,7,11
56,matched_split_cutlass,Split-matched cutlass,legacy67,quantile,0.25,0.75,0.001,,0.1,0.1,0.6428571428571428,0.6390476190476191,-0.003809523809523707,1.0,0.8533333333333334,-0.1466666666666666,0.6428571428571429,0.7857142857142857,0.1428571428571428,8,9
56,legacy_rectifier_bridge,Legacy rectifier bridge,legacy67,minmax,,,0.0,,0.1,0.1,0.6428571428571428,0.6266666666666665,-0.01619047619047631,1.0,0.96,-0.040000000000000036,0.6428571428571429,0.6666666666666666,0.023809523809523725,8,5
56,published_like_legacy,Published-like legacy,legacy67,minmax,,,0.0,,10.0,10.0,0.6028571428571428,0.7561904761904761,0.15333333333333332,0.96,0.9466666666666667,-0.013333333333333308,0.6428571428571429,0.8095238095238095,0.16666666666666663,30,22
57,generic_probe,Generic probe,generic70,quantile,0.25,0.75,0.001,,0.1,0.1,0.736842105263158,0.6277089783281733,-0.10913312693498467,1.0,0.8382352941176471,-0.16176470588235292,0.7368421052631579,0.7894736842105263,0.052631578947368474,10,10
57,matched_split_cutlass,Split-matched cutlass,legacy67,quantile,0.25,0.75,0.001,,0.1,0.1,0.5685714285714285,0.618095238095238,0.049523809523809526,0.9733333333333334,0.88,-0.09333333333333338,0.5952380952380952,0.7380952380952381,0.1428571428571429,8,14
57,legacy_rectifier_bridge,Legacy rectifier bridge,legacy67,minmax,,,0.0,,0.1,0.1,0.5685714285714285,0.7085714285714286,0.14000000000000012,0.9733333333333334,0.9466666666666667,-0.026666666666666727,0.5952380952380952,0.7619047619047619,0.16666666666666663,8,4
57,published_like_legacy,Published-like legacy,legacy67,minmax,,,0.0,,10.0,10.0,0.5314285714285714,0.7638095238095237,0.23238095238095235,0.96,0.9066666666666666,-0.053333333333333344,0.5714285714285714,0.8571428571428571,0.2857142857142857,32,9
58,generic_probe,Generic probe,generic70,quantile,0.25,0.75,0.001,,0.1,0.1,0.631578947368421,0.695046439628483,0.06346749226006199,1.0,0.8529411764705882,-0.1470588235294118,0.631578947368421,0.8421052631578947,0.21052631578947367,9,13
58,matched_split_cutlass,Split-matched cutlass,legacy67,quantile,0.25,0.75,0.001,,0.1,0.1,0.6295238095238096,0.6761904761904762,0.046666666666666634,0.9866666666666667,0.8666666666666667,-0.12,0.6428571428571429,0.8095238095238095,0.16666666666666663,9,12
58,legacy_rectifier_bridge,Legacy rectifier bridge,legacy67,minmax,,,0.0,,0.1,0.1,0.6295238095238096,0.7380952380952381,0.10857142857142854,0.9866666666666667,1.0,0.013333333333333308,0.6428571428571429,0.7380952380952381,0.09523809523809523,9,6
58,published_like_legacy,Published-like legacy,legacy67,minmax,,,0.0,,10.0,10.0,0.7190476190476192,0.8514285714285714,0.13238095238095227,0.9333333333333333,0.9466666666666667,0.013333333333333308,0.7857142857142857,0.9047619047619048,0.11904761904761907,30,29
59,generic_probe,Generic probe,generic70,quantile,0.25,0.75,0.001,,0.1,0.1,0.7600619195046439,0.7074303405572755,-0.05263157894736836,0.9705882352941176,0.9705882352941176,0.0,0.7894736842105263,0.7368421052631579,-0.052631578947368474,10,11
59,matched_split_cutlass,Split-matched cutlass,legacy67,quantile,0.25,0.75,0.001,,0.1,0.1,0.6295238095238096,0.6257142857142857,-0.003809523809523929,0.9866666666666667,0.84,-0.14666666666666672,0.6428571428571429,0.7857142857142857,0.1428571428571428,10,11
59,legacy_rectifier_bridge,Legacy rectifier bridge,legacy67,minmax,,,0.0,,0.1,0.1,0.6295238095238096,0.6133333333333333,-0.01619047619047631,0.9866666666666667,0.9466666666666667,-0.040000000000000036,0.6428571428571429,0.6666666666666666,0.023809523809523725,10,7
59,published_like_legacy,Published-like legacy,legacy67,minmax,,,0.0,,10.0,10.0,0.6161904761904764,0.6580952380952381,0.04190476190476167,0.9733333333333334,0.92,-0.053333333333333344,0.6428571428571429,0.7380952380952381,0.09523809523809523,31,26
60,generic_probe,Generic probe,generic70,quantile,0.25,0.75,0.001,,0.1,0.1,0.47058823529411775,0.7128482972136223,0.24226006191950455,0.9705882352941176,0.8970588235294118,-0.07352941176470584,0.5,0.8157894736842105,0.3157894736842105,9,11
60,matched_split_cutlass,Split-matched cutlass,legacy67,quantile,0.25,0.75,0.001,,0.1,0.1,0.7352380952380952,0.6628571428571428,-0.07238095238095243,0.9733333333333334,0.8533333333333334,-0.12,0.7619047619047619,0.8095238095238095,0.04761904761904767,10,16
60,legacy_rectifier_bridge,Legacy rectifier bridge,legacy67,minmax,,,0.0,,0.1,0.1,0.7352380952380952,0.8095238095238095,0.07428571428571429,0.9733333333333334,1.0,0.026666666666666616,0.7619047619047619,0.8095238095238095,0.04761904761904767,10,7
60,published_like_legacy,Published-like legacy,legacy67,minmax,,,0.0,,10.0,10.0,0.6447619047619049,0.8676190476190477,0.22285714285714286,0.9066666666666666,0.9866666666666667,0.08000000000000007,0.7380952380952381,0.8809523809523809,0.1428571428571428,33,27
61,generic_probe,Generic probe,generic70,quantile,0.25,0.75,0.001,,0.1,0.1,0.5758513931888545,0.5580495356037152,-0.017801857585139302,0.9705882352941176,0.9264705882352942,-0.044117647058823484,0.6052631578947368,0.631578947368421,0.02631578947368418,8,12
61,matched_split_cutlass,Split-matched cutlass,legacy67,quantile,0.25,0.75,0.001,,0.1,0.1,0.5895238095238096,0.5485714285714285,-0.04095238095238107,0.9466666666666667,0.7866666666666666,-0.16000000000000003,0.6428571428571429,0.7619047619047619,0.11904761904761896,6,12
61,legacy_rectifier_bridge,Legacy rectifier bridge,legacy67,minmax,,,0.0,,0.1,0.1,0.5895238095238096,0.7057142857142857,0.11619047619047618,0.9466666666666667,0.92,-0.026666666666666616,0.6428571428571429,0.7857142857142857,0.1428571428571428,6,7
61,published_like_legacy,Published-like legacy,legacy67,minmax,,,0.0,,10.0,10.0,0.6133333333333333,0.7980952380952382,0.1847619047619049,0.9466666666666667,0.8933333333333333,-0.053333333333333344,0.6666666666666666,0.9047619047619048,0.23809523809523814,32,10
62,generic_probe,Generic probe,generic70,quantile,0.25,0.75,0.001,,0.1,0.1,0.6137770897832819,0.6486068111455108,0.03482972136222884,0.9558823529411765,0.9117647058823529,-0.044117647058823595,0.6578947368421053,0.7368421052631579,0.07894736842105254,7,12
62,matched_split_cutlass,Split-matched cutlass,legacy67,quantile,0.25,0.75,0.001,,0.1,0.1,0.5285714285714285,0.48857142857142843,-0.040000000000000036,0.9333333333333333,0.8933333333333333,-0.040000000000000036,0.5952380952380952,0.5952380952380952,0.0,8,12
62,legacy_rectifier_bridge,Legacy rectifier bridge,legacy67,minmax,,,0.0,,0.1,0.1,0.5285714285714285,0.7114285714285715,0.18285714285714305,0.9333333333333333,0.9733333333333334,0.040000000000000036,0.5952380952380952,0.7380952380952381,0.1428571428571429,8,4
62,published_like_legacy,Published-like legacy,legacy67,minmax,,,0.0,,10.0,10.0,0.5733333333333333,0.7933333333333334,0.2200000000000002,0.9066666666666666,0.96,0.053333333333333344,0.6666666666666666,0.8333333333333334,0.16666666666666674,32,26
63,generic_probe,Generic probe,generic70,quantile,0.25,0.75,0.001,,0.1,0.1,0.5758513931888545,0.5348297213622293,-0.041021671826625195,0.9705882352941176,0.9558823529411765,-0.014705882352941124,0.6052631578947368,0.5789473684210527,-0.02631578947368418,7,10
63,matched_split_cutlass,Split-matched cutlass,legacy67,quantile,0.25,0.75,0.001,,0.1,0.1,0.6400000000000001,0.657142857142857,0.017142857142856904,0.9733333333333334,0.8,-0.17333333333333334,0.6666666666666666,0.8571428571428571,0.19047619047619047,7,11
63,legacy_rectifier_bridge,Legacy rectifier bridge,legacy67,minmax,,,0.0,,0.1,0.1,0.6400000000000001,0.8066666666666666,0.16666666666666652,0.9733333333333334,0.9733333333333334,0.0,0.6666666666666666,0.8333333333333334,0.16666666666666674,7,7
63,published_like_legacy,Published-like legacy,legacy67,minmax,,,0.0,,10.0,10.0,0.7266666666666666,0.8219047619047619,0.09523809523809534,0.8933333333333333,0.8933333333333333,0.0,0.8333333333333334,0.9285714285714286,0.09523809523809523,33,11
64,generic_probe,Generic probe,generic70,quantile,0.25,0.75,0.001,,0.1,0.1,0.5758513931888545,0.6044891640866874,0.028637770897832926,0.9705882352941176,0.8676470588235294,-0.1029411764705882,0.6052631578947368,0.7368421052631579,0.13157894736842102,11,12
64,matched_split_cutlass,Split-matched cutlass,legacy67,quantile,0.25,0.75,0.001,,0.1,0.1,0.6057142857142859,0.44571428571428573,-0.16000000000000014,0.9866666666666667,0.8266666666666667,-0.16000000000000003,0.6190476190476191,0.6190476190476191,0.0,11,10
64,legacy_rectifier_bridge,Legacy rectifier bridge,legacy67,minmax,,,0.0,,0.1,0.1,0.6057142857142859,0.6876190476190476,0.0819047619047617,0.9866666666666667,0.9733333333333334,-0.013333333333333308,0.6190476190476191,0.7142857142857143,0.09523809523809523,11,7
64,published_like_legacy,Published-like legacy,legacy67,minmax,,,0.0,,10.0,10.0,0.6504761904761904,0.7904761904761903,0.1399999999999999,0.96,0.9333333333333333,-0.026666666666666616,0.6904761904761905,0.8571428571428571,0.16666666666666663,31,27
65,generic_probe,Generic probe,generic70,quantile,0.25,0.75,0.001,,0.1,0.1,0.6578947368421053,0.6044891640866874,-0.05340557275541791,1.0,0.8676470588235294,-0.13235294117647056,0.6578947368421053,0.7368421052631579,0.07894736842105254,7,11
65,matched_split_cutlass,Split-matched cutlass,legacy67,quantile,0.25,0.75,0.001,,0.1,0.1,0.7828571428571429,0.7371428571428571,-0.04571428571428582,0.9733333333333334,0.88,-0.09333333333333338,0.8095238095238095,0.8571428571428571,0.04761904761904756,8,10
65,legacy_rectifier_bridge,Legacy rectifier bridge,legacy67,minmax,,,0.0,,0.1,0.1,0.7828571428571429,0.8066666666666666,0.023809523809523725,0.9733333333333334,0.9733333333333334,0.0,0.8095238095238095,0.8333333333333334,0.023809523809523836,8,9
65,published_like_legacy,Published-like legacy,legacy67,minmax,,,0.0,,10.0,10.0,0.6952380952380952,0.8857142857142857,0.19047619047619047,0.9333333333333333,0.9333333333333333,0.0,0.7619047619047619,0.9523809523809523,0.19047619047619047,32,10
66,generic_probe,Generic probe,generic70,quantile,0.25,0.75,0.001,,0.1,0.1,0.5905572755417956,0.6253869969040249,0.03482972136222928,0.9852941176470589,0.9411764705882353,-0.044117647058823595,0.6052631578947368,0.6842105263157895,0.07894736842105265,9,11
66,matched_split_cutlass,Split-matched cutlass,legacy67,quantile,0.25,0.75,0.001,,0.1,0.1,0.6904761904761905,0.6552380952380952,-0.03523809523809529,1.0,0.8933333333333333,-0.10666666666666669,0.6904761904761905,0.7619047619047619,0.0714285714285714,7,12
66,legacy_rectifier_bridge,Legacy rectifier bridge,legacy67,minmax,,,0.0,,0.1,0.1,0.6904761904761905,0.7142857142857144,0.023809523809523947,1.0,1.0,0.0,0.6904761904761905,0.7142857142857143,0.023809523809523836,7,9
66,published_like_legacy,Published-like legacy,legacy67,minmax,,,0.0,,10.0,10.0,0.7961904761904761,0.8914285714285715,0.09523809523809534,0.9866666666666667,0.9866666666666667,0.0,0.8095238095238095,0.9047619047619048,0.09523809523809523,31,30
67,generic_probe,Generic probe,generic70,quantile,0.25,0.75,0.001,,0.1,0.1,0.7484520123839009,0.5077399380804954,-0.24071207430340547,0.9852941176470589,0.8235294117647058,-0.16176470588235303,0.7631578947368421,0.6842105263157895,-0.07894736842105265,8,12
67,matched_split_cutlass,Split-matched cutlass,legacy67,quantile,0.25,0.75,0.001,,0.1,0.1,0.6161904761904764,0.7238095238095239,0.1076190476190475,0.9733333333333334,0.8666666666666667,-0.10666666666666669,0.6428571428571429,0.8571428571428571,0.2142857142857142,9,11
67,legacy_rectifier_bridge,Legacy rectifier bridge,legacy67,minmax,,,0.0,,0.1,0.1,0.6161904761904764,0.74,0.12380952380952359,0.9733333333333334,0.9066666666666666,-0.06666666666666676,0.6428571428571429,0.8333333333333334,0.19047619047619047,9,6
67,published_like_legacy,Published-like legacy,legacy67,minmax,,,0.0,,10.0,10.0,0.5657142857142858,0.7714285714285714,0.20571428571428552,0.9466666666666667,0.8666666666666667,-0.07999999999999996,0.6190476190476191,0.9047619047619048,0.2857142857142857,32,9
68,generic_probe,Generic probe,generic70,quantile,0.25,0.75,0.001,,0.1,0.1,0.6811145510835912,0.6749226006191951,-0.006191950464396134,0.9705882352941176,0.9117647058823529,-0.05882352941176472,0.7105263157894737,0.7631578947368421,0.052631578947368474,8,12
68,matched_split_cutlass,Split-matched cutlass,legacy67,quantile,0.25,0.75,0.001,,0.1,0.1,0.6190476190476191,0.6523809523809523,0.033333333333333215,1.0,0.8666666666666667,-0.1333333333333333,0.6190476190476191,0.7857142857142857,0.16666666666666663,6,12
68,legacy_rectifier_bridge,Legacy rectifier bridge,legacy67,minmax,,,0.0,,0.1,0.1,0.6190476190476191,0.7695238095238095,0.15047619047619043,1.0,0.96,-0.040000000000000036,0.6190476190476191,0.8095238095238095,0.19047619047619047,6,7
68,published_like_legacy,Published-like legacy,legacy67,minmax,,,0.0,,10.0,10.0,0.7114285714285715,0.8647619047619046,0.1533333333333331,0.9733333333333334,0.96,-0.01333333333333342,0.7380952380952381,0.9047619047619048,0.16666666666666663,31,11
69,generic_probe,Generic probe,generic70,quantile,0.25,0.75,0.001,,0.1,0.1,0.6021671826625385,0.7074303405572755,0.10526315789473695,0.9705882352941176,0.9705882352941176,0.0,0.631578947368421,0.7368421052631579,0.10526315789473684,6,12
69,matched_split_cutlass,Split-matched cutlass,legacy67,quantile,0.25,0.75,0.001,,0.1,0.1,0.7142857142857144,0.7190476190476192,0.004761904761904745,1.0,0.9333333333333333,-0.06666666666666665,0.7142857142857143,0.7857142857142857,0.0714285714285714,8,11
69,legacy_rectifier_bridge,Legacy rectifier bridge,legacy67,minmax,,,0.0,,0.1,0.1,0.7142857142857144,0.7142857142857144,0.0,1.0,1.0,0.0,0.7142857142857143,0.7142857142857143,0.0,8,8
69,published_like_legacy,Published-like legacy,legacy67,minmax,,,0.0,,10.0,10.0,0.7695238095238095,0.8780952380952383,0.10857142857142876,0.96,0.9733333333333334,0.01333333333333342,0.8095238095238095,0.9047619047619048,0.09523809523809523,31,30
70,generic_probe,Generic probe,generic70,quantile,0.25,0.75,0.001,,0.1,0.1,0.6168730650154799,0.6253869969040249,0.00851393188854499,0.9852941176470589,0.9411764705882353,-0.044117647058823595,0.631578947368421,0.6842105263157895,0.052631578947368474,6,12
70,matched_split_cutlass,Split-matched cutlass,legacy67,quantile,0.25,0.75,0.001,,0.1,0.1,0.7219047619047618,0.6733333333333333,-0.04857142857142849,0.96,0.84,-0.12,0.7619047619047619,0.8333333333333334,0.07142857142857151,8,12
70,legacy_rectifier_bridge,Legacy rectifier bridge,legacy67,minmax,,,0.0,,0.1,0.1,0.7219047619047618,0.7933333333333334,0.07142857142857162,0.96,0.96,0.0,0.7619047619047619,0.8333333333333334,0.07142857142857151,8,9
70,published_like_legacy,Published-like legacy,legacy67,minmax,,,0.0,,10.0,10.0,0.7352380952380952,0.8114285714285714,0.07619047619047614,0.9733333333333334,0.9066666666666666,-0.06666666666666676,0.7619047619047619,0.9047619047619048,0.1428571428571429,31,12
71,generic_probe,Generic probe,generic70,quantile,0.25,0.75,0.001,,0.1,0.1,0.5495356037151704,0.6803405572755419,0.13080495356037147,0.9705882352941176,0.8382352941176471,-0.13235294117647056,0.5789473684210527,0.8421052631578947,0.26315789473684204,8,9
71,matched_split_cutlass,Split-matched cutlass,legacy67,quantile,0.25,0.75,0.001,,0.1,0.1,0.558095238095238,0.6257142857142857,0.06761904761904769,0.9866666666666667,0.84,-0.14666666666666672,0.5714285714285714,0.7857142857142857,0.2142857142857143,7,12
71,legacy_rectifier_bridge,Legacy rectifier bridge,legacy67,minmax,,,0.0,,0.1,0.1,0.558095238095238,0.6295238095238096,0.07142857142857162,0.9866666666666667,0.9866666666666667,0.0,0.5714285714285714,0.6428571428571429,0.07142857142857151,7,6
71,published_like_legacy,Published-like legacy,legacy67,minmax,,,0.0,,10.0,10.0,0.7190476190476192,0.8323809523809524,0.11333333333333329,0.9333333333333333,0.88,-0.053333333333333344,0.7857142857142857,0.9523809523809523,0.16666666666666663,32,31
72,generic_probe,Generic probe,generic70,quantile,0.25,0.75,0.001,,0.1,0.1,0.5495356037151704,0.640092879256966,0.0905572755417956,0.9705882352941176,0.9558823529411765,-0.014705882352941124,0.5789473684210527,0.6842105263157895,0.10526315789473684,7,13
72,matched_split_cutlass,Split-matched cutlass,legacy67,quantile,0.25,0.75,0.001,,0.1,0.1,0.579047619047619,0.6476190476190475,0.0685714285714285,0.96,0.9333333333333333,-0.026666666666666616,0.6190476190476191,0.7142857142857143,0.09523809523809523,7,11
72,legacy_rectifier_bridge,Legacy rectifier bridge,legacy67,minmax,,,0.0,,0.1,0.1,0.579047619047619,0.7619047619047619,0.18285714285714283,0.96,1.0,0.040000000000000036,0.6190476190476191,0.7619047619047619,0.1428571428571428,7,7
72,published_like_legacy,Published-like legacy,legacy67,minmax,,,0.0,,10.0,10.0,0.6952380952380952,0.8333333333333335,0.13809523809523827,0.9333333333333333,1.0,0.06666666666666665,0.7619047619047619,0.8333333333333334,0.07142857142857151,32,24
73,generic_probe,Generic probe,generic70,quantile,0.25,0.75,0.001,,0.1,0.1,0.5054179566563468,0.6044891640866874,0.09907120743034059,0.9264705882352942,0.8676470588235294,-0.05882352941176472,0.5789473684210527,0.7368421052631579,0.1578947368421052,7,11
73,matched_split_cutlass,Split-matched cutlass,legacy67,quantile,0.25,0.75,0.001,,0.1,0.1,0.6400000000000001,0.6104761904761906,-0.029523809523809508,0.9733333333333334,0.92,-0.053333333333333344,0.6666666666666666,0.6904761904761905,0.023809523809523836,8,11
73,legacy_rectifier_bridge,Legacy rectifier bridge,legacy67,minmax,,,0.0,,0.1,0.1,0.6400000000000001,0.7590476190476192,0.11904761904761907,0.9733333333333334,0.9733333333333334,0.0,0.6666666666666666,0.7857142857142857,0.11904761904761907,8,5
73,published_like_legacy,Published-like legacy,legacy67,minmax,,,0.0,,10.0,10.0,0.6476190476190475,0.8780952380952383,0.23047619047619072,0.9333333333333333,0.9733333333333334,0.040000000000000036,0.7142857142857143,0.9047619047619048,0.19047619047619047,30,9
74,generic_probe,Generic probe,generic70,quantile,0.25,0.75,0.001,,0.1,0.1,0.6578947368421053,0.7391640866873064,0.08126934984520107,1.0,0.8970588235294118,-0.1029411764705882,0.6578947368421053,0.8421052631578947,0.18421052631578938,10,8
74,matched_split_cutlass,Split-matched cutlass,legacy67,quantile,0.25,0.75,0.001,,0.1,0.1,0.6638095238095238,0.5895238095238096,-0.07428571428571429,0.9733333333333334,0.9466666666666667,-0.026666666666666727,0.6904761904761905,0.6428571428571429,-0.04761904761904756,8,12
74,legacy_rectifier_bridge,Legacy rectifier bridge,legacy67,minmax,,,0.0,,0.1,0.1,0.6638095238095238,0.7247619047619049,0.06095238095238109,0.9733333333333334,0.9866666666666667,0.013333333333333308,0.6904761904761905,0.7380952380952381,0.04761904761904767,8,8
74,published_like_legacy,Published-like legacy,legacy67,minmax,,,0.0,,10.0,10.0,0.6000000000000001,0.8409523809523809,0.2409523809523808,0.9333333333333333,0.96,0.026666666666666616,0.6666666666666666,0.8809523809523809,0.2142857142857143,32,29
75,generic_probe,Generic probe,generic70,quantile,0.25,0.75,0.001,,0.1,0.1,0.6431888544891642,0.5959752321981424,-0.04721362229102177,0.9852941176470589,0.9117647058823529,-0.07352941176470595,0.6578947368421053,0.6842105263157895,0.02631578947368418,8,11
75,matched_split_cutlass,Split-matched cutlass,legacy67,quantile,0.25,0.75,0.001,,0.1,0.1,0.7485714285714287,0.6419047619047618,-0.10666666666666691,0.9866666666666667,0.88,-0.10666666666666669,0.7619047619047619,0.7619047619047619,0.0,10,10
75,legacy_rectifier_bridge,Legacy rectifier bridge,legacy67,minmax,,,0.0,,0.1,0.1,0.7485714285714287,0.8571428571428572,0.10857142857142854,0.9866666666666667,1.0,0.013333333333333308,0.7619047619047619,0.8571428571428571,0.09523809523809523,10,8
75,published_like_legacy,Published-like legacy,legacy67,minmax,,,0.0,,10.0,10.0,0.8171428571428572,0.8914285714285715,0.07428571428571429,0.96,0.9866666666666667,0.026666666666666727,0.8571428571428571,0.9047619047619048,0.04761904761904767,32,30
76,generic_probe,Generic probe,generic70,quantile,0.25,0.75,0.001,,0.1,0.1,0.6052631578947367,0.6896284829721364,0.08436532507739969,1.0,0.9264705882352942,-0.07352941176470584,0.6052631578947368,0.7631578947368421,0.1578947368421053,8,9
76,matched_split_cutlass,Split-matched cutlass,legacy67,quantile,0.25,0.75,0.001,,0.1,0.1,0.6980952380952381,0.7847619047619048,0.08666666666666667,0.96,0.88,-0.07999999999999996,0.7380952380952381,0.9047619047619048,0.16666666666666663,7,9
76,legacy_rectifier_bridge,Legacy rectifier bridge,legacy67,minmax,,,0.0,,0.1,0.1,0.6980952380952381,0.6742857142857144,-0.023809523809523725,0.96,0.96,0.0,0.7380952380952381,0.7142857142857143,-0.023809523809523836,7,9
76,published_like_legacy,Published-like legacy,legacy67,minmax,,,0.0,,10.0,10.0,0.8200000000000001,0.8380952380952382,0.018095238095238164,0.9866666666666667,0.9333333333333333,-0.053333333333333344,0.8333333333333334,0.9047619047619048,0.0714285714285714,31,28
77,generic_probe,Generic probe,generic70,quantile,0.25,0.75,0.001,,0.1,0.1,0.5379256965944275,0.6021671826625385,0.06424148606811109,0.9852941176470589,0.9705882352941176,-0.014705882352941235,0.5526315789473685,0.631578947368421,0.07894736842105254,10,10
77,matched_split_cutlass,Split-matched cutlass,legacy67,quantile,0.25,0.75,0.001,,0.1,0.1,0.6295238095238096,0.6342857142857143,0.004761904761904745,0.9866666666666667,0.92,-0.06666666666666665,0.6428571428571429,0.7142857142857143,0.0714285714285714,10,9
77,legacy_rectifier_bridge,Legacy rectifier bridge,legacy67,minmax,,,0.0,,0.1,0.1,0.6295238095238096,0.677142857142857,0.04761904761904745,0.9866666666666667,0.9866666666666667,0.0,0.6428571428571429,0.6904761904761905,0.04761904761904756,10,6
77,published_like_legacy,Published-like legacy,legacy67,minmax,,,0.0,,10.0,10.0,0.6638095238095238,0.8380952380952382,0.17428571428571438,0.9733333333333334,0.9333333333333333,-0.040000000000000036,0.6904761904761905,0.9047619047619048,0.2142857142857143,29,30
78,generic_probe,Generic probe,generic70,quantile,0.25,0.75,0.001,,0.1,0.1,0.7337461300309598,0.609907120743034,-0.1238390092879258,0.9705882352941176,0.7941176470588235,-0.17647058823529416,0.7631578947368421,0.8157894736842105,0.05263157894736836,9,11
78,matched_split_cutlass,Split-matched cutlass,legacy67,quantile,0.25,0.75,0.001,,0.1,0.1,0.45999999999999996,0.5466666666666666,0.08666666666666667,0.96,0.88,-0.07999999999999996,0.5,0.6666666666666666,0.16666666666666663,6,13
78,legacy_rectifier_bridge,Legacy rectifier bridge,legacy67,minmax,,,0.0,,0.1,0.1,0.45999999999999996,0.5447619047619048,0.08476190476190482,0.96,0.9733333333333334,0.01333333333333342,0.5,0.5714285714285714,0.0714285714285714,6,8
78,published_like_legacy,Published-like legacy,legacy67,minmax,,,0.0,,10.0,10.0,0.6314285714285715,0.6847619047619049,0.053333333333333455,0.8933333333333333,0.9466666666666667,0.053333333333333344,0.7380952380952381,0.7380952380952381,0.0,29,34
79,generic_probe,Generic probe,generic70,quantile,0.25,0.75,0.001,,0.1,0.1,0.6431888544891642,0.6811145510835912,0.037925696594427016,0.9852941176470589,0.9705882352941176,-0.014705882352941235,0.6578947368421053,0.7105263157894737,0.05263157894736836,8,13
79,matched_split_cutlass,Split-matched cutlass,legacy67,quantile,0.25,0.75,0.001,,0.1,0.1,0.6057142857142859,0.6257142857142857,0.019999999999999796,0.9866666666666667,0.84,-0.14666666666666672,0.6190476190476191,0.7857142857142857,0.16666666666666663,9,12
79,legacy_rectifier_bridge,Legacy rectifier bridge,legacy67,minmax,,,0.0,,0.1,0.1,0.6057142857142859,0.677142857142857,0.07142857142857117,0.9866666666666667,0.9866666666666667,0.0,0.6190476190476191,0.6904761904761905,0.0714285714285714,9,7
79,published_like_legacy,Published-like legacy,legacy67,minmax,,,0.0,,10.0,10.0,0.6876190476190476,0.7904761904761903,0.10285714285714276,0.9733333333333334,0.9333333333333333,-0.040000000000000036,0.7142857142857143,0.8571428571428571,0.1428571428571428,32,30
80,generic_probe,Generic probe,generic70,quantile,0.25,0.75,0.001,,0.1,0.1,0.6958204334365325,0.6021671826625385,-0.093653250773994,0.9852941176470589,0.9705882352941176,-0.014705882352941235,0.7105263157894737,0.631578947368421,-0.07894736842105265,9,12
80,matched_split_cutlass,Split-matched cutlass,legacy67,quantile,0.25,0.75,0.001,,0.1,0.1,0.700952380952381,0.6266666666666665,-0.07428571428571451,0.9866666666666667,0.96,-0.026666666666666727,0.7142857142857143,0.6666666666666666,-0.04761904761904767,6,12
80,legacy_rectifier_bridge,Legacy rectifier bridge,legacy67,minmax,,,0.0,,0.1,0.1,0.700952380952381,0.7723809523809524,0.0714285714285714,0.9866666666666667,0.9866666666666667,0.0,0.7142857142857143,0.7857142857142857,0.0714285714285714,6,6
80,published_like_legacy,Published-like legacy,legacy67,minmax,,,0.0,,10.0,10.0,0.8200000000000001,0.8676190476190477,0.04761904761904767,0.9866666666666667,0.9866666666666667,0.0,0.8333333333333334,0.8809523809523809,0.04761904761904756,30,30
81,generic_probe,Generic probe,generic70,quantile,0.25,0.75,0.001,,0.1,0.1,0.6168730650154799,0.6284829721362231,0.011609907120743168,0.9852941176470589,0.9705882352941176,-0.014705882352941235,0.631578947368421,0.6578947368421053,0.026315789473684292,8,12
81,matched_split_cutlass,Split-matched cutlass,legacy67,quantile,0.25,0.75,0.001,,0.1,0.1,0.6057142857142859,0.6400000000000001,0.03428571428571425,0.9866666666666667,0.9733333333333334,-0.013333333333333308,0.6190476190476191,0.6666666666666666,0.04761904761904756,10,13
81,legacy_rectifier_bridge,Legacy rectifier bridge,legacy67,minmax,,,0.0,,0.1,0.1,0.6057142857142859,0.7247619047619049,0.11904761904761907,0.9866666666666667,0.9866666666666667,0.0,0.6190476190476191,0.7380952380952381,0.11904761904761907,10,6
81,published_like_legacy,Published-like legacy,legacy67,minmax,,,0.0,,10.0,10.0,0.6504761904761904,0.7904761904761903,0.1399999999999999,0.96,0.9333333333333333,-0.026666666666666616,0.6904761904761905,0.8571428571428571,0.16666666666666663,30,24
82,generic_probe,Generic probe,generic70,quantile,0.25,0.75,0.001,,0.1,0.1,0.6958204334365325,0.7190402476780187,0.023219814241486114,0.9852941176470589,0.9558823529411765,-0.02941176470588236,0.7105263157894737,0.7631578947368421,0.052631578947368474,6,12
82,matched_split_cutlass,Split-matched cutlass,legacy67,quantile,0.25,0.75,0.001,,0.1,0.1,0.6504761904761904,0.660952380952381,0.010476190476190528,0.96,0.9466666666666667,-0.013333333333333308,0.6904761904761905,0.7142857142857143,0.023809523809523836,9,9
82,legacy_rectifier_bridge,Legacy rectifier bridge,legacy67,minmax,,,0.0,,0.1,0.1,0.6504761904761904,0.6638095238095238,0.01333333333333342,0.96,0.9733333333333334,0.01333333333333342,0.6904761904761905,0.6904761904761905,0.0,9,8
82,published_like_legacy,Published-like legacy,legacy67,minmax,,,0.0,,10.0,10.0,0.6580952380952381,0.8780952380952383,0.2200000000000002,0.92,0.9733333333333334,0.053333333333333344,0.7380952380952381,0.9047619047619048,0.16666666666666663,33,30
83,generic_probe,Generic probe,generic70,quantile,0.25,0.75,0.001,,0.1,0.1,0.6168730650154799,0.5425696594427245,-0.07430340557275539,0.9852941176470589,0.7794117647058824,-0.20588235294117652,0.631578947368421,0.7631578947368421,0.13157894736842113,9,12
83,matched_split_cutlass,Split-matched cutlass,legacy67,quantile,0.25,0.75,0.001,,0.1,0.1,0.6533333333333333,0.6580952380952381,0.004761904761904745,0.9866666666666667,0.92,-0.06666666666666665,0.6666666666666666,0.7380952380952381,0.07142857142857151,9,11
83,legacy_rectifier_bridge,Legacy rectifier bridge,legacy67,minmax,,,0.0,,0.1,0.1,0.6533333333333333,0.700952380952381,0.04761904761904767,0.9866666666666667,0.9866666666666667,0.0,0.6666666666666666,0.7142857142857143,0.04761904761904767,9,9
83,published_like_legacy,Published-like legacy,legacy67,minmax,,,0.0,,10.0,10.0,0.7114285714285715,0.7933333333333334,0.08190476190476192,0.9733333333333334,0.96,-0.01333333333333342,0.7380952380952381,0.8333333333333334,0.09523809523809523,31,30
84,generic_probe,Generic probe,generic70,quantile,0.25,0.75,0.001,,0.1,0.1,0.7337461300309598,0.651702786377709,-0.08204334365325083,0.9705882352941176,0.9411764705882353,-0.02941176470588236,0.7631578947368421,0.7105263157894737,-0.052631578947368474,8,10
84,matched_split_cutlass,Split-matched cutlass,legacy67,quantile,0.25,0.75,0.001,,0.1,0.1,0.6266666666666665,0.7000000000000002,0.0733333333333337,0.96,0.8666666666666667,-0.09333333333333327,0.6666666666666666,0.8333333333333334,0.16666666666666674,9,12
84,legacy_rectifier_bridge,Legacy rectifier bridge,legacy67,minmax,,,0.0,,0.1,0.1,0.6266666666666665,0.7380952380952381,0.11142857142857165,0.96,1.0,0.040000000000000036,0.6666666666666666,0.7380952380952381,0.07142857142857151,9,7
84,published_like_legacy,Published-like legacy,legacy67,minmax,,,0.0,,10.0,10.0,0.56,0.8514285714285714,0.29142857142857137,0.8933333333333333,0.9466666666666667,0.053333333333333344,0.6666666666666666,0.9047619047619048,0.23809523809523814,32,28
85,generic_probe,Generic probe,generic70,quantile,0.25,0.75,0.001,,0.1,0.1,0.7484520123839009,0.6602167182662539,-0.08823529411764697,0.9852941176470589,0.8970588235294118,-0.08823529411764708,0.7631578947368421,0.7631578947368421,0.0,8,11
85,matched_split_cutlass,Split-matched cutlass,legacy67,quantile,0.25,0.75,0.001,,0.1,0.1,0.6876190476190476,0.7695238095238095,0.08190476190476192,0.9733333333333334,0.96,-0.01333333333333342,0.7142857142857143,0.8095238095238095,0.09523809523809523,8,11
85,legacy_rectifier_bridge,Legacy rectifier bridge,legacy67,minmax,,,0.0,,0.1,0.1,0.6876190476190476,0.8095238095238095,0.12190476190476196,0.9733333333333334,1.0,0.026666666666666616,0.7142857142857143,0.8095238095238095,0.09523809523809523,8,8
85,published_like_legacy,Published-like legacy,legacy67,minmax,,,0.0,,10.0,10.0,0.7533333333333334,0.8885714285714286,0.13523809523809516,0.92,0.96,0.039999999999999925,0.8333333333333334,0.9285714285714286,0.09523809523809523,32,30
86,generic_probe,Generic probe,generic70,quantile,0.25,0.75,0.001,,0.1,0.1,0.6842105263157894,0.7422600619195046,0.058049535603715174,1.0,0.9264705882352942,-0.07352941176470584,0.6842105263157895,0.8157894736842105,0.13157894736842102,8,11
86,matched_split_cutlass,Split-matched cutlass,legacy67,quantile,0.25,0.75,0.001,,0.1,0.1,0.43619047619047624,0.6000000000000001,0.16380952380952385,0.96,0.9333333333333333,-0.026666666666666616,0.47619047619047616,0.6666666666666666,0.19047619047619047,7,12
86,legacy_rectifier_bridge,Legacy rectifier bridge,legacy67,minmax,,,0.0,,0.1,0.1,0.43619047619047624,0.5923809523809525,0.1561904761904762,0.96,0.9733333333333334,0.01333333333333342,0.47619047619047616,0.6190476190476191,0.1428571428571429,7,6
86,published_like_legacy,Published-like legacy,legacy67,minmax,,,0.0,,10.0,10.0,0.43333333333333335,0.8647619047619046,0.4314285714285713,0.9333333333333333,0.96,0.026666666666666616,0.5,0.9047619047619048,0.40476190476190477,33,29
87,generic_probe,Generic probe,generic70,quantile,0.25,0.75,0.001,,0.1,0.1,0.6811145510835912,0.6571207430340558,-0.023993808049535437,0.9705882352941176,0.8676470588235294,-0.1029411764705882,0.7105263157894737,0.7894736842105263,0.07894736842105265,10,12
87,matched_split_cutlass,Split-matched cutlass,legacy67,quantile,0.25,0.75,0.001,,0.1,0.1,0.49714285714285733,0.637142857142857,0.13999999999999968,0.9733333333333334,0.9466666666666667,-0.026666666666666727,0.5238095238095238,0.6904761904761905,0.16666666666666663,7,11
87,legacy_rectifier_bridge,Legacy rectifier bridge,legacy67,minmax,,,0.0,,0.1,0.1,0.49714285714285733,0.5952380952380953,0.09809523809523801,0.9733333333333334,1.0,0.026666666666666616,0.5238095238095238,0.5952380952380952,0.0714285714285714,7,5
87,published_like_legacy,Published-like legacy,legacy67,minmax,,,0.0,,10.0,10.0,0.7219047619047618,0.7933333333333334,0.07142857142857162,0.96,0.96,0.0,0.7619047619047619,0.8333333333333334,0.07142857142857151,33,29
88,generic_probe,Generic probe,generic70,quantile,0.25,0.75,0.001,,0.1,0.1,0.5348297213622293,0.5603715170278636,0.025541795665634304,0.9558823529411765,0.8235294117647058,-0.13235294117647067,0.5789473684210527,0.7368421052631579,0.1578947368421052,12,14
88,matched_split_cutlass,Split-matched cutlass,legacy67,quantile,0.25,0.75,0.001,,0.1,0.1,0.677142857142857,0.6447619047619049,-0.03238095238095218,0.9866666666666667,0.9066666666666666,-0.08000000000000007,0.6904761904761905,0.7380952380952381,0.04761904761904767,8,10
88,legacy_rectifier_bridge,Legacy rectifier bridge,legacy67,minmax,,,0.0,,0.1,0.1,0.677142857142857,0.8304761904761904,0.15333333333333332,0.9866666666666667,0.9733333333333334,-0.013333333333333308,0.6904761904761905,0.8571428571428571,0.16666666666666663,8,9
88,published_like_legacy,Published-like legacy,legacy67,minmax,,,0.0,,10.0,10.0,0.7247619047619049,0.7876190476190477,0.06285714285714272,0.9866666666666667,0.9066666666666666,-0.08000000000000007,0.7380952380952381,0.8809523809523809,0.1428571428571428,32,30
89,generic_probe,Generic probe,generic70,quantile,0.25,0.75,0.001,,0.1,0.1,0.7105263157894737,0.5812693498452013,-0.12925696594427238,1.0,0.8970588235294118,-0.1029411764705882,0.7105263157894737,0.6842105263157895,-0.02631578947368418,7,11
89,matched_split_cutlass,Split-matched cutlass,legacy67,quantile,0.25,0.75,0.001,,0.1,0.1,0.5238095238095237,0.6152380952380954,0.09142857142857164,1.0,0.8533333333333334,-0.1466666666666666,0.5238095238095238,0.7619047619047619,0.23809523809523803,8,11
89,legacy_rectifier_bridge,Legacy rectifier bridge,legacy67,minmax,,,0.0,,0.1,0.1,0.5238095238095237,0.6295238095238096,0.10571428571428587,1.0,0.9866666666666667,-0.013333333333333308,0.5238095238095238,0.6428571428571429,0.11904761904761907,8,6
89,published_like_legacy,Published-like legacy,legacy67,minmax,,,0.0,,10.0,10.0,0.6904761904761905,0.8409523809523809,0.15047619047619043,1.0,0.96,-0.040000000000000036,0.6904761904761905,0.8809523809523809,0.19047619047619047,29,24
90,generic_probe,Generic probe,generic70,quantile,0.25,0.75,0.001,,0.1,0.1,0.7863777089783281,0.7979876160990713,0.011609907120743168,0.9705882352941176,0.9558823529411765,-0.014705882352941124,0.8157894736842105,0.8421052631578947,0.02631578947368418,9,12
90,matched_split_cutlass,Split-matched cutlass,legacy67,quantile,0.25,0.75,0.001,,0.1,0.1,0.660952380952381,0.5809523809523811,-0.07999999999999985,0.9466666666666667,0.8666666666666667,-0.07999999999999996,0.7142857142857143,0.7142857142857143,0.0,9,11
90,legacy_rectifier_bridge,Legacy rectifier bridge,legacy67,minmax,,,0.0,,0.1,0.1,0.660952380952381,0.8409523809523809,0.17999999999999994,0.9466666666666667,0.96,0.013333333333333308,0.7142857142857143,0.8809523809523809,0.16666666666666663,9,4
90,published_like_legacy,Published-like legacy,legacy67,minmax,,,0.0,,10.0,10.0,0.7457142857142856,0.8514285714285714,0.10571428571428587,0.96,0.9466666666666667,-0.013333333333333308,0.7857142857142857,0.9047619047619048,0.11904761904761907,32,25
91,generic_probe,Generic probe,generic70,quantile,0.25,0.75,0.001,,0.1,0.1,0.6664086687306501,0.6896284829721364,0.023219814241486336,0.9558823529411765,0.9264705882352942,-0.02941176470588236,0.7105263157894737,0.7631578947368421,0.052631578947368474,10,12
91,matched_split_cutlass,Split-matched cutlass,legacy67,quantile,0.25,0.75,0.001,,0.1,0.1,0.5952380952380953,0.5466666666666666,-0.04857142857142871,1.0,0.88,-0.12,0.5952380952380952,0.6666666666666666,0.0714285714285714,7,12
91,legacy_rectifier_bridge,Legacy rectifier bridge,legacy67,minmax,,,0.0,,0.1,0.1,0.5952380952380953,0.6666666666666665,0.07142857142857117,1.0,1.0,0.0,0.5952380952380952,0.6666666666666666,0.0714285714285714,7,7
91,published_like_legacy,Published-like legacy,legacy67,minmax,,,0.0,,10.0,10.0,0.6638095238095238,0.8542857142857143,0.19047619047619047,0.9733333333333334,0.9733333333333334,0.0,0.6904761904761905,0.8809523809523809,0.19047619047619047,32,28
92,generic_probe,Generic probe,generic70,quantile,0.25,0.75,0.001,,0.1,0.1,0.6021671826625385,0.4821981424148607,-0.11996904024767785,0.9705882352941176,0.9558823529411765,-0.014705882352941124,0.631578947368421,0.5263157894736842,-0.10526315789473684,7,11
92,matched_split_cutlass,Split-matched cutlass,legacy67,quantile,0.25,0.75,0.001,,0.1,0.1,0.6190476190476191,0.5523809523809524,-0.06666666666666665,1.0,0.9333333333333333,-0.06666666666666665,0.6190476190476191,0.6190476190476191,0.0,7,12
92,legacy_rectifier_bridge,Legacy rectifier bridge,legacy67,minmax,,,0.0,,0.1,0.1,0.6190476190476191,0.6666666666666665,0.04761904761904745,1.0,1.0,0.0,0.6190476190476191,0.6666666666666666,0.04761904761904756,7,7
92,published_like_legacy,Published-like legacy,legacy67,minmax,,,0.0,,10.0,10.0,0.6638095238095238,0.7619047619047619,0.09809523809523801,0.9733333333333334,1.0,0.026666666666666616,0.6904761904761905,0.7619047619047619,0.0714285714285714,32,30
93,generic_probe,Generic probe,generic70,quantile,0.25,0.75,0.001,,0.1,0.1,0.6578947368421053,0.5696594427244581,-0.08823529411764719,1.0,0.9117647058823529,-0.08823529411764708,0.6578947368421053,0.6578947368421053,0.0,7,14
93,matched_split_cutlass,Split-matched cutlass,legacy67,quantile,0.25,0.75,0.001,,0.1,0.1,0.7114285714285715,0.7695238095238095,0.05809523809523798,0.9733333333333334,0.96,-0.01333333333333342,0.7380952380952381,0.8095238095238095,0.0714285714285714,8,13
93,legacy_rectifier_bridge,Legacy rectifier bridge,legacy67,minmax,,,0.0,,0.1,0.1,0.7114285714285715,0.6533333333333333,-0.0580952380952382,0.9733333333333334,0.9866666666666667,0.013333333333333308,0.7380952380952381,0.6666666666666666,-0.07142857142857151,8,7
93,published_like_legacy,Published-like legacy,legacy67,minmax,,,0.0,,10.0,10.0,0.7190476190476192,0.8780952380952383,0.1590476190476191,0.9333333333333333,0.9733333333333334,0.040000000000000036,0.7857142857142857,0.9047619047619048,0.11904761904761907,31,29
94,generic_probe,Generic probe,generic70,quantile,0.25,0.75,0.001,,0.1,0.1,0.763157894736842,0.7306501547987616,-0.03250773993808043,1.0,0.9411764705882353,-0.05882352941176472,0.7631578947368421,0.7894736842105263,0.02631578947368418,7,10
94,matched_split_cutlass,Split-matched cutlass,legacy67,quantile,0.25,0.75,0.001,,0.1,0.1,0.5657142857142858,0.5333333333333332,-0.03238095238095262,0.9466666666666667,0.8666666666666667,-0.07999999999999996,0.6190476190476191,0.6666666666666666,0.04761904761904756,7,14
94,legacy_rectifier_bridge,Legacy rectifier bridge,legacy67,minmax,,,0.0,,0.1,0.1,0.5657142857142858,0.677142857142857,0.11142857142857121,0.9466666666666667,0.9866666666666667,0.040000000000000036,0.6190476190476191,0.6904761904761905,0.0714285714285714,7,7
94,published_like_legacy,Published-like legacy,legacy67,minmax,,,0.0,,10.0,10.0,0.7190476190476192,0.7561904761904761,0.03714285714285692,0.9333333333333333,0.9466666666666667,0.013333333333333308,0.7857142857142857,0.8095238095238095,0.023809523809523836,32,25
95,generic_probe,Generic probe,generic70,quantile,0.25,0.75,0.001,,0.1,0.1,0.5201238390092879,0.6509287925696594,0.13080495356037147,0.9411764705882353,0.8088235294117647,-0.13235294117647056,0.5789473684210527,0.8421052631578947,0.26315789473684204,8,12
95,matched_split_cutlass,Split-matched cutlass,legacy67,quantile,0.25,0.75,0.001,,0.1,0.1,0.7114285714285715,0.559047619047619,-0.1523809523809525,0.9733333333333334,0.7733333333333333,-0.20000000000000007,0.7380952380952381,0.7857142857142857,0.04761904761904756,10,12
95,legacy_rectifier_bridge,Legacy rectifier bridge,legacy67,minmax,,,0.0,,0.1,0.1,0.7114285714285715,0.8571428571428572,0.14571428571428569,0.9733333333333334,1.0,0.026666666666666616,0.7380952380952381,0.8571428571428571,0.11904761904761896,10,8
95,published_like_legacy,Published-like legacy,legacy67,minmax,,,0.0,,10.0,10.0,0.7533333333333334,0.8647619047619046,0.11142857142857121,0.92,0.96,0.039999999999999925,0.8333333333333334,0.9047619047619048,0.0714285714285714,30,28
96,generic_probe,Generic probe,generic70,quantile,0.25,0.75,0.001,,0.1,0.1,0.6695046439628483,0.7043343653250775,0.03482972136222928,0.9852941176470589,0.9411764705882353,-0.044117647058823595,0.6842105263157895,0.7631578947368421,0.07894736842105265,6,10
96,matched_split_cutlass,Split-matched cutlass,legacy67,quantile,0.25,0.75,0.001,,0.1,0.1,0.6666666666666665,0.6476190476190475,-0.01904761904761898,1.0,0.9333333333333333,-0.06666666666666665,0.6666666666666666,0.7142857142857143,0.04761904761904767,8,10
96,legacy_rectifier_bridge,Legacy rectifier bridge,legacy67,minmax,,,0.0,,0.1,0.1,0.6666666666666665,0.6295238095238096,-0.03714285714285692,1.0,0.9866666666666667,-0.013333333333333308,0.6666666666666666,0.6428571428571429,-0.023809523809523725,8,8
96,published_like_legacy,Published-like legacy,legacy67,minmax,,,0.0,,10.0,10.0,0.7323809523809524,0.8780952380952383,0.1457142857142859,0.9466666666666667,0.9733333333333334,0.026666666666666727,0.7857142857142857,0.9047619047619048,0.11904761904761907,32,30
97,generic_probe,Generic probe,generic70,quantile,0.25,0.75,0.001,,0.1,0.1,0.5464396284829722,0.7306501547987616,0.18421052631578938,0.9411764705882353,0.9411764705882353,0.0,0.6052631578947368,0.7894736842105263,0.1842105263157895,7,11
97,matched_split_cutlass,Split-matched cutlass,legacy67,quantile,0.25,0.75,0.001,,0.1,0.1,0.5714285714285714,0.4904761904761905,-0.08095238095238089,1.0,0.8,-0.19999999999999996,0.5714285714285714,0.6904761904761905,0.11904761904761907,8,10
97,legacy_rectifier_bridge,Legacy rectifier bridge,legacy67,minmax,,,0.0,,0.1,0.1,0.5714285714285714,0.6504761904761904,0.07904761904761903,1.0,0.96,-0.040000000000000036,0.5714285714285714,0.6904761904761905,0.11904761904761907,8,6
97,published_like_legacy,Published-like legacy,legacy67,minmax,,,0.0,,10.0,10.0,0.5761904761904764,0.7295238095238097,0.15333333333333332,0.9333333333333333,0.92,-0.013333333333333308,0.6428571428571429,0.8095238095238095,0.16666666666666663,30,7
98,generic_probe,Generic probe,generic70,quantile,0.25,0.75,0.001,,0.1,0.1,0.771671826625387,0.6718266253869969,-0.09984520123839014,0.9558823529411765,0.8823529411764706,-0.07352941176470595,0.8157894736842105,0.7894736842105263,-0.02631578947368418,7,15
98,matched_split_cutlass,Split-matched cutlass,legacy67,quantile,0.25,0.75,0.001,,0.1,0.1,0.6295238095238096,0.49809523809523815,-0.13142857142857145,0.9866666666666667,0.76,-0.22666666666666668,0.6428571428571429,0.7380952380952381,0.09523809523809523,7,12
98,legacy_rectifier_bridge,Legacy rectifier bridge,legacy67,minmax,,,0.0,,0.1,0.1,0.6295238095238096,0.7666666666666666,0.137142857142857,0.9866666666666667,0.9333333333333333,-0.053333333333333344,0.6428571428571429,0.8333333333333334,0.19047619047619047,7,4
98,published_like_legacy,Published-like legacy,legacy67,minmax,,,0.0,,10.0,10.0,0.6266666666666665,0.7533333333333334,0.12666666666666693,0.96,0.92,-0.039999999999999925,0.6666666666666666,0.8333333333333334,0.16666666666666674,33,23
99,generic_probe,Generic probe,generic70,quantile,0.25,0.75,0.001,,0.1,0.1,0.6168730650154799,0.678018575851393,0.06114551083591313,0.9852941176470589,0.9411764705882353,-0.044117647058823595,0.631578947368421,0.7368421052631579,0.10526315789473684,7,11
99,matched_split_cutlass,Split-matched cutlass,legacy67,quantile,0.25,0.75,0.001,,0.1,0.1,0.6057142857142859,0.5657142857142858,-0.040000000000000036,0.9866666666666667,0.9466666666666667,-0.040000000000000036,0.6190476190476191,0.6190476190476191,0.0,7,11
99,legacy_rectifier_bridge,Legacy rectifier bridge,legacy67,minmax,,,0.0,,0.1,0.1,0.6057142857142859,0.6638095238095238,0.05809523809523798,0.9866666666666667,0.9733333333333334,-0.013333333333333308,0.6190476190476191,0.6904761904761905,0.0714285714285714,7,6
99,published_like_legacy,Published-like legacy,legacy67,minmax,,,0.0,,10.0,10.0,0.5419047619047619,0.7561904761904761,0.2142857142857142,0.9466666666666667,0.9466666666666667,0.0,0.5952380952380952,0.8095238095238095,0.2142857142857143,33,26
2345,generic_probe,Generic probe,generic70,quantile,0.25,0.75,0.001,,0.1,0.1,0.640092879256966,0.6075851393188856,-0.03250773993808043,0.9558823529411765,0.8970588235294118,-0.05882352941176472,0.6842105263157895,0.7105263157894737,0.02631578947368418,8,13
2345,matched_split_cutlass,Split-matched cutlass,legacy67,quantile,0.25,0.75,0.001,,0.1,0.1,0.6057142857142859,0.6704761904761904,0.06476190476190458,0.9866666666666667,0.8133333333333334,-0.17333333333333334,0.6190476190476191,0.8571428571428571,0.23809523809523803,9,12
2345,legacy_rectifier_bridge,Legacy rectifier bridge,legacy67,minmax,,,0.0,,0.1,0.1,0.6057142857142859,0.7142857142857144,0.10857142857142854,0.9866666666666667,1.0,0.013333333333333308,0.6190476190476191,0.7142857142857143,0.09523809523809523,9,5
2345,published_like_legacy,Published-like legacy,legacy67,minmax,,,0.0,,10.0,10.0,0.6952380952380952,0.9047619047619047,0.20952380952380945,0.9333333333333333,1.0,0.06666666666666665,0.7619047619047619,0.9047619047619048,0.1428571428571429,32,29
