seed,quantile_id,quantile_label,split,raw_c,rect_c,quantile_low,quantile_high,raw_j,rect_j,delta_j,raw_tpr,rect_tpr,delta_tpr,raw_tnr,rect_tnr,delta_tnr,raw_nonzero,rect_nonzero
0,q10_90,10/90,legacy67,0.1,0.1,0.1,0.9,0.637142857142857,0.6657142857142857,0.028571428571428692,0.9466666666666667,0.88,-0.06666666666666665,0.6904761904761905,0.7857142857142857,0.09523809523809523,6,8
0,q20_80,20/80,legacy67,0.1,0.1,0.2,0.8,0.637142857142857,0.5895238095238096,-0.04761904761904745,0.9466666666666667,0.9466666666666667,0.0,0.6904761904761905,0.6428571428571429,-0.04761904761904756,6,12
0,q25_75,25/75 (default),legacy67,0.1,0.1,0.25,0.75,0.637142857142857,0.716190476190476,0.07904761904761903,0.9466666666666667,0.9066666666666666,-0.040000000000000036,0.6904761904761905,0.8095238095238095,0.11904761904761907,6,12
0,q30_70,30/70,legacy67,0.1,0.1,0.3,0.7,0.637142857142857,0.5923809523809525,-0.04476190476190456,0.9466666666666667,0.9733333333333334,0.026666666666666727,0.6904761904761905,0.6190476190476191,-0.0714285714285714,6,12
0,q35_65,35/65,legacy67,0.1,0.1,0.35,0.65,0.637142857142857,0.4704761904761905,-0.16666666666666652,0.9466666666666667,0.9466666666666667,0.0,0.6904761904761905,0.5238095238095238,-0.16666666666666663,6,13
1,q10_90,10/90,legacy67,0.1,0.1,0.1,0.9,0.6533333333333333,0.7190476190476192,0.06571428571428584,0.9866666666666667,0.9333333333333333,-0.053333333333333344,0.6666666666666666,0.7857142857142857,0.11904761904761907,8,10
1,q20_80,20/80,legacy67,0.1,0.1,0.2,0.8,0.6533333333333333,0.562857142857143,-0.09047619047619038,0.9866666666666667,0.92,-0.06666666666666665,0.6666666666666666,0.6428571428571429,-0.023809523809523725,8,10
1,q25_75,25/75 (default),legacy67,0.1,0.1,0.25,0.75,0.6533333333333333,0.7533333333333334,0.10000000000000009,0.9866666666666667,0.92,-0.06666666666666665,0.6666666666666666,0.8333333333333334,0.16666666666666674,8,10
1,q30_70,30/70,legacy67,0.1,0.1,0.3,0.7,0.6533333333333333,0.562857142857143,-0.09047619047619038,0.9866666666666667,0.92,-0.06666666666666665,0.6666666666666666,0.6428571428571429,-0.023809523809523725,8,13
1,q35_65,35/65,legacy67,0.1,0.1,0.35,0.65,0.6533333333333333,0.2857142857142856,-0.36761904761904773,0.9866666666666667,1.0,0.013333333333333308,0.6666666666666666,0.2857142857142857,-0.38095238095238093,8,11
2,q10_90,10/90,legacy67,0.1,0.1,0.1,0.9,0.6476190476190475,0.6790476190476191,0.03142857142857158,0.9333333333333333,0.8933333333333333,-0.040000000000000036,0.7142857142857143,0.7857142857142857,0.0714285714285714,8,11
2,q20_80,20/80,legacy67,0.1,0.1,0.2,0.8,0.6476190476190475,0.6971428571428571,0.049523809523809526,0.9333333333333333,0.84,-0.09333333333333338,0.7142857142857143,0.8571428571428571,0.1428571428571428,8,11
2,q25_75,25/75 (default),legacy67,0.1,0.1,0.25,0.75,0.6476190476190475,0.5485714285714285,-0.09904761904761905,0.9333333333333333,0.7866666666666666,-0.14666666666666672,0.7142857142857143,0.7619047619047619,0.04761904761904756,8,13
2,q30_70,30/70,legacy67,0.1,0.1,0.3,0.7,0.6476190476190475,0.44571428571428573,-0.2019047619047618,0.9333333333333333,0.8266666666666667,-0.10666666666666669,0.7142857142857143,0.6190476190476191,-0.09523809523809523,8,10
2,q35_65,35/65,legacy67,0.1,0.1,0.35,0.65,0.6476190476190475,0.4228571428571428,-0.22476190476190472,0.9333333333333333,0.9466666666666667,0.013333333333333308,0.7142857142857143,0.47619047619047616,-0.23809523809523814,8,13
3,q10_90,10/90,legacy67,0.1,0.1,0.1,0.9,0.6533333333333333,0.6847619047619049,0.03142857142857158,0.9866666666666667,0.9466666666666667,-0.040000000000000036,0.6666666666666666,0.7380952380952381,0.07142857142857151,8,10
3,q20_80,20/80,legacy67,0.1,0.1,0.2,0.8,0.6533333333333333,0.7219047619047618,0.0685714285714285,0.9866666666666667,0.96,-0.026666666666666727,0.6666666666666666,0.7619047619047619,0.09523809523809523,8,13
3,q25_75,25/75 (default),legacy67,0.1,0.1,0.25,0.75,0.6533333333333333,0.6580952380952381,0.004761904761904745,0.9866666666666667,0.92,-0.06666666666666665,0.6666666666666666,0.7380952380952381,0.07142857142857151,8,11
3,q30_70,30/70,legacy67,0.1,0.1,0.3,0.7,0.6533333333333333,0.6257142857142857,-0.027619047619047654,0.9866666666666667,0.84,-0.14666666666666672,0.6666666666666666,0.7857142857142857,0.11904761904761907,8,15
3,q35_65,35/65,legacy67,0.1,0.1,0.35,0.65,0.6533333333333333,0.4733333333333334,-0.17999999999999994,0.9866666666666667,0.9733333333333334,-0.013333333333333308,0.6666666666666666,0.5,-0.16666666666666663,8,14
4,q10_90,10/90,legacy67,0.1,0.1,0.1,0.9,0.5685714285714285,0.637142857142857,0.0685714285714285,0.9733333333333334,0.9466666666666667,-0.026666666666666727,0.5952380952380952,0.6904761904761905,0.09523809523809523,7,9
4,q20_80,20/80,legacy67,0.1,0.1,0.2,0.8,0.5685714285714285,0.7561904761904761,0.18761904761904757,0.9733333333333334,0.9466666666666667,-0.026666666666666727,0.5952380952380952,0.8095238095238095,0.2142857142857143,7,11
4,q25_75,25/75 (default),legacy67,0.1,0.1,0.25,0.75,0.5685714285714285,0.7085714285714286,0.14000000000000012,0.9733333333333334,0.9466666666666667,-0.026666666666666727,0.5952380952380952,0.7619047619047619,0.16666666666666663,7,13
4,q30_70,30/70,legacy67,0.1,0.1,0.3,0.7,0.5685714285714285,0.5276190476190477,-0.04095238095238085,0.9733333333333334,0.8133333333333334,-0.16000000000000003,0.5952380952380952,0.7142857142857143,0.11904761904761907,7,13
4,q35_65,35/65,legacy67,0.1,0.1,0.35,0.65,0.5685714285714285,0.3933333333333333,-0.1752380952380952,0.9733333333333334,0.8933333333333333,-0.08000000000000007,0.5952380952380952,0.5,-0.09523809523809523,7,13
5,q10_90,10/90,legacy67,0.1,0.1,0.1,0.9,0.6714285714285715,0.74,0.0685714285714285,0.9333333333333333,0.9066666666666666,-0.026666666666666727,0.7380952380952381,0.8333333333333334,0.09523809523809523,7,9
5,q20_80,20/80,legacy67,0.1,0.1,0.2,0.8,0.6714285714285715,0.6923809523809523,0.020952380952380834,0.9333333333333333,0.9066666666666666,-0.026666666666666727,0.7380952380952381,0.7857142857142857,0.04761904761904756,7,10
5,q25_75,25/75 (default),legacy67,0.1,0.1,0.25,0.75,0.6714285714285715,0.6552380952380952,-0.01619047619047631,0.9333333333333333,0.8933333333333333,-0.040000000000000036,0.7380952380952381,0.7619047619047619,0.023809523809523725,7,10
5,q30_70,30/70,legacy67,0.1,0.1,0.3,0.7,0.6714285714285715,0.6123809523809522,-0.05904761904761924,0.9333333333333333,0.8266666666666667,-0.10666666666666669,0.7380952380952381,0.7857142857142857,0.04761904761904756,7,11
5,q35_65,35/65,legacy67,0.1,0.1,0.35,0.65,0.6714285714285715,0.5285714285714285,-0.14285714285714302,0.9333333333333333,0.9333333333333333,0.0,0.7380952380952381,0.5952380952380952,-0.1428571428571429,7,11
6,q10_90,10/90,legacy67,0.1,0.1,0.1,0.9,0.7619047619047619,0.7638095238095237,0.0019047619047618536,1.0,0.9066666666666666,-0.09333333333333338,0.7619047619047619,0.8571428571428571,0.09523809523809523,8,11
6,q20_80,20/80,legacy67,0.1,0.1,0.2,0.8,0.7619047619047619,0.8409523809523809,0.07904761904761903,1.0,0.96,-0.040000000000000036,0.7619047619047619,0.8809523809523809,0.11904761904761907,8,14
6,q25_75,25/75 (default),legacy67,0.1,0.1,0.25,0.75,0.7619047619047619,0.7323809523809524,-0.029523809523809508,1.0,0.9466666666666667,-0.053333333333333344,0.7619047619047619,0.7857142857142857,0.023809523809523836,8,11
6,q30_70,30/70,legacy67,0.1,0.1,0.3,0.7,0.7619047619047619,0.7000000000000002,-0.061904761904761685,1.0,0.8666666666666667,-0.1333333333333333,0.7619047619047619,0.8333333333333334,0.07142857142857151,8,12
6,q35_65,35/65,legacy67,0.1,0.1,0.35,0.65,0.7619047619047619,0.480952380952381,-0.28095238095238084,1.0,0.9333333333333333,-0.06666666666666665,0.7619047619047619,0.5476190476190477,-0.2142857142857142,8,12
7,q10_90,10/90,legacy67,0.1,0.1,0.1,0.9,0.7457142857142856,0.660952380952381,-0.0847619047619046,0.96,0.9466666666666667,-0.013333333333333308,0.7857142857142857,0.7142857142857143,-0.0714285714285714,8,8
7,q20_80,20/80,legacy67,0.1,0.1,0.2,0.8,0.7457142857142856,0.7295238095238097,-0.016190476190475867,0.96,0.92,-0.039999999999999925,0.7857142857142857,0.8095238095238095,0.023809523809523836,8,11
7,q25_75,25/75 (default),legacy67,0.1,0.1,0.25,0.75,0.7457142857142856,0.7533333333333334,0.007619047619047858,0.96,0.92,-0.039999999999999925,0.7857142857142857,0.8333333333333334,0.04761904761904767,8,14
7,q30_70,30/70,legacy67,0.1,0.1,0.3,0.7,0.7457142857142856,0.5019047619047619,-0.2438095238095237,0.96,0.9066666666666666,-0.053333333333333344,0.7857142857142857,0.5952380952380952,-0.19047619047619047,8,11
7,q35_65,35/65,legacy67,0.1,0.1,0.35,0.65,0.7457142857142856,0.4961904761904763,-0.24952380952380926,0.96,0.8533333333333334,-0.10666666666666658,0.7857142857142857,0.6428571428571429,-0.1428571428571428,8,12
8,q10_90,10/90,legacy67,0.1,0.1,0.1,0.9,0.6666666666666665,0.7247619047619049,0.05809523809523842,1.0,0.9866666666666667,-0.013333333333333308,0.6666666666666666,0.7380952380952381,0.07142857142857151,7,11
8,q20_80,20/80,legacy67,0.1,0.1,0.2,0.8,0.6666666666666665,0.660952380952381,-0.005714285714285561,1.0,0.9466666666666667,-0.053333333333333344,0.6666666666666666,0.7142857142857143,0.04761904761904767,7,10
8,q25_75,25/75 (default),legacy67,0.1,0.1,0.25,0.75,0.6666666666666665,0.5142857142857142,-0.15238095238095228,1.0,0.8,-0.19999999999999996,0.6666666666666666,0.7142857142857143,0.04761904761904767,7,9
8,q30_70,30/70,legacy67,0.1,0.1,0.3,0.7,0.6666666666666665,0.4666666666666668,-0.19999999999999973,1.0,0.8,-0.19999999999999996,0.6666666666666666,0.6666666666666666,0.0,7,9
8,q35_65,35/65,legacy67,0.1,0.1,0.35,0.65,0.6666666666666665,0.4257142857142857,-0.2409523809523808,1.0,0.9733333333333334,-0.026666666666666616,0.6666666666666666,0.4523809523809524,-0.21428571428571425,7,14
9,q10_90,10/90,legacy67,0.1,0.1,0.1,0.9,0.6742857142857144,0.716190476190476,0.04190476190476167,0.96,0.9066666666666666,-0.053333333333333344,0.7142857142857143,0.8095238095238095,0.09523809523809523,7,8
9,q20_80,20/80,legacy67,0.1,0.1,0.2,0.8,0.6742857142857144,0.7190476190476192,0.04476190476190478,0.96,0.9333333333333333,-0.026666666666666616,0.7142857142857143,0.7857142857142857,0.0714285714285714,7,10
9,q25_75,25/75 (default),legacy67,0.1,0.1,0.25,0.75,0.6742857142857144,0.6238095238095238,-0.05047619047619056,0.96,0.9333333333333333,-0.026666666666666616,0.7142857142857143,0.6904761904761905,-0.023809523809523836,7,10
9,q30_70,30/70,legacy67,0.1,0.1,0.3,0.7,0.6742857142857144,0.578095238095238,-0.09619047619047638,0.96,0.84,-0.12,0.7142857142857143,0.7380952380952381,0.023809523809523836,7,15
9,q35_65,35/65,legacy67,0.1,0.1,0.35,0.65,0.6742857142857144,0.6314285714285715,-0.04285714285714293,0.96,0.8933333333333333,-0.06666666666666665,0.7142857142857143,0.7380952380952381,0.023809523809523836,7,14
10,q10_90,10/90,legacy67,0.1,0.1,0.1,0.9,0.5923809523809525,0.7247619047619049,0.1323809523809525,0.9733333333333334,0.9866666666666667,0.013333333333333308,0.6190476190476191,0.7380952380952381,0.11904761904761907,8,12
10,q20_80,20/80,legacy67,0.1,0.1,0.2,0.8,0.5923809523809525,0.6714285714285715,0.07904761904761903,0.9733333333333334,0.9333333333333333,-0.040000000000000036,0.6190476190476191,0.7380952380952381,0.11904761904761907,8,12
10,q25_75,25/75 (default),legacy67,0.1,0.1,0.25,0.75,0.5923809523809525,0.7457142857142856,0.1533333333333331,0.9733333333333334,0.96,-0.01333333333333342,0.6190476190476191,0.7857142857142857,0.16666666666666663,8,13
10,q30_70,30/70,legacy67,0.1,0.1,0.3,0.7,0.5923809523809525,0.46190476190476204,-0.1304761904761904,0.9733333333333334,0.8666666666666667,-0.10666666666666669,0.6190476190476191,0.5952380952380952,-0.023809523809523836,8,13
10,q35_65,35/65,legacy67,0.1,0.1,0.35,0.65,0.5923809523809525,0.4152380952380952,-0.17714285714285727,0.9733333333333334,0.9866666666666667,0.013333333333333308,0.6190476190476191,0.42857142857142855,-0.19047619047619052,8,13
11,q10_90,10/90,legacy67,0.1,0.1,0.1,0.9,0.6533333333333333,0.78,0.1266666666666667,0.9866666666666667,0.9466666666666667,-0.040000000000000036,0.6666666666666666,0.8333333333333334,0.16666666666666674,10,11
11,q20_80,20/80,legacy67,0.1,0.1,0.2,0.8,0.6533333333333333,0.7533333333333334,0.10000000000000009,0.9866666666666667,0.92,-0.06666666666666665,0.6666666666666666,0.8333333333333334,0.16666666666666674,10,12
11,q25_75,25/75 (default),legacy67,0.1,0.1,0.25,0.75,0.6533333333333333,0.7085714285714286,0.05523809523809531,0.9866666666666667,0.9466666666666667,-0.040000000000000036,0.6666666666666666,0.7619047619047619,0.09523809523809523,10,13
11,q30_70,30/70,legacy67,0.1,0.1,0.3,0.7,0.6533333333333333,0.52,-0.1333333333333333,0.9866666666666667,0.8533333333333334,-0.1333333333333333,0.6666666666666666,0.6666666666666666,0.0,10,12
11,q35_65,35/65,legacy67,0.1,0.1,0.35,0.65,0.6533333333333333,0.3409523809523809,-0.3123809523809524,0.9866666666666667,0.96,-0.026666666666666727,0.6666666666666666,0.38095238095238093,-0.2857142857142857,10,11
12,q10_90,10/90,legacy67,0.1,0.1,0.1,0.9,0.6876190476190476,0.7295238095238097,0.04190476190476211,0.9733333333333334,0.92,-0.053333333333333344,0.7142857142857143,0.8095238095238095,0.09523809523809523,6,11
12,q20_80,20/80,legacy67,0.1,0.1,0.2,0.8,0.6876190476190476,0.7561904761904761,0.0685714285714285,0.9733333333333334,0.9466666666666667,-0.026666666666666727,0.7142857142857143,0.8095238095238095,0.09523809523809523,6,10
12,q25_75,25/75 (default),legacy67,0.1,0.1,0.25,0.75,0.6876190476190476,0.618095238095238,-0.06952380952380954,0.9733333333333334,0.88,-0.09333333333333338,0.7142857142857143,0.7380952380952381,0.023809523809523836,6,13
12,q30_70,30/70,legacy67,0.1,0.1,0.3,0.7,0.6876190476190476,0.56,-0.12761904761904752,0.9733333333333334,0.8933333333333333,-0.08000000000000007,0.7142857142857143,0.6666666666666666,-0.04761904761904767,6,11
12,q35_65,35/65,legacy67,0.1,0.1,0.35,0.65,0.6876190476190476,0.4152380952380952,-0.2723809523809524,0.9733333333333334,0.9866666666666667,0.013333333333333308,0.7142857142857143,0.42857142857142855,-0.28571428571428575,6,10
13,q10_90,10/90,legacy67,0.1,0.1,0.1,0.9,0.5819047619047619,0.6104761904761906,0.028571428571428692,0.9866666666666667,0.92,-0.06666666666666665,0.5952380952380952,0.6904761904761905,0.09523809523809523,6,11
13,q20_80,20/80,legacy67,0.1,0.1,0.2,0.8,0.5819047619047619,0.6847619047619049,0.10285714285714298,0.9866666666666667,0.9466666666666667,-0.040000000000000036,0.5952380952380952,0.7380952380952381,0.1428571428571429,6,11
13,q25_75,25/75 (default),legacy67,0.1,0.1,0.25,0.75,0.5819047619047619,0.6819047619047618,0.09999999999999987,0.9866666666666667,0.92,-0.06666666666666665,0.5952380952380952,0.7619047619047619,0.16666666666666663,6,13
13,q30_70,30/70,legacy67,0.1,0.1,0.3,0.7,0.5819047619047619,0.5095238095238095,-0.07238095238095243,0.9866666666666667,0.8666666666666667,-0.12,0.5952380952380952,0.6428571428571429,0.04761904761904767,6,14
13,q35_65,35/65,legacy67,0.1,0.1,0.35,0.65,0.5819047619047619,0.3990476190476191,-0.18285714285714283,0.9866666666666667,0.9466666666666667,-0.040000000000000036,0.5952380952380952,0.4523809523809524,-0.14285714285714285,6,12
14,q10_90,10/90,legacy67,0.1,0.1,0.1,0.9,0.6904761904761905,0.7533333333333334,0.06285714285714294,1.0,0.92,-0.07999999999999996,0.6904761904761905,0.8333333333333334,0.1428571428571429,9,9
14,q20_80,20/80,legacy67,0.1,0.1,0.2,0.8,0.6904761904761905,0.7695238095238095,0.07904761904761903,1.0,0.96,-0.040000000000000036,0.6904761904761905,0.8095238095238095,0.11904761904761907,9,10
14,q25_75,25/75 (default),legacy67,0.1,0.1,0.25,0.75,0.6904761904761905,0.7695238095238095,0.07904761904761903,1.0,0.96,-0.040000000000000036,0.6904761904761905,0.8095238095238095,0.11904761904761907,9,11
14,q30_70,30/70,legacy67,0.1,0.1,0.3,0.7,0.6904761904761905,0.6000000000000001,-0.09047619047619038,1.0,0.9333333333333333,-0.06666666666666665,0.6904761904761905,0.6666666666666666,-0.023809523809523836,9,13
14,q35_65,35/65,legacy67,0.1,0.1,0.35,0.65,0.6904761904761905,0.44666666666666677,-0.2438095238095237,1.0,0.9466666666666667,-0.053333333333333344,0.6904761904761905,0.5,-0.19047619047619047,9,13
15,q10_90,10/90,legacy67,0.1,0.1,0.1,0.9,0.6904761904761905,0.7723809523809524,0.08190476190476192,1.0,0.9866666666666667,-0.013333333333333308,0.6904761904761905,0.7857142857142857,0.09523809523809523,7,13
15,q20_80,20/80,legacy67,0.1,0.1,0.2,0.8,0.6904761904761905,0.7190476190476192,0.028571428571428692,1.0,0.9333333333333333,-0.06666666666666665,0.6904761904761905,0.7857142857142857,0.09523809523809523,7,11
15,q25_75,25/75 (default),legacy67,0.1,0.1,0.25,0.75,0.6904761904761905,0.5571428571428572,-0.1333333333333333,1.0,0.8666666666666667,-0.1333333333333333,0.6904761904761905,0.6904761904761905,0.0,7,13
15,q30_70,30/70,legacy67,0.1,0.1,0.3,0.7,0.6904761904761905,0.4828571428571429,-0.2076190476190476,1.0,0.84,-0.16000000000000003,0.6904761904761905,0.6428571428571429,-0.04761904761904756,7,9
15,q35_65,35/65,legacy67,0.1,0.1,0.35,0.65,0.6904761904761905,0.4152380952380952,-0.2752380952380953,1.0,0.9866666666666667,-0.013333333333333308,0.6904761904761905,0.42857142857142855,-0.2619047619047619,7,12
16,q10_90,10/90,legacy67,0.1,0.1,0.1,0.9,0.6638095238095238,0.8009523809523809,0.137142857142857,0.9733333333333334,0.92,-0.053333333333333344,0.6904761904761905,0.8809523809523809,0.19047619047619047,6,11
16,q20_80,20/80,legacy67,0.1,0.1,0.2,0.8,0.6638095238095238,0.7695238095238095,0.10571428571428565,0.9733333333333334,0.96,-0.01333333333333342,0.6904761904761905,0.8095238095238095,0.11904761904761907,6,8
16,q25_75,25/75 (default),legacy67,0.1,0.1,0.25,0.75,0.6638095238095238,0.74,0.07619047619047614,0.9733333333333334,0.9066666666666666,-0.06666666666666676,0.6904761904761905,0.8333333333333334,0.1428571428571429,6,12
16,q30_70,30/70,legacy67,0.1,0.1,0.3,0.7,0.6638095238095238,0.6152380952380954,-0.04857142857142849,0.9733333333333334,0.8533333333333334,-0.12,0.6904761904761905,0.7619047619047619,0.0714285714285714,6,12
16,q35_65,35/65,legacy67,0.1,0.1,0.35,0.65,0.6638095238095238,0.4152380952380952,-0.24857142857142867,0.9733333333333334,0.9866666666666667,0.013333333333333308,0.6904761904761905,0.42857142857142855,-0.2619047619047619,6,12
17,q10_90,10/90,legacy67,0.1,0.1,0.1,0.9,0.6295238095238096,0.6847619047619049,0.05523809523809531,0.9866666666666667,0.9466666666666667,-0.040000000000000036,0.6428571428571429,0.7380952380952381,0.09523809523809523,8,9
17,q20_80,20/80,legacy67,0.1,0.1,0.2,0.8,0.6295238095238096,0.6400000000000001,0.010476190476190528,0.9866666666666667,0.9733333333333334,-0.013333333333333308,0.6428571428571429,0.6666666666666666,0.023809523809523725,8,10
17,q25_75,25/75 (default),legacy67,0.1,0.1,0.25,0.75,0.6295238095238096,0.5304761904761905,-0.09904761904761905,0.9866666666666667,0.84,-0.14666666666666672,0.6428571428571429,0.6904761904761905,0.04761904761904756,8,12
17,q30_70,30/70,legacy67,0.1,0.1,0.3,0.7,0.6295238095238096,0.5333333333333332,-0.09619047619047638,0.9866666666666667,0.8666666666666667,-0.12,0.6428571428571429,0.6666666666666666,0.023809523809523725,8,11
17,q35_65,35/65,legacy67,0.1,0.1,0.35,0.65,0.6295238095238096,0.36190476190476195,-0.26761904761904765,0.9866666666666667,0.9333333333333333,-0.053333333333333344,0.6428571428571429,0.42857142857142855,-0.21428571428571436,8,14
18,q10_90,10/90,legacy67,0.1,0.1,0.1,0.9,0.6057142857142859,0.7028571428571428,0.09714285714285698,0.9866666666666667,0.8933333333333333,-0.09333333333333338,0.6190476190476191,0.8095238095238095,0.19047619047619047,8,9
18,q20_80,20/80,legacy67,0.1,0.1,0.2,0.8,0.6057142857142859,0.8514285714285714,0.24571428571428555,0.9866666666666667,0.9466666666666667,-0.040000000000000036,0.6190476190476191,0.9047619047619048,0.2857142857142857,8,12
18,q25_75,25/75 (default),legacy67,0.1,0.1,0.25,0.75,0.6057142857142859,0.7133333333333334,0.1076190476190475,0.9866666666666667,0.88,-0.10666666666666669,0.6190476190476191,0.8333333333333334,0.2142857142857143,8,12
18,q30_70,30/70,legacy67,0.1,0.1,0.3,0.7,0.6057142857142859,0.5942857142857143,-0.011428571428571566,0.9866666666666667,0.88,-0.10666666666666669,0.6190476190476191,0.7142857142857143,0.09523809523809523,8,12
18,q35_65,35/65,legacy67,0.1,0.1,0.35,0.65,0.6057142857142859,0.26190476190476186,-0.343809523809524,0.9866666666666667,1.0,0.013333333333333308,0.6190476190476191,0.2619047619047619,-0.35714285714285715,8,11
19,q10_90,10/90,legacy67,0.1,0.1,0.1,0.9,0.6666666666666665,0.8409523809523809,0.17428571428571438,1.0,0.96,-0.040000000000000036,0.6666666666666666,0.8809523809523809,0.2142857142857143,9,11
19,q20_80,20/80,legacy67,0.1,0.1,0.2,0.8,0.6666666666666665,0.7352380952380952,0.06857142857142873,1.0,0.9733333333333334,-0.026666666666666616,0.6666666666666666,0.7619047619047619,0.09523809523809523,9,12
19,q25_75,25/75 (default),legacy67,0.1,0.1,0.25,0.75,0.6666666666666665,0.700952380952381,0.034285714285714475,1.0,0.9866666666666667,-0.013333333333333308,0.6666666666666666,0.7142857142857143,0.04761904761904767,9,12
19,q30_70,30/70,legacy67,0.1,0.1,0.3,0.7,0.6666666666666665,0.5895238095238096,-0.07714285714285696,1.0,0.9466666666666667,-0.053333333333333344,0.6666666666666666,0.6428571428571429,-0.023809523809523725,9,12
19,q35_65,35/65,legacy67,0.1,0.1,0.35,0.65,0.6666666666666665,0.5180952380952379,-0.14857142857142858,1.0,0.9466666666666667,-0.053333333333333344,0.6666666666666666,0.5714285714285714,-0.09523809523809523,9,12
20,q10_90,10/90,legacy67,0.1,0.1,0.1,0.9,0.5952380952380953,0.7057142857142857,0.1104761904761904,1.0,0.92,-0.07999999999999996,0.5952380952380952,0.7857142857142857,0.19047619047619047,8,12
20,q20_80,20/80,legacy67,0.1,0.1,0.2,0.8,0.5952380952380953,0.8066666666666666,0.2114285714285713,1.0,0.9733333333333334,-0.026666666666666616,0.5952380952380952,0.8333333333333334,0.23809523809523814,8,11
20,q25_75,25/75 (default),legacy67,0.1,0.1,0.25,0.75,0.5952380952380953,0.6019047619047617,0.0066666666666663765,1.0,0.84,-0.16000000000000003,0.5952380952380952,0.7619047619047619,0.16666666666666663,8,15
20,q30_70,30/70,legacy67,0.1,0.1,0.3,0.7,0.5952380952380953,0.5066666666666666,-0.08857142857142875,1.0,0.84,-0.16000000000000003,0.5952380952380952,0.6666666666666666,0.0714285714285714,8,12
20,q35_65,35/65,legacy67,0.1,0.1,0.35,0.65,0.5952380952380953,0.39142857142857146,-0.20380952380952388,1.0,0.9866666666666667,-0.013333333333333308,0.5952380952380952,0.40476190476190477,-0.19047619047619047,8,14
21,q10_90,10/90,legacy67,0.1,0.1,0.1,0.9,0.6266666666666665,0.6685714285714286,0.04190476190476211,0.96,0.9066666666666666,-0.053333333333333344,0.6666666666666666,0.7619047619047619,0.09523809523809523,7,10
21,q20_80,20/80,legacy67,0.1,0.1,0.2,0.8,0.6266666666666665,0.7904761904761903,0.16380952380952385,0.96,0.9333333333333333,-0.026666666666666616,0.6666666666666666,0.8571428571428571,0.19047619047619047,7,7
21,q25_75,25/75 (default),legacy67,0.1,0.1,0.25,0.75,0.6266666666666665,0.7904761904761903,0.16380952380952385,0.96,0.9333333333333333,-0.026666666666666616,0.6666666666666666,0.8571428571428571,0.19047619047619047,7,10
21,q30_70,30/70,legacy67,0.1,0.1,0.3,0.7,0.6266666666666665,0.6628571428571428,0.03619047619047633,0.96,0.8533333333333334,-0.10666666666666658,0.6666666666666666,0.8095238095238095,0.1428571428571429,7,13
21,q35_65,35/65,legacy67,0.1,0.1,0.35,0.65,0.6266666666666665,0.6028571428571428,-0.023809523809523725,0.96,0.96,0.0,0.6666666666666666,0.6428571428571429,-0.023809523809523725,7,12
22,q10_90,10/90,legacy67,0.1,0.1,0.1,0.9,0.7247619047619049,0.6552380952380952,-0.06952380952380977,0.9866666666666667,0.8933333333333333,-0.09333333333333338,0.7380952380952381,0.7619047619047619,0.023809523809523725,9,9
22,q20_80,20/80,legacy67,0.1,0.1,0.2,0.8,0.7247619047619049,0.7219047619047618,-0.0028571428571431134,0.9866666666666667,0.96,-0.026666666666666727,0.7380952380952381,0.7619047619047619,0.023809523809523725,9,9
22,q25_75,25/75 (default),legacy67,0.1,0.1,0.25,0.75,0.7247619047619049,0.5761904761904764,-0.14857142857142858,0.9866666666666667,0.9333333333333333,-0.053333333333333344,0.7380952380952381,0.6428571428571429,-0.09523809523809523,9,13
22,q30_70,30/70,legacy67,0.1,0.1,0.3,0.7,0.7247619047619049,0.56,-0.1647619047619049,0.9866666666666667,0.8933333333333333,-0.09333333333333338,0.7380952380952381,0.6666666666666666,-0.07142857142857151,9,12
22,q35_65,35/65,legacy67,0.1,0.1,0.35,0.65,0.7247619047619049,0.44666666666666677,-0.2780952380952382,0.9866666666666667,0.9466666666666667,-0.040000000000000036,0.7380952380952381,0.5,-0.23809523809523814,9,12
23,q10_90,10/90,legacy67,0.1,0.1,0.1,0.9,0.5952380952380953,0.7561904761904761,0.16095238095238074,1.0,0.9466666666666667,-0.053333333333333344,0.5952380952380952,0.8095238095238095,0.2142857142857143,7,11
23,q20_80,20/80,legacy67,0.1,0.1,0.2,0.8,0.5952380952380953,0.6847619047619049,0.08952380952380956,1.0,0.9466666666666667,-0.053333333333333344,0.5952380952380952,0.7380952380952381,0.1428571428571429,7,11
23,q25_75,25/75 (default),legacy67,0.1,0.1,0.25,0.75,0.5952380952380953,0.5704761904761906,-0.024761904761904763,1.0,0.88,-0.12,0.5952380952380952,0.6904761904761905,0.09523809523809523,7,12
23,q30_70,30/70,legacy67,0.1,0.1,0.3,0.7,0.5952380952380953,0.539047619047619,-0.056190476190476346,1.0,0.92,-0.07999999999999996,0.5952380952380952,0.6190476190476191,0.023809523809523836,7,12
23,q35_65,35/65,legacy67,0.1,0.1,0.35,0.65,0.5952380952380953,0.3647619047619046,-0.23047619047619072,1.0,0.96,-0.040000000000000036,0.5952380952380952,0.40476190476190477,-0.19047619047619047,7,13
24,q10_90,10/90,legacy67,0.1,0.1,0.1,0.9,0.7485714285714287,0.74,-0.008571428571428674,0.9866666666666667,0.9066666666666666,-0.08000000000000007,0.7619047619047619,0.8333333333333334,0.07142857142857151,6,12
24,q20_80,20/80,legacy67,0.1,0.1,0.2,0.8,0.7485714285714287,0.7933333333333334,0.04476190476190478,0.9866666666666667,0.96,-0.026666666666666727,0.7619047619047619,0.8333333333333334,0.07142857142857151,6,11
24,q25_75,25/75 (default),legacy67,0.1,0.1,0.25,0.75,0.7485714285714287,0.6733333333333333,-0.07523809523809533,0.9866666666666667,0.84,-0.14666666666666672,0.7619047619047619,0.8333333333333334,0.07142857142857151,6,11
24,q30_70,30/70,legacy67,0.1,0.1,0.3,0.7,0.7485714285714287,0.5647619047619048,-0.18380952380952387,0.9866666666666667,0.8266666666666667,-0.16000000000000003,0.7619047619047619,0.7380952380952381,-0.023809523809523725,6,13
24,q35_65,35/65,legacy67,0.1,0.1,0.35,0.65,0.7485714285714287,0.5542857142857143,-0.1942857142857144,0.9866666666666667,0.84,-0.14666666666666672,0.7619047619047619,0.7142857142857143,-0.04761904761904756,6,12
25,q10_90,10/90,legacy67,0.1,0.1,0.1,0.9,0.6666666666666665,0.6266666666666665,-0.040000000000000036,1.0,0.96,-0.040000000000000036,0.6666666666666666,0.6666666666666666,0.0,9,11
25,q20_80,20/80,legacy67,0.1,0.1,0.2,0.8,0.6666666666666665,0.6847619047619049,0.018095238095238386,1.0,0.9466666666666667,-0.053333333333333344,0.6666666666666666,0.7380952380952381,0.07142857142857151,9,11
25,q25_75,25/75 (default),legacy67,0.1,0.1,0.25,0.75,0.6666666666666665,0.7323809523809524,0.06571428571428584,1.0,0.9466666666666667,-0.053333333333333344,0.6666666666666666,0.7857142857142857,0.11904761904761907,9,12
25,q30_70,30/70,legacy67,0.1,0.1,0.3,0.7,0.6666666666666665,0.6000000000000001,-0.06666666666666643,1.0,0.9333333333333333,-0.06666666666666665,0.6666666666666666,0.6666666666666666,0.0,9,12
25,q35_65,35/65,legacy67,0.1,0.1,0.35,0.65,0.6666666666666665,0.38095238095238093,-0.2857142857142856,1.0,1.0,0.0,0.6666666666666666,0.38095238095238093,-0.2857142857142857,9,13
26,q10_90,10/90,legacy67,0.1,0.1,0.1,0.9,0.6533333333333333,0.7295238095238097,0.07619047619047636,0.9866666666666667,0.92,-0.06666666666666665,0.6666666666666666,0.8095238095238095,0.1428571428571429,9,11
26,q20_80,20/80,legacy67,0.1,0.1,0.2,0.8,0.6533333333333333,0.660952380952381,0.007619047619047636,0.9866666666666667,0.9466666666666667,-0.040000000000000036,0.6666666666666666,0.7142857142857143,0.04761904761904767,9,12
26,q25_75,25/75 (default),legacy67,0.1,0.1,0.25,0.75,0.6533333333333333,0.6104761904761906,-0.042857142857142705,0.9866666666666667,0.92,-0.06666666666666665,0.6666666666666666,0.6904761904761905,0.023809523809523836,9,9
26,q30_70,30/70,legacy67,0.1,0.1,0.3,0.7,0.6533333333333333,0.5571428571428572,-0.09619047619047616,0.9866666666666667,0.8666666666666667,-0.12,0.6666666666666666,0.6904761904761905,0.023809523809523836,9,12
26,q35_65,35/65,legacy67,0.1,0.1,0.35,0.65,0.6533333333333333,0.7085714285714286,0.05523809523809531,0.9866666666666667,0.9466666666666667,-0.040000000000000036,0.6666666666666666,0.7619047619047619,0.09523809523809523,9,12
27,q10_90,10/90,legacy67,0.1,0.1,0.1,0.9,0.7247619047619049,0.7876190476190477,0.06285714285714272,0.9866666666666667,0.9066666666666666,-0.08000000000000007,0.7380952380952381,0.8809523809523809,0.1428571428571428,8,10
27,q20_80,20/80,legacy67,0.1,0.1,0.2,0.8,0.7247619047619049,0.78,0.055238095238095086,0.9866666666666667,0.9466666666666667,-0.040000000000000036,0.7380952380952381,0.8333333333333334,0.09523809523809523,8,10
27,q25_75,25/75 (default),legacy67,0.1,0.1,0.25,0.75,0.7247619047619049,0.6390476190476191,-0.08571428571428585,0.9866666666666667,0.8533333333333334,-0.1333333333333333,0.7380952380952381,0.7857142857142857,0.04761904761904756,8,11
27,q30_70,30/70,legacy67,0.1,0.1,0.3,0.7,0.7247619047619049,0.5247619047619048,-0.20000000000000018,0.9866666666666667,0.7866666666666666,-0.20000000000000007,0.7380952380952381,0.7380952380952381,0.0,8,11
27,q35_65,35/65,legacy67,0.1,0.1,0.35,0.65,0.7247619047619049,0.5809523809523811,-0.14380952380952383,0.9866666666666667,0.8666666666666667,-0.12,0.7380952380952381,0.7142857142857143,-0.023809523809523836,8,13
28,q10_90,10/90,legacy67,0.1,0.1,0.1,0.9,0.6714285714285715,0.7190476190476192,0.04761904761904767,0.9333333333333333,0.9333333333333333,0.0,0.7380952380952381,0.7857142857142857,0.04761904761904756,8,10
28,q20_80,20/80,legacy67,0.1,0.1,0.2,0.8,0.6714285714285715,0.7695238095238095,0.09809523809523801,0.9333333333333333,0.96,0.026666666666666616,0.7380952380952381,0.8095238095238095,0.0714285714285714,8,11
28,q25_75,25/75 (default),legacy67,0.1,0.1,0.25,0.75,0.6714285714285715,0.599047619047619,-0.07238095238095243,0.9333333333333333,0.8133333333333334,-0.12,0.7380952380952381,0.7857142857142857,0.04761904761904756,8,11
28,q30_70,30/70,legacy67,0.1,0.1,0.3,0.7,0.6714285714285715,0.6314285714285715,-0.040000000000000036,0.9333333333333333,0.8933333333333333,-0.040000000000000036,0.7380952380952381,0.7380952380952381,0.0,8,12
28,q35_65,35/65,legacy67,0.1,0.1,0.35,0.65,0.6714285714285715,0.5076190476190476,-0.16380952380952385,0.9333333333333333,0.96,0.026666666666666616,0.7380952380952381,0.5476190476190477,-0.19047619047619047,8,15
29,q10_90,10/90,legacy67,0.1,0.1,0.1,0.9,0.6161904761904764,0.7428571428571429,0.12666666666666648,0.9733333333333334,0.9333333333333333,-0.040000000000000036,0.6428571428571429,0.8095238095238095,0.16666666666666663,8,12
29,q20_80,20/80,legacy67,0.1,0.1,0.2,0.8,0.6161904761904764,0.5895238095238096,-0.02666666666666684,0.9733333333333334,0.9466666666666667,-0.026666666666666727,0.6428571428571429,0.6428571428571429,0.0,8,10
29,q25_75,25/75 (default),legacy67,0.1,0.1,0.25,0.75,0.6161904761904764,0.578095238095238,-0.038095238095238404,0.9733333333333334,0.84,-0.13333333333333341,0.6428571428571429,0.7380952380952381,0.09523809523809523,8,12
29,q30_70,30/70,legacy67,0.1,0.1,0.3,0.7,0.6161904761904764,0.5495238095238095,-0.06666666666666687,0.9733333333333334,0.9066666666666666,-0.06666666666666676,0.6428571428571429,0.6428571428571429,0.0,8,10
29,q35_65,35/65,legacy67,0.1,0.1,0.35,0.65,0.6161904761904764,0.45238095238095233,-0.16380952380952407,0.9733333333333334,1.0,0.026666666666666616,0.6428571428571429,0.4523809523809524,-0.19047619047619052,8,15
30,q10_90,10/90,legacy67,0.1,0.1,0.1,0.9,0.5819047619047619,0.7695238095238095,0.18761904761904757,0.9866666666666667,0.96,-0.026666666666666727,0.5952380952380952,0.8095238095238095,0.2142857142857143,7,9
30,q20_80,20/80,legacy67,0.1,0.1,0.2,0.8,0.5819047619047619,0.7695238095238095,0.18761904761904757,0.9866666666666667,0.96,-0.026666666666666727,0.5952380952380952,0.8095238095238095,0.2142857142857143,7,9
30,q25_75,25/75 (default),legacy67,0.1,0.1,0.25,0.75,0.5819047619047619,0.78,0.1980952380952381,0.9866666666666667,0.9466666666666667,-0.040000000000000036,0.5952380952380952,0.8333333333333334,0.23809523809523814,7,10
30,q30_70,30/70,legacy67,0.1,0.1,0.3,0.7,0.5819047619047619,0.6000000000000001,0.018095238095238164,0.9866666666666667,0.9333333333333333,-0.053333333333333344,0.5952380952380952,0.6666666666666666,0.0714285714285714,7,10
30,q35_65,35/65,legacy67,0.1,0.1,0.35,0.65,0.5819047619047619,0.38095238095238093,-0.200952380952381,0.9866666666666667,1.0,0.013333333333333308,0.5952380952380952,0.38095238095238093,-0.2142857142857143,7,14
31,q10_90,10/90,legacy67,0.1,0.1,0.1,0.9,0.5819047619047619,0.6980952380952381,0.11619047619047618,0.9866666666666667,0.96,-0.026666666666666727,0.5952380952380952,0.7380952380952381,0.1428571428571429,7,10
31,q20_80,20/80,legacy67,0.1,0.1,0.2,0.8,0.5819047619047619,0.5819047619047619,0.0,0.9866666666666667,0.9866666666666667,0.0,0.5952380952380952,0.5952380952380952,0.0,7,15
31,q25_75,25/75 (default),legacy67,0.1,0.1,0.25,0.75,0.5819047619047619,0.6028571428571428,0.020952380952380834,0.9866666666666667,0.96,-0.026666666666666727,0.5952380952380952,0.6428571428571429,0.04761904761904767,7,10
31,q30_70,30/70,legacy67,0.1,0.1,0.3,0.7,0.5819047619047619,0.6028571428571428,0.020952380952380834,0.9866666666666667,0.96,-0.026666666666666727,0.5952380952380952,0.6428571428571429,0.04761904761904767,7,13
31,q35_65,35/65,legacy67,0.1,0.1,0.35,0.65,0.5819047619047619,0.4123809523809523,-0.16952380952380963,0.9866666666666667,0.96,-0.026666666666666727,0.5952380952380952,0.4523809523809524,-0.14285714285714285,7,12
32,q10_90,10/90,legacy67,0.1,0.1,0.1,0.9,0.6161904761904764,0.7666666666666666,0.1504761904761902,0.9733333333333334,0.9333333333333333,-0.040000000000000036,0.6428571428571429,0.8333333333333334,0.19047619047619047,9,12
32,q20_80,20/80,legacy67,0.1,0.1,0.2,0.8,0.6161904761904764,0.637142857142857,0.02095238095238061,0.9733333333333334,0.9466666666666667,-0.026666666666666727,0.6428571428571429,0.6904761904761905,0.04761904761904756,9,10
32,q25_75,25/75 (default),legacy67,0.1,0.1,0.25,0.75,0.6161904761904764,0.6980952380952381,0.0819047619047617,0.9733333333333334,0.96,-0.01333333333333342,0.6428571428571429,0.7380952380952381,0.09523809523809523,9,10
32,q30_70,30/70,legacy67,0.1,0.1,0.3,0.7,0.6161904761904764,0.660952380952381,0.04476190476190456,0.9733333333333334,0.9466666666666667,-0.026666666666666727,0.6428571428571429,0.7142857142857143,0.0714285714285714,9,13
32,q35_65,35/65,legacy67,0.1,0.1,0.35,0.65,0.6161904761904764,0.30952380952380953,-0.30666666666666687,0.9733333333333334,1.0,0.026666666666666616,0.6428571428571429,0.30952380952380953,-0.33333333333333337,9,11
33,q10_90,10/90,legacy67,0.1,0.1,0.1,0.9,0.6742857142857144,0.7342857142857144,0.06000000000000005,0.96,0.8533333333333334,-0.10666666666666658,0.7142857142857143,0.8809523809523809,0.16666666666666663,6,10
33,q20_80,20/80,legacy67,0.1,0.1,0.2,0.8,0.6742857142857144,0.7609523809523808,0.08666666666666645,0.96,0.88,-0.07999999999999996,0.7142857142857143,0.8809523809523809,0.16666666666666663,6,11
33,q25_75,25/75 (default),legacy67,0.1,0.1,0.25,0.75,0.6742857142857144,0.6628571428571428,-0.011428571428571566,0.96,0.8533333333333334,-0.10666666666666658,0.7142857142857143,0.8095238095238095,0.09523809523809523,6,9
33,q30_70,30/70,legacy67,0.1,0.1,0.3,0.7,0.6742857142857144,0.5123809523809524,-0.161904761904762,0.96,0.8933333333333333,-0.06666666666666665,0.7142857142857143,0.6190476190476191,-0.09523809523809523,6,12
33,q35_65,35/65,legacy67,0.1,0.1,0.35,0.65,0.6742857142857144,0.45238095238095233,-0.22190476190476205,0.96,1.0,0.040000000000000036,0.7142857142857143,0.4523809523809524,-0.2619047619047619,6,15
34,q10_90,10/90,legacy67,0.1,0.1,0.1,0.9,0.6028571428571428,0.7190476190476192,0.1161904761904764,0.96,0.9333333333333333,-0.026666666666666616,0.6428571428571429,0.7857142857142857,0.1428571428571428,6,9
34,q20_80,20/80,legacy67,0.1,0.1,0.2,0.8,0.6028571428571428,0.7428571428571429,0.14000000000000012,0.96,0.9333333333333333,-0.026666666666666616,0.6428571428571429,0.8095238095238095,0.16666666666666663,6,10
34,q25_75,25/75 (default),legacy67,0.1,0.1,0.25,0.75,0.6028571428571428,0.5733333333333333,-0.029523809523809508,0.96,0.9066666666666666,-0.053333333333333344,0.6428571428571429,0.6666666666666666,0.023809523809523725,6,14
34,q30_70,30/70,legacy67,0.1,0.1,0.3,0.7,0.6028571428571428,0.48571428571428577,-0.117142857142857,0.96,0.8666666666666667,-0.09333333333333327,0.6428571428571429,0.6190476190476191,-0.023809523809523836,6,13
34,q35_65,35/65,legacy67,0.1,0.1,0.35,0.65,0.6028571428571428,0.46285714285714286,-0.1399999999999999,0.96,0.9866666666666667,0.026666666666666727,0.6428571428571429,0.47619047619047616,-0.16666666666666674,6,12
35,q10_90,10/90,legacy67,0.1,0.1,0.1,0.9,0.5314285714285714,0.6552380952380952,0.12380952380952381,0.96,0.8933333333333333,-0.06666666666666665,0.5714285714285714,0.7619047619047619,0.19047619047619047,8,8
35,q20_80,20/80,legacy67,0.1,0.1,0.2,0.8,0.5314285714285714,0.6476190476190475,0.11619047619047618,0.96,0.9333333333333333,-0.026666666666666616,0.5714285714285714,0.7142857142857143,0.1428571428571429,8,11
35,q25_75,25/75 (default),legacy67,0.1,0.1,0.25,0.75,0.5314285714285714,0.6504761904761904,0.11904761904761907,0.96,0.96,0.0,0.5714285714285714,0.6904761904761905,0.11904761904761907,8,10
35,q30_70,30/70,legacy67,0.1,0.1,0.3,0.7,0.5314285714285714,0.6104761904761906,0.07904761904761926,0.96,0.92,-0.039999999999999925,0.5714285714285714,0.6904761904761905,0.11904761904761907,8,9
35,q35_65,35/65,legacy67,0.1,0.1,0.35,0.65,0.5314285714285714,0.49142857142857155,-0.039999999999999813,0.96,0.92,-0.039999999999999925,0.5714285714285714,0.5714285714285714,0.0,8,14
36,q10_90,10/90,legacy67,0.1,0.1,0.1,0.9,0.5180952380952379,0.6685714285714286,0.15047619047619065,0.9466666666666667,0.9066666666666666,-0.040000000000000036,0.5714285714285714,0.7619047619047619,0.19047619047619047,8,9
36,q20_80,20/80,legacy67,0.1,0.1,0.2,0.8,0.5180952380952379,0.7561904761904761,0.23809523809523814,0.9466666666666667,0.9466666666666667,0.0,0.5714285714285714,0.8095238095238095,0.23809523809523814,8,10
36,q25_75,25/75 (default),legacy67,0.1,0.1,0.25,0.75,0.5180952380952379,0.5914285714285716,0.0733333333333337,0.9466666666666667,0.8533333333333334,-0.09333333333333327,0.5714285714285714,0.7380952380952381,0.16666666666666674,8,13
36,q30_70,30/70,legacy67,0.1,0.1,0.3,0.7,0.5180952380952379,0.5123809523809524,-0.005714285714285561,0.9466666666666667,0.8933333333333333,-0.053333333333333344,0.5714285714285714,0.6190476190476191,0.04761904761904767,8,9
36,q35_65,35/65,legacy67,0.1,0.1,0.35,0.65,0.5180952380952379,0.23809523809523814,-0.2799999999999998,0.9466666666666667,1.0,0.053333333333333344,0.5714285714285714,0.23809523809523808,-0.3333333333333333,8,10
37,q10_90,10/90,legacy67,0.1,0.1,0.1,0.9,0.6876190476190476,0.7295238095238097,0.04190476190476211,0.9733333333333334,0.92,-0.053333333333333344,0.7142857142857143,0.8095238095238095,0.09523809523809523,10,11
37,q20_80,20/80,legacy67,0.1,0.1,0.2,0.8,0.6876190476190476,0.7219047619047618,0.03428571428571425,0.9733333333333334,0.96,-0.01333333333333342,0.7142857142857143,0.7619047619047619,0.04761904761904756,10,9
37,q25_75,25/75 (default),legacy67,0.1,0.1,0.25,0.75,0.6876190476190476,0.7323809523809524,0.04476190476190478,0.9733333333333334,0.9466666666666667,-0.026666666666666727,0.7142857142857143,0.7857142857142857,0.0714285714285714,10,12
37,q30_70,30/70,legacy67,0.1,0.1,0.3,0.7,0.6876190476190476,0.5761904761904764,-0.11142857142857121,0.9733333333333334,0.9333333333333333,-0.040000000000000036,0.7142857142857143,0.6428571428571429,-0.0714285714285714,10,11
37,q35_65,35/65,legacy67,0.1,0.1,0.35,0.65,0.6876190476190476,0.4123809523809523,-0.2752380952380953,0.9733333333333334,0.96,-0.01333333333333342,0.7142857142857143,0.4523809523809524,-0.2619047619047619,10,13
38,q10_90,10/90,legacy67,0.1,0.1,0.1,0.9,0.700952380952381,0.7190476190476192,0.018095238095238164,0.9866666666666667,0.9333333333333333,-0.053333333333333344,0.7142857142857143,0.7857142857142857,0.0714285714285714,8,9
38,q20_80,20/80,legacy67,0.1,0.1,0.2,0.8,0.700952380952381,0.6000000000000001,-0.1009523809523809,0.9866666666666667,0.9333333333333333,-0.053333333333333344,0.7142857142857143,0.6666666666666666,-0.04761904761904767,8,10
38,q25_75,25/75 (default),legacy67,0.1,0.1,0.25,0.75,0.700952380952381,0.4933333333333332,-0.20761904761904781,0.9866666666666667,0.8266666666666667,-0.16000000000000003,0.7142857142857143,0.6666666666666666,-0.04761904761904767,8,10
38,q30_70,30/70,legacy67,0.1,0.1,0.3,0.7,0.700952380952381,0.43047619047619046,-0.27047619047619054,0.9866666666666667,0.9066666666666666,-0.08000000000000007,0.7142857142857143,0.5238095238095238,-0.19047619047619047,8,14
38,q35_65,35/65,legacy67,0.1,0.1,0.35,0.65,0.700952380952381,0.5019047619047619,-0.19904761904761914,0.9866666666666667,0.9066666666666666,-0.08000000000000007,0.7142857142857143,0.5952380952380952,-0.11904761904761907,8,15
39,q10_90,10/90,legacy67,0.1,0.1,0.1,0.9,0.6714285714285715,0.6923809523809523,0.020952380952380834,0.9333333333333333,0.9066666666666666,-0.026666666666666727,0.7380952380952381,0.7857142857142857,0.04761904761904756,7,10
39,q20_80,20/80,legacy67,0.1,0.1,0.2,0.8,0.6714285714285715,0.716190476190476,0.04476190476190456,0.9333333333333333,0.9066666666666666,-0.026666666666666727,0.7380952380952381,0.8095238095238095,0.0714285714285714,7,9
39,q25_75,25/75 (default),legacy67,0.1,0.1,0.25,0.75,0.6714285714285715,0.6819047619047618,0.010476190476190306,0.9333333333333333,0.92,-0.013333333333333308,0.7380952380952381,0.7619047619047619,0.023809523809523725,7,11
39,q30_70,30/70,legacy67,0.1,0.1,0.3,0.7,0.6714285714285715,0.6657142857142857,-0.005714285714285783,0.9333333333333333,0.88,-0.053333333333333344,0.7380952380952381,0.7857142857142857,0.04761904761904756,7,15
39,q35_65,35/65,legacy67,0.1,0.1,0.35,0.65,0.6714285714285715,0.44666666666666677,-0.22476190476190472,0.9333333333333333,0.9466666666666667,0.013333333333333308,0.7380952380952381,0.5,-0.23809523809523814,7,11
40,q10_90,10/90,legacy67,0.1,0.1,0.1,0.9,0.5104761904761905,0.6314285714285715,0.12095238095238092,0.9866666666666667,0.8933333333333333,-0.09333333333333338,0.5238095238095238,0.7380952380952381,0.2142857142857143,6,11
40,q20_80,20/80,legacy67,0.1,0.1,0.2,0.8,0.5104761904761905,0.5761904761904764,0.06571428571428584,0.9866666666666667,0.9333333333333333,-0.053333333333333344,0.5238095238095238,0.6428571428571429,0.11904761904761907,6,11
40,q25_75,25/75 (default),legacy67,0.1,0.1,0.25,0.75,0.5104761904761905,0.5809523809523811,0.07047619047619058,0.9866666666666667,0.8666666666666667,-0.12,0.5238095238095238,0.7142857142857143,0.19047619047619047,6,12
40,q30_70,30/70,legacy67,0.1,0.1,0.3,0.7,0.5104761904761905,0.44666666666666677,-0.06380952380952376,0.9866666666666667,0.9466666666666667,-0.040000000000000036,0.5238095238095238,0.5,-0.023809523809523836,6,11
40,q35_65,35/65,legacy67,0.1,0.1,0.35,0.65,0.5104761904761905,0.3542857142857143,-0.1561904761904762,0.9866666666666667,0.9733333333333334,-0.013333333333333308,0.5238095238095238,0.38095238095238093,-0.1428571428571429,6,12
41,q10_90,10/90,legacy67,0.1,0.1,0.1,0.9,0.700952380952381,0.8009523809523809,0.09999999999999987,0.9866666666666667,0.92,-0.06666666666666665,0.7142857142857143,0.8809523809523809,0.16666666666666663,8,12
41,q20_80,20/80,legacy67,0.1,0.1,0.2,0.8,0.700952380952381,0.716190476190476,0.01523809523809505,0.9866666666666667,0.9066666666666666,-0.08000000000000007,0.7142857142857143,0.8095238095238095,0.09523809523809523,8,10
41,q25_75,25/75 (default),legacy67,0.1,0.1,0.25,0.75,0.700952380952381,0.7266666666666666,0.02571428571428558,0.9866666666666667,0.8933333333333333,-0.09333333333333338,0.7142857142857143,0.8333333333333334,0.11904761904761907,8,10
41,q30_70,30/70,legacy67,0.1,0.1,0.3,0.7,0.700952380952381,0.5257142857142858,-0.1752380952380952,0.9866666666666667,0.9066666666666666,-0.08000000000000007,0.7142857142857143,0.6190476190476191,-0.09523809523809523,8,11
41,q35_65,35/65,legacy67,0.1,0.1,0.35,0.65,0.700952380952381,0.43904761904761913,-0.26190476190476186,0.9866666666666667,0.9866666666666667,0.0,0.7142857142857143,0.4523809523809524,-0.2619047619047619,8,13
42,q10_90,10/90,legacy67,0.1,0.1,0.1,0.9,0.6295238095238096,0.6980952380952381,0.0685714285714285,0.9866666666666667,0.96,-0.026666666666666727,0.6428571428571429,0.7380952380952381,0.09523809523809523,9,12
42,q20_80,20/80,legacy67,0.1,0.1,0.2,0.8,0.6295238095238096,0.637142857142857,0.007619047619047414,0.9866666666666667,0.9466666666666667,-0.040000000000000036,0.6428571428571429,0.6904761904761905,0.04761904761904756,9,11
42,q25_75,25/75 (default),legacy67,0.1,0.1,0.25,0.75,0.6295238095238096,0.5866666666666667,-0.04285714285714293,0.9866666666666667,0.92,-0.06666666666666665,0.6428571428571429,0.6666666666666666,0.023809523809523725,9,11
42,q30_70,30/70,legacy67,0.1,0.1,0.3,0.7,0.6295238095238096,0.4733333333333334,-0.1561904761904762,0.9866666666666667,0.9733333333333334,-0.013333333333333308,0.6428571428571429,0.5,-0.1428571428571429,9,10
42,q35_65,35/65,legacy67,0.1,0.1,0.35,0.65,0.6295238095238096,0.23809523809523814,-0.39142857142857146,0.9866666666666667,1.0,0.013333333333333308,0.6428571428571429,0.23809523809523808,-0.4047619047619048,9,12
43,q10_90,10/90,legacy67,0.1,0.1,0.1,0.9,0.5314285714285714,0.7533333333333334,0.22190476190476205,0.96,0.92,-0.039999999999999925,0.5714285714285714,0.8333333333333334,0.261904761904762,9,11
43,q20_80,20/80,legacy67,0.1,0.1,0.2,0.8,0.5314285714285714,0.6238095238095238,0.09238095238095245,0.96,0.9333333333333333,-0.026666666666666616,0.5714285714285714,0.6904761904761905,0.11904761904761907,9,10
43,q25_75,25/75 (default),legacy67,0.1,0.1,0.25,0.75,0.5314285714285714,0.6476190476190475,0.11619047619047618,0.96,0.9333333333333333,-0.026666666666666616,0.5714285714285714,0.7142857142857143,0.1428571428571429,9,11
43,q30_70,30/70,legacy67,0.1,0.1,0.3,0.7,0.5314285714285714,0.52,-0.011428571428571344,0.96,0.8533333333333334,-0.10666666666666658,0.5714285714285714,0.6666666666666666,0.09523809523809523,9,10
43,q35_65,35/65,legacy67,0.1,0.1,0.35,0.65,0.5314285714285714,0.4780952380952379,-0.053333333333333455,0.96,0.9066666666666666,-0.053333333333333344,0.5714285714285714,0.5714285714285714,0.0,9,16
44,q10_90,10/90,legacy67,0.1,0.1,0.1,0.9,0.6400000000000001,0.7428571428571429,0.10285714285714276,0.9733333333333334,0.9333333333333333,-0.040000000000000036,0.6666666666666666,0.8095238095238095,0.1428571428571429,6,11
44,q20_80,20/80,legacy67,0.1,0.1,0.2,0.8,0.6400000000000001,0.660952380952381,0.020952380952380834,0.9733333333333334,0.9466666666666667,-0.026666666666666727,0.6666666666666666,0.7142857142857143,0.04761904761904767,6,10
44,q25_75,25/75 (default),legacy67,0.1,0.1,0.25,0.75,0.6400000000000001,0.5733333333333333,-0.06666666666666687,0.9733333333333334,0.9066666666666666,-0.06666666666666676,0.6666666666666666,0.6666666666666666,0.0,6,13
44,q30_70,30/70,legacy67,0.1,0.1,0.3,0.7,0.6400000000000001,0.5095238095238095,-0.13047619047619063,0.9733333333333334,0.8666666666666667,-0.10666666666666669,0.6666666666666666,0.6428571428571429,-0.023809523809523725,6,12
44,q35_65,35/65,legacy67,0.1,0.1,0.35,0.65,0.6400000000000001,0.4123809523809523,-0.22761904761904783,0.9733333333333334,0.96,-0.01333333333333342,0.6666666666666666,0.4523809523809524,-0.21428571428571425,6,13
45,q10_90,10/90,legacy67,0.1,0.1,0.1,0.9,0.6028571428571428,0.7428571428571429,0.14000000000000012,0.96,0.9333333333333333,-0.026666666666666616,0.6428571428571429,0.8095238095238095,0.16666666666666663,7,13
45,q20_80,20/80,legacy67,0.1,0.1,0.2,0.8,0.6028571428571428,0.7933333333333334,0.1904761904761907,0.96,0.96,0.0,0.6428571428571429,0.8333333333333334,0.19047619047619047,7,13
45,q25_75,25/75 (default),legacy67,0.1,0.1,0.25,0.75,0.6028571428571428,0.7638095238095237,0.16095238095238096,0.96,0.9066666666666666,-0.053333333333333344,0.6428571428571429,0.8571428571428571,0.2142857142857142,7,13
45,q30_70,30/70,legacy67,0.1,0.1,0.3,0.7,0.6028571428571428,0.6923809523809523,0.08952380952380956,0.96,0.9066666666666666,-0.053333333333333344,0.6428571428571429,0.7857142857142857,0.1428571428571428,7,13
45,q35_65,35/65,legacy67,0.1,0.1,0.35,0.65,0.6028571428571428,0.3571428571428572,-0.24571428571428555,0.96,1.0,0.040000000000000036,0.6428571428571429,0.35714285714285715,-0.28571428571428575,7,14
46,q10_90,10/90,legacy67,0.1,0.1,0.1,0.9,0.7190476190476192,0.6628571428571428,-0.056190476190476346,0.9333333333333333,0.8533333333333334,-0.07999999999999996,0.7857142857142857,0.8095238095238095,0.023809523809523836,7,9
46,q20_80,20/80,legacy67,0.1,0.1,0.2,0.8,0.7190476190476192,0.7561904761904761,0.03714285714285692,0.9333333333333333,0.9466666666666667,0.013333333333333308,0.7857142857142857,0.8095238095238095,0.023809523809523836,7,11
46,q25_75,25/75 (default),legacy67,0.1,0.1,0.25,0.75,0.7190476190476192,0.6285714285714286,-0.0904761904761906,0.9333333333333333,0.8666666666666667,-0.06666666666666665,0.7857142857142857,0.7619047619047619,-0.023809523809523836,7,10
46,q30_70,30/70,legacy67,0.1,0.1,0.3,0.7,0.7190476190476192,0.5828571428571427,-0.13619047619047642,0.9333333333333333,0.7733333333333333,-0.16000000000000003,0.7857142857142857,0.8095238095238095,0.023809523809523836,7,12
46,q35_65,35/65,legacy67,0.1,0.1,0.35,0.65,0.7190476190476192,0.4942857142857142,-0.22476190476190494,0.9333333333333333,0.9466666666666667,0.013333333333333308,0.7857142857142857,0.5476190476190477,-0.23809523809523803,7,11
47,q10_90,10/90,legacy67,0.1,0.1,0.1,0.9,0.6876190476190476,0.716190476190476,0.02857142857142847,0.9733333333333334,0.9066666666666666,-0.06666666666666676,0.7142857142857143,0.8095238095238095,0.09523809523809523,9,10
47,q20_80,20/80,legacy67,0.1,0.1,0.2,0.8,0.6876190476190476,0.6342857142857143,-0.05333333333333323,0.9733333333333334,0.92,-0.053333333333333344,0.7142857142857143,0.7142857142857143,0.0,9,13
47,q25_75,25/75 (default),legacy67,0.1,0.1,0.25,0.75,0.6876190476190476,0.6447619047619049,-0.042857142857142705,0.9733333333333334,0.9066666666666666,-0.06666666666666676,0.7142857142857143,0.7380952380952381,0.023809523809523836,9,12
47,q30_70,30/70,legacy67,0.1,0.1,0.3,0.7,0.6876190476190476,0.5733333333333333,-0.11428571428571432,0.9733333333333334,0.9066666666666666,-0.06666666666666676,0.7142857142857143,0.6666666666666666,-0.04761904761904767,9,15
47,q35_65,35/65,legacy67,0.1,0.1,0.35,0.65,0.6876190476190476,0.41999999999999993,-0.26761904761904765,0.9733333333333334,0.92,-0.053333333333333344,0.7142857142857143,0.5,-0.2142857142857143,9,13
48,q10_90,10/90,legacy67,0.1,0.1,0.1,0.9,0.6161904761904764,0.8276190476190477,0.2114285714285713,0.9733333333333334,0.9466666666666667,-0.026666666666666727,0.6428571428571429,0.8809523809523809,0.23809523809523803,8,9
48,q20_80,20/80,legacy67,0.1,0.1,0.2,0.8,0.6161904761904764,0.8038095238095238,0.18761904761904735,0.9733333333333334,0.9466666666666667,-0.026666666666666727,0.6428571428571429,0.8571428571428571,0.2142857142857142,8,9
48,q25_75,25/75 (default),legacy67,0.1,0.1,0.25,0.75,0.6161904761904764,0.6447619047619049,0.02857142857142847,0.9733333333333334,0.9066666666666666,-0.06666666666666676,0.6428571428571429,0.7380952380952381,0.09523809523809523,8,12
48,q30_70,30/70,legacy67,0.1,0.1,0.3,0.7,0.6161904761904764,0.6076190476190475,-0.008571428571428896,0.9733333333333334,0.8933333333333333,-0.08000000000000007,0.6428571428571429,0.7142857142857143,0.0714285714285714,8,14
48,q35_65,35/65,legacy67,0.1,0.1,0.35,0.65,0.6161904761904764,0.5342857142857143,-0.08190476190476215,0.9733333333333334,0.9866666666666667,0.013333333333333308,0.6428571428571429,0.5476190476190477,-0.09523809523809523,8,16
49,q10_90,10/90,legacy67,0.1,0.1,0.1,0.9,0.6742857142857144,0.7085714285714286,0.03428571428571425,0.96,0.9466666666666667,-0.013333333333333308,0.7142857142857143,0.7619047619047619,0.04761904761904756,7,10
49,q20_80,20/80,legacy67,0.1,0.1,0.2,0.8,0.6742857142857144,0.7085714285714286,0.03428571428571425,0.96,0.9466666666666667,-0.013333333333333308,0.7142857142857143,0.7619047619047619,0.04761904761904756,7,14
49,q25_75,25/75 (default),legacy67,0.1,0.1,0.25,0.75,0.6742857142857144,0.6714285714285715,-0.0028571428571428914,0.96,0.9333333333333333,-0.026666666666666616,0.7142857142857143,0.7380952380952381,0.023809523809523836,7,10
49,q30_70,30/70,legacy67,0.1,0.1,0.3,0.7,0.6742857142857144,0.6238095238095238,-0.05047619047619056,0.96,0.9333333333333333,-0.026666666666666616,0.7142857142857143,0.6904761904761905,-0.023809523809523836,7,11
49,q35_65,35/65,legacy67,0.1,0.1,0.35,0.65,0.6742857142857144,0.5209523809523811,-0.15333333333333332,0.96,0.9733333333333334,0.01333333333333342,0.7142857142857143,0.5476190476190477,-0.16666666666666663,7,15
50,q10_90,10/90,legacy67,0.1,0.1,0.1,0.9,0.6638095238095238,0.6895238095238096,0.0257142857142858,0.9733333333333334,0.88,-0.09333333333333338,0.6904761904761905,0.8095238095238095,0.11904761904761907,7,11
50,q20_80,20/80,legacy67,0.1,0.1,0.2,0.8,0.6638095238095238,0.7323809523809524,0.0685714285714285,0.9733333333333334,0.9466666666666667,-0.026666666666666727,0.6904761904761905,0.7857142857142857,0.09523809523809523,7,10
50,q25_75,25/75 (default),legacy67,0.1,0.1,0.25,0.75,0.6638095238095238,0.6342857142857143,-0.029523809523809508,0.9733333333333334,0.92,-0.053333333333333344,0.6904761904761905,0.7142857142857143,0.023809523809523836,7,11
50,q30_70,30/70,legacy67,0.1,0.1,0.3,0.7,0.6638095238095238,0.5152380952380953,-0.14857142857142858,0.9733333333333334,0.92,-0.053333333333333344,0.6904761904761905,0.5952380952380952,-0.09523809523809523,7,14
50,q35_65,35/65,legacy67,0.1,0.1,0.35,0.65,0.6638095238095238,0.44952380952380944,-0.2142857142857144,0.9733333333333334,0.9733333333333334,0.0,0.6904761904761905,0.47619047619047616,-0.2142857142857143,7,13
51,q10_90,10/90,legacy67,0.1,0.1,0.1,0.9,0.7085714285714286,0.8009523809523809,0.09238095238095223,0.9466666666666667,0.92,-0.026666666666666616,0.7619047619047619,0.8809523809523809,0.11904761904761907,6,11
51,q20_80,20/80,legacy67,0.1,0.1,0.2,0.8,0.7085714285714286,0.8171428571428572,0.10857142857142854,0.9466666666666667,0.96,0.013333333333333308,0.7619047619047619,0.8571428571428571,0.09523809523809523,6,12
51,q25_75,25/75 (default),legacy67,0.1,0.1,0.25,0.75,0.7085714285714286,0.6847619047619049,-0.023809523809523725,0.9466666666666667,0.9466666666666667,0.0,0.7619047619047619,0.7380952380952381,-0.023809523809523725,6,12
51,q30_70,30/70,legacy67,0.1,0.1,0.3,0.7,0.7085714285714286,0.597142857142857,-0.11142857142857165,0.9466666666666667,0.9066666666666666,-0.040000000000000036,0.7619047619047619,0.6904761904761905,-0.0714285714285714,6,12
51,q35_65,35/65,legacy67,0.1,0.1,0.35,0.65,0.7085714285714286,0.4866666666666668,-0.22190476190476183,0.9466666666666667,0.9866666666666667,0.040000000000000036,0.7619047619047619,0.5,-0.26190476190476186,6,12
52,q10_90,10/90,legacy67,0.1,0.1,0.1,0.9,0.6428571428571428,0.7561904761904761,0.11333333333333329,1.0,0.9466666666666667,-0.053333333333333344,0.6428571428571429,0.8095238095238095,0.16666666666666663,6,11
52,q20_80,20/80,legacy67,0.1,0.1,0.2,0.8,0.6428571428571428,0.7380952380952381,0.09523809523809534,1.0,1.0,0.0,0.6428571428571429,0.7380952380952381,0.09523809523809523,6,10
52,q25_75,25/75 (default),legacy67,0.1,0.1,0.25,0.75,0.6428571428571428,0.637142857142857,-0.005714285714285783,1.0,0.9466666666666667,-0.053333333333333344,0.6428571428571429,0.6904761904761905,0.04761904761904756,6,12
52,q30_70,30/70,legacy67,0.1,0.1,0.3,0.7,0.6428571428571428,0.597142857142857,-0.04571428571428582,1.0,0.9066666666666666,-0.09333333333333338,0.6428571428571429,0.6904761904761905,0.04761904761904756,6,9
52,q35_65,35/65,legacy67,0.1,0.1,0.35,0.65,0.6428571428571428,0.4152380952380952,-0.2276190476190476,1.0,0.9866666666666667,-0.013333333333333308,0.6428571428571429,0.42857142857142855,-0.21428571428571436,6,14
53,q10_90,10/90,legacy67,0.1,0.1,0.1,0.9,0.6161904761904764,0.7371428571428571,0.1209523809523807,0.9733333333333334,0.88,-0.09333333333333338,0.6428571428571429,0.8571428571428571,0.2142857142857142,9,11
53,q20_80,20/80,legacy67,0.1,0.1,0.2,0.8,0.6161904761904764,0.6638095238095238,0.04761904761904745,0.9733333333333334,0.9733333333333334,0.0,0.6428571428571429,0.6904761904761905,0.04761904761904756,9,11
53,q25_75,25/75 (default),legacy67,0.1,0.1,0.25,0.75,0.6161904761904764,0.6314285714285715,0.01523809523809505,0.9733333333333334,0.8933333333333333,-0.08000000000000007,0.6428571428571429,0.7380952380952381,0.09523809523809523,9,12
53,q30_70,30/70,legacy67,0.1,0.1,0.3,0.7,0.6161904761904764,0.5523809523809524,-0.06380952380952398,0.9733333333333334,0.9333333333333333,-0.040000000000000036,0.6428571428571429,0.6190476190476191,-0.023809523809523836,9,11
53,q35_65,35/65,legacy67,0.1,0.1,0.35,0.65,0.6161904761904764,0.43904761904761913,-0.17714285714285727,0.9733333333333334,0.9866666666666667,0.013333333333333308,0.6428571428571429,0.4523809523809524,-0.19047619047619052,9,14
54,q10_90,10/90,legacy67,0.1,0.1,0.1,0.9,0.6638095238095238,0.8171428571428572,0.15333333333333332,0.9733333333333334,0.96,-0.01333333333333342,0.6904761904761905,0.8571428571428571,0.16666666666666663,8,11
54,q20_80,20/80,legacy67,0.1,0.1,0.2,0.8,0.6638095238095238,0.7085714285714286,0.04476190476190478,0.9733333333333334,0.9466666666666667,-0.026666666666666727,0.6904761904761905,0.7619047619047619,0.0714285714285714,8,11
54,q25_75,25/75 (default),legacy67,0.1,0.1,0.25,0.75,0.6638095238095238,0.6133333333333333,-0.05047619047619056,0.9733333333333334,0.9466666666666667,-0.026666666666666727,0.6904761904761905,0.6666666666666666,-0.023809523809523836,8,13
54,q30_70,30/70,legacy67,0.1,0.1,0.3,0.7,0.6638095238095238,0.6580952380952381,-0.005714285714285783,0.9733333333333334,0.92,-0.053333333333333344,0.6904761904761905,0.7380952380952381,0.04761904761904767,8,11
54,q35_65,35/65,legacy67,0.1,0.1,0.35,0.65,0.6638095238095238,0.5704761904761906,-0.09333333333333327,0.9733333333333334,0.88,-0.09333333333333338,0.6904761904761905,0.6904761904761905,0.0,8,15
55,q10_90,10/90,legacy67,0.1,0.1,0.1,0.9,0.7219047619047618,0.6742857142857144,-0.04761904761904745,0.96,0.96,0.0,0.7619047619047619,0.7142857142857143,-0.04761904761904756,7,9
55,q20_80,20/80,legacy67,0.1,0.1,0.2,0.8,0.7219047619047618,0.78,0.0580952380952382,0.96,0.9466666666666667,-0.013333333333333308,0.7619047619047619,0.8333333333333334,0.07142857142857151,7,12
55,q25_75,25/75 (default),legacy67,0.1,0.1,0.25,0.75,0.7219047619047618,0.7428571428571429,0.020952380952381056,0.96,0.9333333333333333,-0.026666666666666616,0.7619047619047619,0.8095238095238095,0.04761904761904767,7,12
55,q30_70,30/70,legacy67,0.1,0.1,0.3,0.7,0.7219047619047618,0.5095238095238095,-0.21238095238095234,0.96,0.8666666666666667,-0.09333333333333327,0.7619047619047619,0.6428571428571429,-0.11904761904761896,7,10
55,q35_65,35/65,legacy67,0.1,0.1,0.35,0.65,0.7219047619047618,0.4733333333333334,-0.24857142857142844,0.96,0.9733333333333334,0.01333333333333342,0.7619047619047619,0.5,-0.26190476190476186,7,15
56,q10_90,10/90,legacy67,0.1,0.1,0.1,0.9,0.6428571428571428,0.6980952380952381,0.05523809523809531,1.0,0.96,-0.040000000000000036,0.6428571428571429,0.7380952380952381,0.09523809523809523,8,9
56,q20_80,20/80,legacy67,0.1,0.1,0.2,0.8,0.6428571428571428,0.6980952380952381,0.05523809523809531,1.0,0.96,-0.040000000000000036,0.6428571428571429,0.7380952380952381,0.09523809523809523,8,13
56,q25_75,25/75 (default),legacy67,0.1,0.1,0.25,0.75,0.6428571428571428,0.6390476190476191,-0.003809523809523707,1.0,0.8533333333333334,-0.1466666666666666,0.6428571428571429,0.7857142857142857,0.1428571428571428,8,9
56,q30_70,30/70,legacy67,0.1,0.1,0.3,0.7,0.6428571428571428,0.6390476190476191,-0.003809523809523707,1.0,0.8533333333333334,-0.1466666666666666,0.6428571428571429,0.7857142857142857,0.1428571428571428,8,11
56,q35_65,35/65,legacy67,0.1,0.1,0.35,0.65,0.6428571428571428,0.6447619047619049,0.0019047619047620756,1.0,0.9066666666666666,-0.09333333333333338,0.6428571428571429,0.7380952380952381,0.09523809523809523,8,15
57,q10_90,10/90,legacy67,0.1,0.1,0.1,0.9,0.5685714285714285,0.78,0.21142857142857152,0.9733333333333334,0.9466666666666667,-0.026666666666666727,0.5952380952380952,0.8333333333333334,0.23809523809523814,8,11
57,q20_80,20/80,legacy67,0.1,0.1,0.2,0.8,0.5685714285714285,0.7561904761904761,0.18761904761904757,0.9733333333333334,0.9466666666666667,-0.026666666666666727,0.5952380952380952,0.8095238095238095,0.2142857142857143,8,9
57,q25_75,25/75 (default),legacy67,0.1,0.1,0.25,0.75,0.5685714285714285,0.618095238095238,0.049523809523809526,0.9733333333333334,0.88,-0.09333333333333338,0.5952380952380952,0.7380952380952381,0.1428571428571429,8,14
57,q30_70,30/70,legacy67,0.1,0.1,0.3,0.7,0.5685714285714285,0.4647619047619047,-0.1038095238095238,0.9733333333333334,0.8933333333333333,-0.08000000000000007,0.5952380952380952,0.5714285714285714,-0.023809523809523836,8,9
57,q35_65,35/65,legacy67,0.1,0.1,0.35,0.65,0.5685714285714285,0.36761904761904773,-0.20095238095238077,0.9733333333333334,0.9866666666666667,0.013333333333333308,0.5952380952380952,0.38095238095238093,-0.2142857142857143,8,10
58,q10_90,10/90,legacy67,0.1,0.1,0.1,0.9,0.6295238095238096,0.8276190476190477,0.1980952380952381,0.9866666666666667,0.9466666666666667,-0.040000000000000036,0.6428571428571429,0.8809523809523809,0.23809523809523803,9,10
58,q20_80,20/80,legacy67,0.1,0.1,0.2,0.8,0.6295238095238096,0.8276190476190477,0.1980952380952381,0.9866666666666667,0.9466666666666667,-0.040000000000000036,0.6428571428571429,0.8809523809523809,0.23809523809523803,9,11
58,q25_75,25/75 (default),legacy67,0.1,0.1,0.25,0.75,0.6295238095238096,0.6761904761904762,0.046666666666666634,0.9866666666666667,0.8666666666666667,-0.12,0.6428571428571429,0.8095238095238095,0.16666666666666663,9,12
58,q30_70,30/70,legacy67,0.1,0.1,0.3,0.7,0.6295238095238096,0.5495238095238095,-0.08000000000000007,0.9866666666666667,0.9066666666666666,-0.08000000000000007,0.6428571428571429,0.6428571428571429,0.0,9,10
58,q35_65,35/65,legacy67,0.1,0.1,0.35,0.65,0.6295238095238096,0.5495238095238095,-0.08000000000000007,0.9866666666666667,0.9066666666666666,-0.08000000000000007,0.6428571428571429,0.6428571428571429,0.0,9,14
59,q10_90,10/90,legacy67,0.1,0.1,0.1,0.9,0.6295238095238096,0.6342857142857143,0.004761904761904745,0.9866666666666667,0.92,-0.06666666666666665,0.6428571428571429,0.7142857142857143,0.0714285714285714,10,12
59,q20_80,20/80,legacy67,0.1,0.1,0.2,0.8,0.6295238095238096,0.6447619047619049,0.015238095238095273,0.9866666666666667,0.9066666666666666,-0.08000000000000007,0.6428571428571429,0.7380952380952381,0.09523809523809523,10,11
59,q25_75,25/75 (default),legacy67,0.1,0.1,0.25,0.75,0.6295238095238096,0.6257142857142857,-0.003809523809523929,0.9866666666666667,0.84,-0.14666666666666672,0.6428571428571429,0.7857142857142857,0.1428571428571428,10,11
59,q30_70,30/70,legacy67,0.1,0.1,0.3,0.7,0.6295238095238096,0.49142857142857155,-0.13809523809523805,0.9866666666666667,0.92,-0.06666666666666665,0.6428571428571429,0.5714285714285714,-0.07142857142857151,10,11
59,q35_65,35/65,legacy67,0.1,0.1,0.35,0.65,0.6295238095238096,0.5866666666666667,-0.04285714285714293,0.9866666666666667,0.92,-0.06666666666666665,0.6428571428571429,0.6666666666666666,0.023809523809523725,10,11
60,q10_90,10/90,legacy67,0.1,0.1,0.1,0.9,0.7352380952380952,0.7695238095238095,0.03428571428571425,0.9733333333333334,0.96,-0.01333333333333342,0.7619047619047619,0.8095238095238095,0.04761904761904767,10,10
60,q20_80,20/80,legacy67,0.1,0.1,0.2,0.8,0.7352380952380952,0.7428571428571429,0.007619047619047636,0.9733333333333334,0.9333333333333333,-0.040000000000000036,0.7619047619047619,0.8095238095238095,0.04761904761904767,10,10
60,q25_75,25/75 (default),legacy67,0.1,0.1,0.25,0.75,0.7352380952380952,0.6628571428571428,-0.07238095238095243,0.9733333333333334,0.8533333333333334,-0.12,0.7619047619047619,0.8095238095238095,0.04761904761904767,10,16
60,q30_70,30/70,legacy67,0.1,0.1,0.3,0.7,0.7352380952380952,0.562857142857143,-0.1723809523809523,0.9733333333333334,0.92,-0.053333333333333344,0.7619047619047619,0.6428571428571429,-0.11904761904761896,10,11
60,q35_65,35/65,legacy67,0.1,0.1,0.35,0.65,0.7352380952380952,0.5342857142857143,-0.200952380952381,0.9733333333333334,0.9866666666666667,0.013333333333333308,0.7619047619047619,0.5476190476190477,-0.2142857142857142,10,12
61,q10_90,10/90,legacy67,0.1,0.1,0.1,0.9,0.5895238095238096,0.7028571428571428,0.11333333333333329,0.9466666666666667,0.8933333333333333,-0.053333333333333344,0.6428571428571429,0.8095238095238095,0.16666666666666663,6,13
61,q20_80,20/80,legacy67,0.1,0.1,0.2,0.8,0.5895238095238096,0.7238095238095239,0.13428571428571434,0.9466666666666667,0.8666666666666667,-0.07999999999999996,0.6428571428571429,0.8571428571428571,0.2142857142857142,6,10
61,q25_75,25/75 (default),legacy67,0.1,0.1,0.25,0.75,0.5895238095238096,0.5485714285714285,-0.04095238095238107,0.9466666666666667,0.7866666666666666,-0.16000000000000003,0.6428571428571429,0.7619047619047619,0.11904761904761896,6,12
61,q30_70,30/70,legacy67,0.1,0.1,0.3,0.7,0.5895238095238096,0.4961904761904763,-0.09333333333333327,0.9466666666666667,0.8533333333333334,-0.09333333333333327,0.6428571428571429,0.6428571428571429,0.0,6,11
61,q35_65,35/65,legacy67,0.1,0.1,0.35,0.65,0.5895238095238096,0.36761904761904773,-0.22190476190476183,0.9466666666666667,0.9866666666666667,0.040000000000000036,0.6428571428571429,0.38095238095238093,-0.261904761904762,6,15
62,q10_90,10/90,legacy67,0.1,0.1,0.1,0.9,0.5285714285714285,0.47523809523809524,-0.05333333333333323,0.9333333333333333,0.88,-0.053333333333333344,0.5952380952380952,0.5952380952380952,0.0,8,9
62,q20_80,20/80,legacy67,0.1,0.1,0.2,0.8,0.5285714285714285,0.49904761904761896,-0.029523809523809508,0.9333333333333333,0.88,-0.053333333333333344,0.5952380952380952,0.6190476190476191,0.023809523809523836,8,11
62,q25_75,25/75 (default),legacy67,0.1,0.1,0.25,0.75,0.5285714285714285,0.48857142857142843,-0.040000000000000036,0.9333333333333333,0.8933333333333333,-0.040000000000000036,0.5952380952380952,0.5952380952380952,0.0,8,12
62,q30_70,30/70,legacy67,0.1,0.1,0.3,0.7,0.5285714285714285,0.48571428571428577,-0.042857142857142705,0.9333333333333333,0.8666666666666667,-0.06666666666666665,0.5952380952380952,0.6190476190476191,0.023809523809523836,8,12
62,q35_65,35/65,legacy67,0.1,0.1,0.35,0.65,0.5285714285714285,0.40666666666666673,-0.12190476190476174,0.9333333333333333,0.9066666666666666,-0.026666666666666727,0.5952380952380952,0.5,-0.09523809523809523,8,14
63,q10_90,10/90,legacy67,0.1,0.1,0.1,0.9,0.6400000000000001,0.7742857142857142,0.13428571428571412,0.9733333333333334,0.8933333333333333,-0.08000000000000007,0.6666666666666666,0.8809523809523809,0.2142857142857143,7,9
63,q20_80,20/80,legacy67,0.1,0.1,0.2,0.8,0.6400000000000001,0.660952380952381,0.020952380952380834,0.9733333333333334,0.9466666666666667,-0.026666666666666727,0.6666666666666666,0.7142857142857143,0.04761904761904767,7,11
63,q25_75,25/75 (default),legacy67,0.1,0.1,0.25,0.75,0.6400000000000001,0.657142857142857,0.017142857142856904,0.9733333333333334,0.8,-0.17333333333333334,0.6666666666666666,0.8571428571428571,0.19047619047619047,7,11
63,q30_70,30/70,legacy67,0.1,0.1,0.3,0.7,0.6400000000000001,0.6838095238095239,0.04380952380952374,0.9733333333333334,0.8266666666666667,-0.14666666666666672,0.6666666666666666,0.8571428571428571,0.19047619047619047,7,11
63,q35_65,35/65,legacy67,0.1,0.1,0.35,0.65,0.6400000000000001,0.49714285714285733,-0.1428571428571428,0.9733333333333334,0.9733333333333334,0.0,0.6666666666666666,0.5238095238095238,-0.1428571428571428,7,15
64,q10_90,10/90,legacy67,0.1,0.1,0.1,0.9,0.6057142857142859,0.6980952380952381,0.09238095238095223,0.9866666666666667,0.96,-0.026666666666666727,0.6190476190476191,0.7380952380952381,0.11904761904761907,11,10
64,q20_80,20/80,legacy67,0.1,0.1,0.2,0.8,0.6057142857142859,0.6504761904761904,0.04476190476190456,0.9866666666666667,0.96,-0.026666666666666727,0.6190476190476191,0.6904761904761905,0.0714285714285714,11,11
64,q25_75,25/75 (default),legacy67,0.1,0.1,0.25,0.75,0.6057142857142859,0.44571428571428573,-0.16000000000000014,0.9866666666666667,0.8266666666666667,-0.16000000000000003,0.6190476190476191,0.6190476190476191,0.0,11,10
64,q30_70,30/70,legacy67,0.1,0.1,0.3,0.7,0.6057142857142859,0.3533333333333335,-0.2523809523809524,0.9866666666666667,0.8533333333333334,-0.1333333333333333,0.6190476190476191,0.5,-0.11904761904761907,11,10
64,q35_65,35/65,legacy67,0.1,0.1,0.35,0.65,0.6057142857142859,0.23809523809523814,-0.36761904761904773,0.9866666666666667,1.0,0.013333333333333308,0.6190476190476191,0.23809523809523808,-0.380952380952381,11,12
65,q10_90,10/90,legacy67,0.1,0.1,0.1,0.9,0.7828571428571429,0.7666666666666666,-0.01619047619047631,0.9733333333333334,0.9333333333333333,-0.040000000000000036,0.8095238095238095,0.8333333333333334,0.023809523809523836,8,9
65,q20_80,20/80,legacy67,0.1,0.1,0.2,0.8,0.7828571428571429,0.74,-0.04285714285714293,0.9733333333333334,0.9066666666666666,-0.06666666666666676,0.8095238095238095,0.8333333333333334,0.023809523809523836,8,10
65,q25_75,25/75 (default),legacy67,0.1,0.1,0.25,0.75,0.7828571428571429,0.7371428571428571,-0.04571428571428582,0.9733333333333334,0.88,-0.09333333333333338,0.8095238095238095,0.8571428571428571,0.04761904761904756,8,10
65,q30_70,30/70,legacy67,0.1,0.1,0.3,0.7,0.7828571428571429,0.46952380952380945,-0.31333333333333346,0.9733333333333334,0.8266666666666667,-0.14666666666666672,0.8095238095238095,0.6428571428571429,-0.16666666666666663,8,11
65,q35_65,35/65,legacy67,0.1,0.1,0.35,0.65,0.7828571428571429,0.5209523809523811,-0.26190476190476186,0.9733333333333334,0.9733333333333334,0.0,0.8095238095238095,0.5476190476190477,-0.26190476190476186,8,11
66,q10_90,10/90,legacy67,0.1,0.1,0.1,0.9,0.6904761904761905,0.8542857142857143,0.16380952380952385,1.0,0.9733333333333334,-0.026666666666666616,0.6904761904761905,0.8809523809523809,0.19047619047619047,7,8
66,q20_80,20/80,legacy67,0.1,0.1,0.2,0.8,0.6904761904761905,0.8542857142857143,0.16380952380952385,1.0,0.9733333333333334,-0.026666666666666616,0.6904761904761905,0.8809523809523809,0.19047619047619047,7,10
66,q25_75,25/75 (default),legacy67,0.1,0.1,0.25,0.75,0.6904761904761905,0.6552380952380952,-0.03523809523809529,1.0,0.8933333333333333,-0.10666666666666669,0.6904761904761905,0.7619047619047619,0.0714285714285714,7,12
66,q30_70,30/70,legacy67,0.1,0.1,0.3,0.7,0.6904761904761905,0.6000000000000001,-0.09047619047619038,1.0,0.9333333333333333,-0.06666666666666665,0.6904761904761905,0.6666666666666666,-0.023809523809523836,7,13
66,q35_65,35/65,legacy67,0.1,0.1,0.35,0.65,0.6904761904761905,0.49714285714285733,-0.19333333333333313,1.0,0.9733333333333334,-0.026666666666666616,0.6904761904761905,0.5238095238095238,-0.16666666666666663,7,16
67,q10_90,10/90,legacy67,0.1,0.1,0.1,0.9,0.6161904761904764,0.7695238095238095,0.1533333333333331,0.9733333333333334,0.96,-0.01333333333333342,0.6428571428571429,0.8095238095238095,0.16666666666666663,9,11
67,q20_80,20/80,legacy67,0.1,0.1,0.2,0.8,0.6161904761904764,0.6790476190476191,0.06285714285714272,0.9733333333333334,0.8933333333333333,-0.08000000000000007,0.6428571428571429,0.7857142857142857,0.1428571428571428,9,10
67,q25_75,25/75 (default),legacy67,0.1,0.1,0.25,0.75,0.6161904761904764,0.7238095238095239,0.1076190476190475,0.9733333333333334,0.8666666666666667,-0.10666666666666669,0.6428571428571429,0.8571428571428571,0.2142857142857142,9,11
67,q30_70,30/70,legacy67,0.1,0.1,0.3,0.7,0.6161904761904764,0.5438095238095237,-0.07238095238095266,0.9733333333333334,0.8533333333333334,-0.12,0.6428571428571429,0.6904761904761905,0.04761904761904756,9,11
67,q35_65,35/65,legacy67,0.1,0.1,0.35,0.65,0.6161904761904764,0.33333333333333326,-0.28285714285714314,0.9733333333333334,1.0,0.026666666666666616,0.6428571428571429,0.3333333333333333,-0.3095238095238096,9,16
68,q10_90,10/90,legacy67,0.1,0.1,0.1,0.9,0.6190476190476191,0.7085714285714286,0.08952380952380956,1.0,0.9466666666666667,-0.053333333333333344,0.6190476190476191,0.7619047619047619,0.1428571428571428,6,10
68,q20_80,20/80,legacy67,0.1,0.1,0.2,0.8,0.6190476190476191,0.7190476190476192,0.10000000000000009,1.0,0.9333333333333333,-0.06666666666666665,0.6190476190476191,0.7857142857142857,0.16666666666666663,6,13
68,q25_75,25/75 (default),legacy67,0.1,0.1,0.25,0.75,0.6190476190476191,0.6523809523809523,0.033333333333333215,1.0,0.8666666666666667,-0.1333333333333333,0.6190476190476191,0.7857142857142857,0.16666666666666663,6,12
68,q30_70,30/70,legacy67,0.1,0.1,0.3,0.7,0.6190476190476191,0.5314285714285714,-0.08761904761904771,1.0,0.96,-0.040000000000000036,0.6190476190476191,0.5714285714285714,-0.04761904761904767,6,12
68,q35_65,35/65,legacy67,0.1,0.1,0.35,0.65,0.6190476190476191,0.16666666666666674,-0.45238095238095233,1.0,1.0,0.0,0.6190476190476191,0.16666666666666666,-0.45238095238095244,6,10
69,q10_90,10/90,legacy67,0.1,0.1,0.1,0.9,0.7142857142857144,0.7876190476190477,0.07333333333333325,1.0,0.9066666666666666,-0.09333333333333338,0.7142857142857143,0.8809523809523809,0.16666666666666663,8,11
69,q20_80,20/80,legacy67,0.1,0.1,0.2,0.8,0.7142857142857144,0.7876190476190477,0.07333333333333325,1.0,0.9066666666666666,-0.09333333333333338,0.7142857142857143,0.8809523809523809,0.16666666666666663,8,11
69,q25_75,25/75 (default),legacy67,0.1,0.1,0.25,0.75,0.7142857142857144,0.7190476190476192,0.004761904761904745,1.0,0.9333333333333333,-0.06666666666666665,0.7142857142857143,0.7857142857142857,0.0714285714285714,8,11
69,q30_70,30/70,legacy67,0.1,0.1,0.3,0.7,0.7142857142857144,0.6390476190476191,-0.07523809523809533,1.0,0.8533333333333334,-0.1466666666666666,0.7142857142857143,0.7857142857142857,0.0714285714285714,8,10
69,q35_65,35/65,legacy67,0.1,0.1,0.35,0.65,0.7142857142857144,0.38095238095238093,-0.3333333333333335,1.0,1.0,0.0,0.7142857142857143,0.38095238095238093,-0.33333333333333337,8,13
70,q10_90,10/90,legacy67,0.1,0.1,0.1,0.9,0.7219047619047618,0.7104761904761905,-0.011428571428571344,0.96,0.8533333333333334,-0.10666666666666658,0.7619047619047619,0.8571428571428571,0.09523809523809523,8,11
70,q20_80,20/80,legacy67,0.1,0.1,0.2,0.8,0.7219047619047618,0.6895238095238096,-0.03238095238095218,0.96,0.88,-0.07999999999999996,0.7619047619047619,0.8095238095238095,0.04761904761904767,8,10
70,q25_75,25/75 (default),legacy67,0.1,0.1,0.25,0.75,0.7219047619047618,0.6733333333333333,-0.04857142857142849,0.96,0.84,-0.12,0.7619047619047619,0.8333333333333334,0.07142857142857151,8,12
70,q30_70,30/70,legacy67,0.1,0.1,0.3,0.7,0.7219047619047618,0.5914285714285716,-0.1304761904761902,0.96,0.8533333333333334,-0.10666666666666658,0.7619047619047619,0.7380952380952381,-0.023809523809523725,8,10
70,q35_65,35/65,legacy67,0.1,0.1,0.35,0.65,0.7219047619047618,0.2857142857142856,-0.43619047619047624,0.96,1.0,0.040000000000000036,0.7619047619047619,0.2857142857142857,-0.47619047619047616,8,12
71,q10_90,10/90,legacy67,0.1,0.1,0.1,0.9,0.558095238095238,0.6847619047619049,0.12666666666666693,0.9866666666666667,0.9466666666666667,-0.040000000000000036,0.5714285714285714,0.7380952380952381,0.16666666666666674,7,10
71,q20_80,20/80,legacy67,0.1,0.1,0.2,0.8,0.558095238095238,0.5657142857142858,0.007619047619047858,0.9866666666666667,0.9466666666666667,-0.040000000000000036,0.5714285714285714,0.6190476190476191,0.04761904761904767,7,10
71,q25_75,25/75 (default),legacy67,0.1,0.1,0.25,0.75,0.558095238095238,0.6257142857142857,0.06761904761904769,0.9866666666666667,0.84,-0.14666666666666672,0.5714285714285714,0.7857142857142857,0.2142857142857143,7,12
71,q30_70,30/70,legacy67,0.1,0.1,0.3,0.7,0.558095238095238,0.49809523809523815,-0.05999999999999983,0.9866666666666667,0.76,-0.22666666666666668,0.5714285714285714,0.7380952380952381,0.16666666666666674,7,11
71,q35_65,35/65,legacy67,0.1,0.1,0.35,0.65,0.558095238095238,0.44952380952380944,-0.10857142857142854,0.9866666666666667,0.9733333333333334,-0.013333333333333308,0.5714285714285714,0.47619047619047616,-0.09523809523809523,7,14
72,q10_90,10/90,legacy67,0.1,0.1,0.1,0.9,0.579047619047619,0.6952380952380952,0.11619047619047618,0.96,0.9333333333333333,-0.026666666666666616,0.6190476190476191,0.7619047619047619,0.1428571428571428,7,10
72,q20_80,20/80,legacy67,0.1,0.1,0.2,0.8,0.579047619047619,0.6447619047619049,0.06571428571428584,0.96,0.9066666666666666,-0.053333333333333344,0.6190476190476191,0.7380952380952381,0.11904761904761907,7,13
72,q25_75,25/75 (default),legacy67,0.1,0.1,0.25,0.75,0.579047619047619,0.6476190476190475,0.0685714285714285,0.96,0.9333333333333333,-0.026666666666666616,0.6190476190476191,0.7142857142857143,0.09523809523809523,7,11
72,q30_70,30/70,legacy67,0.1,0.1,0.3,0.7,0.579047619047619,0.4780952380952379,-0.10095238095238113,0.96,0.9066666666666666,-0.053333333333333344,0.6190476190476191,0.5714285714285714,-0.04761904761904767,7,11
72,q35_65,35/65,legacy67,0.1,0.1,0.35,0.65,0.579047619047619,0.31714285714285717,-0.26190476190476186,0.96,0.96,0.0,0.6190476190476191,0.35714285714285715,-0.2619047619047619,7,12
73,q10_90,10/90,legacy67,0.1,0.1,0.1,0.9,0.6400000000000001,0.7504761904761903,0.11047619047619017,0.9733333333333334,0.8933333333333333,-0.08000000000000007,0.6666666666666666,0.8571428571428571,0.19047619047619047,8,11
73,q20_80,20/80,legacy67,0.1,0.1,0.2,0.8,0.6400000000000001,0.6714285714285715,0.03142857142857136,0.9733333333333334,0.9333333333333333,-0.040000000000000036,0.6666666666666666,0.7380952380952381,0.07142857142857151,8,11
73,q25_75,25/75 (default),legacy67,0.1,0.1,0.25,0.75,0.6400000000000001,0.6104761904761906,-0.029523809523809508,0.9733333333333334,0.92,-0.053333333333333344,0.6666666666666666,0.6904761904761905,0.023809523809523836,8,11
73,q30_70,30/70,legacy67,0.1,0.1,0.3,0.7,0.6400000000000001,0.562857142857143,-0.07714285714285718,0.9733333333333334,0.92,-0.053333333333333344,0.6666666666666666,0.6428571428571429,-0.023809523809523725,8,10
73,q35_65,35/65,legacy67,0.1,0.1,0.35,0.65,0.6400000000000001,0.4733333333333334,-0.16666666666666674,0.9733333333333334,0.9733333333333334,0.0,0.6666666666666666,0.5,-0.16666666666666663,8,13
74,q10_90,10/90,legacy67,0.1,0.1,0.1,0.9,0.6638095238095238,0.6714285714285715,0.007619047619047636,0.9733333333333334,0.9333333333333333,-0.040000000000000036,0.6904761904761905,0.7380952380952381,0.04761904761904767,8,10
74,q20_80,20/80,legacy67,0.1,0.1,0.2,0.8,0.6638095238095238,0.7590476190476192,0.09523809523809534,0.9733333333333334,0.9733333333333334,0.0,0.6904761904761905,0.7857142857142857,0.09523809523809523,8,10
74,q25_75,25/75 (default),legacy67,0.1,0.1,0.25,0.75,0.6638095238095238,0.5895238095238096,-0.07428571428571429,0.9733333333333334,0.9466666666666667,-0.026666666666666727,0.6904761904761905,0.6428571428571429,-0.04761904761904756,8,12
74,q30_70,30/70,legacy67,0.1,0.1,0.3,0.7,0.6638095238095238,0.5514285714285716,-0.11238095238095225,0.9733333333333334,0.8133333333333334,-0.16000000000000003,0.6904761904761905,0.7380952380952381,0.04761904761904767,8,12
74,q35_65,35/65,legacy67,0.1,0.1,0.35,0.65,0.6638095238095238,0.26190476190476186,-0.401904761904762,0.9733333333333334,1.0,0.026666666666666616,0.6904761904761905,0.2619047619047619,-0.42857142857142855,8,11
75,q10_90,10/90,legacy67,0.1,0.1,0.1,0.9,0.7485714285714287,0.8247619047619048,0.07619047619047614,0.9866666666666667,0.92,-0.06666666666666665,0.7619047619047619,0.9047619047619048,0.1428571428571429,10,10
75,q20_80,20/80,legacy67,0.1,0.1,0.2,0.8,0.7485714285714287,0.8409523809523809,0.09238095238095223,0.9866666666666667,0.96,-0.026666666666666727,0.7619047619047619,0.8809523809523809,0.11904761904761907,10,10
75,q25_75,25/75 (default),legacy67,0.1,0.1,0.25,0.75,0.7485714285714287,0.6419047619047618,-0.10666666666666691,0.9866666666666667,0.88,-0.10666666666666669,0.7619047619047619,0.7619047619047619,0.0,10,10
75,q30_70,30/70,legacy67,0.1,0.1,0.3,0.7,0.7485714285714287,0.6714285714285715,-0.07714285714285718,0.9866666666666667,0.9333333333333333,-0.053333333333333344,0.7619047619047619,0.7380952380952381,-0.023809523809523725,10,11
75,q35_65,35/65,legacy67,0.1,0.1,0.35,0.65,0.7485714285714287,0.579047619047619,-0.16952380952380963,0.9866666666666667,0.96,-0.026666666666666727,0.7619047619047619,0.6190476190476191,-0.1428571428571428,10,14
76,q10_90,10/90,legacy67,0.1,0.1,0.1,0.9,0.6980952380952381,0.7609523809523808,0.06285714285714272,0.96,0.88,-0.07999999999999996,0.7380952380952381,0.8809523809523809,0.1428571428571428,7,10
76,q20_80,20/80,legacy67,0.1,0.1,0.2,0.8,0.6980952380952381,0.6733333333333333,-0.024761904761904763,0.96,0.84,-0.12,0.7380952380952381,0.8333333333333334,0.09523809523809523,7,12
76,q25_75,25/75 (default),legacy67,0.1,0.1,0.25,0.75,0.6980952380952381,0.7847619047619048,0.08666666666666667,0.96,0.88,-0.07999999999999996,0.7380952380952381,0.9047619047619048,0.16666666666666663,7,9
76,q30_70,30/70,legacy67,0.1,0.1,0.3,0.7,0.6980952380952381,0.5942857142857143,-0.1038095238095238,0.96,0.88,-0.07999999999999996,0.7380952380952381,0.7142857142857143,-0.023809523809523836,7,13
76,q35_65,35/65,legacy67,0.1,0.1,0.35,0.65,0.6980952380952381,0.5209523809523811,-0.17714285714285705,0.96,0.9733333333333334,0.01333333333333342,0.7380952380952381,0.5476190476190477,-0.19047619047619047,7,12
77,q10_90,10/90,legacy67,0.1,0.1,0.1,0.9,0.6295238095238096,0.6923809523809523,0.06285714285714272,0.9866666666666667,0.9066666666666666,-0.08000000000000007,0.6428571428571429,0.7857142857142857,0.1428571428571428,10,9
77,q20_80,20/80,legacy67,0.1,0.1,0.2,0.8,0.6295238095238096,0.6714285714285715,0.04190476190476189,0.9866666666666667,0.9333333333333333,-0.053333333333333344,0.6428571428571429,0.7380952380952381,0.09523809523809523,10,10
77,q25_75,25/75 (default),legacy67,0.1,0.1,0.25,0.75,0.6295238095238096,0.6342857142857143,0.004761904761904745,0.9866666666666667,0.92,-0.06666666666666665,0.6428571428571429,0.7142857142857143,0.0714285714285714,10,9
77,q30_70,30/70,legacy67,0.1,0.1,0.3,0.7,0.6295238095238096,0.5809523809523811,-0.04857142857142849,0.9866666666666667,0.8666666666666667,-0.12,0.6428571428571429,0.7142857142857143,0.0714285714285714,10,9
77,q35_65,35/65,legacy67,0.1,0.1,0.35,0.65,0.6295238095238096,0.5,-0.1295238095238096,0.9866666666666667,1.0,0.013333333333333308,0.6428571428571429,0.5,-0.1428571428571429,10,15
78,q10_90,10/90,legacy67,0.1,0.1,0.1,0.9,0.45999999999999996,0.6419047619047618,0.1819047619047618,0.96,0.88,-0.07999999999999996,0.5,0.7619047619047619,0.26190476190476186,6,11
78,q20_80,20/80,legacy67,0.1,0.1,0.2,0.8,0.45999999999999996,0.56,0.10000000000000009,0.96,0.8933333333333333,-0.06666666666666665,0.5,0.6666666666666666,0.16666666666666663,6,12
78,q25_75,25/75 (default),legacy67,0.1,0.1,0.25,0.75,0.45999999999999996,0.5466666666666666,0.08666666666666667,0.96,0.88,-0.07999999999999996,0.5,0.6666666666666666,0.16666666666666663,6,13
78,q30_70,30/70,legacy67,0.1,0.1,0.3,0.7,0.45999999999999996,0.5495238095238095,0.08952380952380956,0.96,0.9066666666666666,-0.053333333333333344,0.5,0.6428571428571429,0.1428571428571429,6,10
78,q35_65,35/65,legacy67,0.1,0.1,0.35,0.65,0.45999999999999996,0.4285714285714286,-0.03142857142857136,0.96,1.0,0.040000000000000036,0.5,0.42857142857142855,-0.07142857142857145,6,12
79,q10_90,10/90,legacy67,0.1,0.1,0.1,0.9,0.6057142857142859,0.6447619047619049,0.039047619047619,0.9866666666666667,0.9066666666666666,-0.08000000000000007,0.6190476190476191,0.7380952380952381,0.11904761904761907,9,10
79,q20_80,20/80,legacy67,0.1,0.1,0.2,0.8,0.6057142857142859,0.6504761904761904,0.04476190476190456,0.9866666666666667,0.96,-0.026666666666666727,0.6190476190476191,0.6904761904761905,0.0714285714285714,9,10
79,q25_75,25/75 (default),legacy67,0.1,0.1,0.25,0.75,0.6057142857142859,0.6257142857142857,0.019999999999999796,0.9866666666666667,0.84,-0.14666666666666672,0.6190476190476191,0.7857142857142857,0.16666666666666663,9,12
79,q30_70,30/70,legacy67,0.1,0.1,0.3,0.7,0.6057142857142859,0.5761904761904764,-0.029523809523809508,0.9866666666666667,0.9333333333333333,-0.053333333333333344,0.6190476190476191,0.6428571428571429,0.023809523809523836,9,11
79,q35_65,35/65,legacy67,0.1,0.1,0.35,0.65,0.6057142857142859,0.4257142857142857,-0.18000000000000016,0.9866666666666667,0.9733333333333334,-0.013333333333333308,0.6190476190476191,0.4523809523809524,-0.16666666666666669,9,13
80,q10_90,10/90,legacy67,0.1,0.1,0.1,0.9,0.700952380952381,0.6266666666666665,-0.07428571428571451,0.9866666666666667,0.96,-0.026666666666666727,0.7142857142857143,0.6666666666666666,-0.04761904761904767,6,9
80,q20_80,20/80,legacy67,0.1,0.1,0.2,0.8,0.700952380952381,0.6847619047619049,-0.01619047619047609,0.9866666666666667,0.9466666666666667,-0.040000000000000036,0.7142857142857143,0.7380952380952381,0.023809523809523836,6,12
80,q25_75,25/75 (default),legacy67,0.1,0.1,0.25,0.75,0.700952380952381,0.6266666666666665,-0.07428571428571451,0.9866666666666667,0.96,-0.026666666666666727,0.7142857142857143,0.6666666666666666,-0.04761904761904767,6,12
80,q30_70,30/70,legacy67,0.1,0.1,0.3,0.7,0.700952380952381,0.5019047619047619,-0.19904761904761914,0.9866666666666667,0.9066666666666666,-0.08000000000000007,0.7142857142857143,0.5952380952380952,-0.11904761904761907,6,12
80,q35_65,35/65,legacy67,0.1,0.1,0.35,0.65,0.700952380952381,0.26190476190476186,-0.43904761904761913,0.9866666666666667,1.0,0.013333333333333308,0.7142857142857143,0.2619047619047619,-0.4523809523809524,6,9
81,q10_90,10/90,legacy67,0.1,0.1,0.1,0.9,0.6057142857142859,0.7828571428571429,0.17714285714285705,0.9866666666666667,0.9733333333333334,-0.013333333333333308,0.6190476190476191,0.8095238095238095,0.19047619047619047,10,11
81,q20_80,20/80,legacy67,0.1,0.1,0.2,0.8,0.6057142857142859,0.5685714285714285,-0.037142857142857366,0.9866666666666667,0.9733333333333334,-0.013333333333333308,0.6190476190476191,0.5952380952380952,-0.023809523809523836,10,13
81,q25_75,25/75 (default),legacy67,0.1,0.1,0.25,0.75,0.6057142857142859,0.6400000000000001,0.03428571428571425,0.9866666666666667,0.9733333333333334,-0.013333333333333308,0.6190476190476191,0.6666666666666666,0.04761904761904756,10,13
81,q30_70,30/70,legacy67,0.1,0.1,0.3,0.7,0.6057142857142859,0.5361904761904763,-0.06952380952380954,0.9866666666666667,0.8933333333333333,-0.09333333333333338,0.6190476190476191,0.6428571428571429,0.023809523809523836,10,14
81,q35_65,35/65,legacy67,0.1,0.1,0.35,0.65,0.6057142857142859,0.2142857142857142,-0.3914285714285717,0.9866666666666667,1.0,0.013333333333333308,0.6190476190476191,0.21428571428571427,-0.40476190476190477,10,12
82,q10_90,10/90,legacy67,0.1,0.1,0.1,0.9,0.6504761904761904,0.8142857142857143,0.16380952380952385,0.96,0.9333333333333333,-0.026666666666666616,0.6904761904761905,0.8809523809523809,0.19047619047619047,9,12
82,q20_80,20/80,legacy67,0.1,0.1,0.2,0.8,0.6504761904761904,0.6504761904761904,0.0,0.96,0.96,0.0,0.6904761904761905,0.6904761904761905,0.0,9,12
82,q25_75,25/75 (default),legacy67,0.1,0.1,0.25,0.75,0.6504761904761904,0.660952380952381,0.010476190476190528,0.96,0.9466666666666667,-0.013333333333333308,0.6904761904761905,0.7142857142857143,0.023809523809523836,9,9
82,q30_70,30/70,legacy67,0.1,0.1,0.3,0.7,0.6504761904761904,0.5523809523809524,-0.09809523809523801,0.96,0.9333333333333333,-0.026666666666666616,0.6904761904761905,0.6190476190476191,-0.0714285714285714,9,8
82,q35_65,35/65,legacy67,0.1,0.1,0.35,0.65,0.6504761904761904,0.3571428571428572,-0.2933333333333332,0.96,1.0,0.040000000000000036,0.6904761904761905,0.35714285714285715,-0.3333333333333333,9,15
83,q10_90,10/90,legacy67,0.1,0.1,0.1,0.9,0.6533333333333333,0.6847619047619049,0.03142857142857158,0.9866666666666667,0.9466666666666667,-0.040000000000000036,0.6666666666666666,0.7380952380952381,0.07142857142857151,9,10
83,q20_80,20/80,legacy67,0.1,0.1,0.2,0.8,0.6533333333333333,0.6447619047619049,-0.008571428571428452,0.9866666666666667,0.9066666666666666,-0.08000000000000007,0.6666666666666666,0.7380952380952381,0.07142857142857151,9,9
83,q25_75,25/75 (default),legacy67,0.1,0.1,0.25,0.75,0.6533333333333333,0.6580952380952381,0.004761904761904745,0.9866666666666667,0.92,-0.06666666666666665,0.6666666666666666,0.7380952380952381,0.07142857142857151,9,11
83,q30_70,30/70,legacy67,0.1,0.1,0.3,0.7,0.6533333333333333,0.48857142857142843,-0.1647619047619049,0.9866666666666667,0.8933333333333333,-0.09333333333333338,0.6666666666666666,0.5952380952380952,-0.0714285714285714,9,13
83,q35_65,35/65,legacy67,0.1,0.1,0.35,0.65,0.6533333333333333,0.38095238095238093,-0.2723809523809524,0.9866666666666667,1.0,0.013333333333333308,0.6666666666666666,0.38095238095238093,-0.2857142857142857,9,13
84,q10_90,10/90,legacy67,0.1,0.1,0.1,0.9,0.6266666666666665,0.6895238095238096,0.06285714285714317,0.96,0.88,-0.07999999999999996,0.6666666666666666,0.8095238095238095,0.1428571428571429,9,10
84,q20_80,20/80,legacy67,0.1,0.1,0.2,0.8,0.6266666666666665,0.6761904761904762,0.04952380952380975,0.96,0.8666666666666667,-0.09333333333333327,0.6666666666666666,0.8095238095238095,0.1428571428571429,9,10
84,q25_75,25/75 (default),legacy67,0.1,0.1,0.25,0.75,0.6266666666666665,0.7000000000000002,0.0733333333333337,0.96,0.8666666666666667,-0.09333333333333327,0.6666666666666666,0.8333333333333334,0.16666666666666674,9,12
84,q30_70,30/70,legacy67,0.1,0.1,0.3,0.7,0.6266666666666665,0.7342857142857144,0.10761904761904795,0.96,0.8533333333333334,-0.10666666666666658,0.6666666666666666,0.8809523809523809,0.2142857142857143,9,10
84,q35_65,35/65,legacy67,0.1,0.1,0.35,0.65,0.6266666666666665,0.5,-0.12666666666666648,0.96,1.0,0.040000000000000036,0.6666666666666666,0.5,-0.16666666666666663,9,11
85,q10_90,10/90,legacy67,0.1,0.1,0.1,0.9,0.6876190476190476,0.8171428571428572,0.1295238095238096,0.9733333333333334,0.96,-0.01333333333333342,0.7142857142857143,0.8571428571428571,0.1428571428571428,8,10
85,q20_80,20/80,legacy67,0.1,0.1,0.2,0.8,0.6876190476190476,0.8038095238095238,0.11619047619047618,0.9733333333333334,0.9466666666666667,-0.026666666666666727,0.7142857142857143,0.8571428571428571,0.1428571428571428,8,10
85,q25_75,25/75 (default),legacy67,0.1,0.1,0.25,0.75,0.6876190476190476,0.7695238095238095,0.08190476190476192,0.9733333333333334,0.96,-0.01333333333333342,0.7142857142857143,0.8095238095238095,0.09523809523809523,8,11
85,q30_70,30/70,legacy67,0.1,0.1,0.3,0.7,0.6876190476190476,0.6342857142857143,-0.05333333333333323,0.9733333333333334,0.92,-0.053333333333333344,0.7142857142857143,0.7142857142857143,0.0,8,11
85,q35_65,35/65,legacy67,0.1,0.1,0.35,0.65,0.6876190476190476,0.45238095238095233,-0.23523809523809525,0.9733333333333334,1.0,0.026666666666666616,0.7142857142857143,0.4523809523809524,-0.2619047619047619,8,11
86,q10_90,10/90,legacy67,0.1,0.1,0.1,0.9,0.43619047619047624,0.6742857142857144,0.23809523809523814,0.96,0.96,0.0,0.47619047619047616,0.7142857142857143,0.23809523809523814,7,11
86,q20_80,20/80,legacy67,0.1,0.1,0.2,0.8,0.43619047619047624,0.6133333333333333,0.17714285714285705,0.96,0.9466666666666667,-0.013333333333333308,0.47619047619047616,0.6666666666666666,0.19047619047619047,7,10
86,q25_75,25/75 (default),legacy67,0.1,0.1,0.25,0.75,0.43619047619047624,0.6000000000000001,0.16380952380952385,0.96,0.9333333333333333,-0.026666666666666616,0.47619047619047616,0.6666666666666666,0.19047619047619047,7,12
86,q30_70,30/70,legacy67,0.1,0.1,0.3,0.7,0.43619047619047624,0.597142857142857,0.16095238095238074,0.96,0.9066666666666666,-0.053333333333333344,0.47619047619047616,0.6904761904761905,0.2142857142857143,7,13
86,q35_65,35/65,legacy67,0.1,0.1,0.35,0.65,0.43619047619047624,0.401904761904762,-0.03428571428571425,0.96,0.9733333333333334,0.01333333333333342,0.47619047619047616,0.42857142857142855,-0.047619047619047616,7,12
87,q10_90,10/90,legacy67,0.1,0.1,0.1,0.9,0.49714285714285733,0.6742857142857144,0.17714285714285705,0.9733333333333334,0.96,-0.01333333333333342,0.5238095238095238,0.7142857142857143,0.19047619047619047,7,10
87,q20_80,20/80,legacy67,0.1,0.1,0.2,0.8,0.49714285714285733,0.7323809523809524,0.23523809523809502,0.9733333333333334,0.9466666666666667,-0.026666666666666727,0.5238095238095238,0.7857142857142857,0.26190476190476186,7,12
87,q25_75,25/75 (default),legacy67,0.1,0.1,0.25,0.75,0.49714285714285733,0.637142857142857,0.13999999999999968,0.9733333333333334,0.9466666666666667,-0.026666666666666727,0.5238095238095238,0.6904761904761905,0.16666666666666663,7,11
87,q30_70,30/70,legacy67,0.1,0.1,0.3,0.7,0.49714285714285733,0.6000000000000001,0.10285714285714276,0.9733333333333334,0.9333333333333333,-0.040000000000000036,0.5238095238095238,0.6666666666666666,0.1428571428571428,7,10
87,q35_65,35/65,legacy67,0.1,0.1,0.35,0.65,0.49714285714285733,0.37809523809523826,-0.11904761904761907,0.9733333333333334,0.9733333333333334,0.0,0.5238095238095238,0.40476190476190477,-0.11904761904761907,7,14
88,q10_90,10/90,legacy67,0.1,0.1,0.1,0.9,0.677142857142857,0.7561904761904761,0.07904761904761903,0.9866666666666667,0.9466666666666667,-0.040000000000000036,0.6904761904761905,0.8095238095238095,0.11904761904761907,8,10
88,q20_80,20/80,legacy67,0.1,0.1,0.2,0.8,0.677142857142857,0.7295238095238097,0.05238095238095264,0.9866666666666667,0.92,-0.06666666666666665,0.6904761904761905,0.8095238095238095,0.11904761904761907,8,10
88,q25_75,25/75 (default),legacy67,0.1,0.1,0.25,0.75,0.677142857142857,0.6447619047619049,-0.03238095238095218,0.9866666666666667,0.9066666666666666,-0.08000000000000007,0.6904761904761905,0.7380952380952381,0.04761904761904767,8,10
88,q30_70,30/70,legacy67,0.1,0.1,0.3,0.7,0.677142857142857,0.49904761904761896,-0.17809523809523808,0.9866666666666667,0.88,-0.10666666666666669,0.6904761904761905,0.6190476190476191,-0.0714285714285714,8,10
88,q35_65,35/65,legacy67,0.1,0.1,0.35,0.65,0.677142857142857,0.45238095238095233,-0.22476190476190472,0.9866666666666667,1.0,0.013333333333333308,0.6904761904761905,0.4523809523809524,-0.23809523809523808,8,12
89,q10_90,10/90,legacy67,0.1,0.1,0.1,0.9,0.5238095238095237,0.7695238095238095,0.24571428571428577,1.0,0.96,-0.040000000000000036,0.5238095238095238,0.8095238095238095,0.2857142857142857,8,10
89,q20_80,20/80,legacy67,0.1,0.1,0.2,0.8,0.5238095238095237,0.7190476190476192,0.19523809523809543,1.0,0.9333333333333333,-0.06666666666666665,0.5238095238095238,0.7857142857142857,0.26190476190476186,8,11
89,q25_75,25/75 (default),legacy67,0.1,0.1,0.25,0.75,0.5238095238095237,0.6152380952380954,0.09142857142857164,1.0,0.8533333333333334,-0.1466666666666666,0.5238095238095238,0.7619047619047619,0.23809523809523803,8,11
89,q30_70,30/70,legacy67,0.1,0.1,0.3,0.7,0.5238095238095237,0.4961904761904763,-0.027619047619047432,1.0,0.8533333333333334,-0.1466666666666666,0.5238095238095238,0.6428571428571429,0.11904761904761907,8,12
89,q35_65,35/65,legacy67,0.1,0.1,0.35,0.65,0.5238095238095237,0.2857142857142856,-0.23809523809523814,1.0,1.0,0.0,0.5238095238095238,0.2857142857142857,-0.23809523809523814,8,14
90,q10_90,10/90,legacy67,0.1,0.1,0.1,0.9,0.660952380952381,0.7266666666666666,0.06571428571428561,0.9466666666666667,0.8933333333333333,-0.053333333333333344,0.7142857142857143,0.8333333333333334,0.11904761904761907,9,13
90,q20_80,20/80,legacy67,0.1,0.1,0.2,0.8,0.660952380952381,0.7028571428571428,0.04190476190476189,0.9466666666666667,0.8933333333333333,-0.053333333333333344,0.7142857142857143,0.8095238095238095,0.09523809523809523,9,11
90,q25_75,25/75 (default),legacy67,0.1,0.1,0.25,0.75,0.660952380952381,0.5809523809523811,-0.07999999999999985,0.9466666666666667,0.8666666666666667,-0.07999999999999996,0.7142857142857143,0.7142857142857143,0.0,9,11
90,q30_70,30/70,legacy67,0.1,0.1,0.3,0.7,0.660952380952381,0.6361904761904762,-0.024761904761904763,0.9466666666666667,0.8266666666666667,-0.12,0.7142857142857143,0.8095238095238095,0.09523809523809523,9,14
90,q35_65,35/65,legacy67,0.1,0.1,0.35,0.65,0.660952380952381,0.4838095238095237,-0.17714285714285727,0.9466666666666667,0.96,0.013333333333333308,0.7142857142857143,0.5238095238095238,-0.19047619047619047,9,14
91,q10_90,10/90,legacy67,0.1,0.1,0.1,0.9,0.5952380952380953,0.7323809523809524,0.137142857142857,1.0,0.9466666666666667,-0.053333333333333344,0.5952380952380952,0.7857142857142857,0.19047619047619047,7,9
91,q20_80,20/80,legacy67,0.1,0.1,0.2,0.8,0.5952380952380953,0.6714285714285715,0.07619047619047614,1.0,0.9333333333333333,-0.06666666666666665,0.5952380952380952,0.7380952380952381,0.1428571428571429,7,13
91,q25_75,25/75 (default),legacy67,0.1,0.1,0.25,0.75,0.5952380952380953,0.5466666666666666,-0.04857142857142871,1.0,0.88,-0.12,0.5952380952380952,0.6666666666666666,0.0714285714285714,7,12
91,q30_70,30/70,legacy67,0.1,0.1,0.3,0.7,0.5952380952380953,0.5333333333333332,-0.06190476190476213,1.0,0.8666666666666667,-0.1333333333333333,0.5952380952380952,0.6666666666666666,0.0714285714285714,7,11
91,q35_65,35/65,legacy67,0.1,0.1,0.35,0.65,0.5952380952380953,0.3542857142857143,-0.24095238095238103,1.0,0.9733333333333334,-0.026666666666666616,0.5952380952380952,0.38095238095238093,-0.2142857142857143,7,13
92,q10_90,10/90,legacy67,0.1,0.1,0.1,0.9,0.6190476190476191,0.700952380952381,0.08190476190476192,1.0,0.9866666666666667,-0.013333333333333308,0.6190476190476191,0.7142857142857143,0.09523809523809523,7,11
92,q20_80,20/80,legacy67,0.1,0.1,0.2,0.8,0.6190476190476191,0.6847619047619049,0.06571428571428584,1.0,0.9466666666666667,-0.053333333333333344,0.6190476190476191,0.7380952380952381,0.11904761904761907,7,12
92,q25_75,25/75 (default),legacy67,0.1,0.1,0.25,0.75,0.6190476190476191,0.5523809523809524,-0.06666666666666665,1.0,0.9333333333333333,-0.06666666666666665,0.6190476190476191,0.6190476190476191,0.0,7,12
92,q30_70,30/70,legacy67,0.1,0.1,0.3,0.7,0.6190476190476191,0.5438095238095237,-0.07523809523809533,1.0,0.8533333333333334,-0.1466666666666666,0.6190476190476191,0.6904761904761905,0.0714285714285714,7,10
92,q35_65,35/65,legacy67,0.1,0.1,0.35,0.65,0.6190476190476191,0.3542857142857143,-0.26476190476190475,1.0,0.9733333333333334,-0.026666666666666616,0.6190476190476191,0.38095238095238093,-0.23809523809523814,7,13
93,q10_90,10/90,legacy67,0.1,0.1,0.1,0.9,0.7114285714285715,0.7980952380952382,0.08666666666666667,0.9733333333333334,0.8933333333333333,-0.08000000000000007,0.7380952380952381,0.9047619047619048,0.16666666666666663,8,10
93,q20_80,20/80,legacy67,0.1,0.1,0.2,0.8,0.7114285714285715,0.8304761904761904,0.11904761904761885,0.9733333333333334,0.9733333333333334,0.0,0.7380952380952381,0.8571428571428571,0.11904761904761896,8,10
93,q25_75,25/75 (default),legacy67,0.1,0.1,0.25,0.75,0.7114285714285715,0.7695238095238095,0.05809523809523798,0.9733333333333334,0.96,-0.01333333333333342,0.7380952380952381,0.8095238095238095,0.0714285714285714,8,13
93,q30_70,30/70,legacy67,0.1,0.1,0.3,0.7,0.7114285714285715,0.6000000000000001,-0.11142857142857143,0.9733333333333334,0.9333333333333333,-0.040000000000000036,0.7380952380952381,0.6666666666666666,-0.07142857142857151,8,9
93,q35_65,35/65,legacy67,0.1,0.1,0.35,0.65,0.7114285714285715,0.5,-0.21142857142857152,0.9733333333333334,1.0,0.026666666666666616,0.7380952380952381,0.5,-0.23809523809523814,8,9
94,q10_90,10/90,legacy67,0.1,0.1,0.1,0.9,0.5657142857142858,0.6390476190476191,0.07333333333333325,0.9466666666666667,0.8533333333333334,-0.09333333333333327,0.6190476190476191,0.7857142857142857,0.16666666666666663,7,9
94,q20_80,20/80,legacy67,0.1,0.1,0.2,0.8,0.5657142857142858,0.618095238095238,0.052380952380952195,0.9466666666666667,0.88,-0.06666666666666665,0.6190476190476191,0.7380952380952381,0.11904761904761907,7,9
94,q25_75,25/75 (default),legacy67,0.1,0.1,0.25,0.75,0.5657142857142858,0.5333333333333332,-0.03238095238095262,0.9466666666666667,0.8666666666666667,-0.07999999999999996,0.6190476190476191,0.6666666666666666,0.04761904761904756,7,14
94,q30_70,30/70,legacy67,0.1,0.1,0.3,0.7,0.5657142857142858,0.3904761904761904,-0.17523809523809541,0.9466666666666667,0.8666666666666667,-0.07999999999999996,0.6190476190476191,0.5238095238095238,-0.09523809523809523,7,14
94,q35_65,35/65,legacy67,0.1,0.1,0.35,0.65,0.5657142857142858,0.401904761904762,-0.16380952380952385,0.9466666666666667,0.9733333333333334,0.026666666666666727,0.6190476190476191,0.42857142857142855,-0.19047619047619052,7,12
95,q10_90,10/90,legacy67,0.1,0.1,0.1,0.9,0.7114285714285715,0.7904761904761903,0.07904761904761881,0.9733333333333334,0.9333333333333333,-0.040000000000000036,0.7380952380952381,0.8571428571428571,0.11904761904761896,10,11
95,q20_80,20/80,legacy67,0.1,0.1,0.2,0.8,0.7114285714285715,0.7057142857142857,-0.005714285714285783,0.9733333333333334,0.92,-0.053333333333333344,0.7380952380952381,0.7857142857142857,0.04761904761904756,10,12
95,q25_75,25/75 (default),legacy67,0.1,0.1,0.25,0.75,0.7114285714285715,0.559047619047619,-0.1523809523809525,0.9733333333333334,0.7733333333333333,-0.20000000000000007,0.7380952380952381,0.7857142857142857,0.04761904761904756,10,12
95,q30_70,30/70,legacy67,0.1,0.1,0.3,0.7,0.7114285714285715,0.5857142857142859,-0.12571428571428567,0.9733333333333334,0.8,-0.17333333333333334,0.7380952380952381,0.7857142857142857,0.04761904761904756,10,12
95,q35_65,35/65,legacy67,0.1,0.1,0.35,0.65,0.7114285714285715,0.4257142857142857,-0.2857142857142858,0.9733333333333334,0.9733333333333334,0.0,0.7380952380952381,0.4523809523809524,-0.28571428571428575,10,12
96,q10_90,10/90,legacy67,0.1,0.1,0.1,0.9,0.6666666666666665,0.6847619047619049,0.018095238095238386,1.0,0.9466666666666667,-0.053333333333333344,0.6666666666666666,0.7380952380952381,0.07142857142857151,8,9
96,q20_80,20/80,legacy67,0.1,0.1,0.2,0.8,0.6666666666666665,0.7114285714285715,0.044761904761905,1.0,0.9733333333333334,-0.026666666666666616,0.6666666666666666,0.7380952380952381,0.07142857142857151,8,11
96,q25_75,25/75 (default),legacy67,0.1,0.1,0.25,0.75,0.6666666666666665,0.6476190476190475,-0.01904761904761898,1.0,0.9333333333333333,-0.06666666666666665,0.6666666666666666,0.7142857142857143,0.04761904761904767,8,10
96,q30_70,30/70,legacy67,0.1,0.1,0.3,0.7,0.6666666666666665,0.5914285714285716,-0.07523809523809488,1.0,0.8533333333333334,-0.1466666666666666,0.6666666666666666,0.7380952380952381,0.07142857142857151,8,11
96,q35_65,35/65,legacy67,0.1,0.1,0.35,0.65,0.6666666666666665,0.4123809523809523,-0.2542857142857142,1.0,0.96,-0.040000000000000036,0.6666666666666666,0.4523809523809524,-0.21428571428571425,8,11
97,q10_90,10/90,legacy67,0.1,0.1,0.1,0.9,0.5714285714285714,0.6847619047619049,0.11333333333333351,1.0,0.9466666666666667,-0.053333333333333344,0.5714285714285714,0.7380952380952381,0.16666666666666674,8,11
97,q20_80,20/80,legacy67,0.1,0.1,0.2,0.8,0.5714285714285714,0.6447619047619049,0.07333333333333347,1.0,0.9066666666666666,-0.09333333333333338,0.5714285714285714,0.7380952380952381,0.16666666666666674,8,11
97,q25_75,25/75 (default),legacy67,0.1,0.1,0.25,0.75,0.5714285714285714,0.4904761904761905,-0.08095238095238089,1.0,0.8,-0.19999999999999996,0.5714285714285714,0.6904761904761905,0.11904761904761907,8,10
97,q30_70,30/70,legacy67,0.1,0.1,0.3,0.7,0.5714285714285714,0.5095238095238095,-0.06190476190476191,1.0,0.8666666666666667,-0.1333333333333333,0.5714285714285714,0.6428571428571429,0.07142857142857151,8,14
97,q35_65,35/65,legacy67,0.1,0.1,0.35,0.65,0.5714285714285714,0.4257142857142857,-0.14571428571428569,1.0,0.9733333333333334,-0.026666666666666616,0.5714285714285714,0.4523809523809524,-0.11904761904761901,8,13
98,q10_90,10/90,legacy67,0.1,0.1,0.1,0.9,0.6295238095238096,0.6685714285714286,0.039047619047619,0.9866666666666667,0.9066666666666666,-0.08000000000000007,0.6428571428571429,0.7619047619047619,0.11904761904761896,7,9
98,q20_80,20/80,legacy67,0.1,0.1,0.2,0.8,0.6295238095238096,0.578095238095238,-0.0514285714285716,0.9866666666666667,0.84,-0.14666666666666672,0.6428571428571429,0.7380952380952381,0.09523809523809523,7,9
98,q25_75,25/75 (default),legacy67,0.1,0.1,0.25,0.75,0.6295238095238096,0.49809523809523815,-0.13142857142857145,0.9866666666666667,0.76,-0.22666666666666668,0.6428571428571429,0.7380952380952381,0.09523809523809523,7,12
98,q30_70,30/70,legacy67,0.1,0.1,0.3,0.7,0.6295238095238096,0.49809523809523815,-0.13142857142857145,0.9866666666666667,0.76,-0.22666666666666668,0.6428571428571429,0.7380952380952381,0.09523809523809523,7,12
98,q35_65,35/65,legacy67,0.1,0.1,0.35,0.65,0.6295238095238096,0.43047619047619046,-0.19904761904761914,0.9866666666666667,0.9066666666666666,-0.08000000000000007,0.6428571428571429,0.5238095238095238,-0.11904761904761907,7,13
99,q10_90,10/90,legacy67,0.1,0.1,0.1,0.9,0.6057142857142859,0.637142857142857,0.03142857142857114,0.9866666666666667,0.9466666666666667,-0.040000000000000036,0.6190476190476191,0.6904761904761905,0.0714285714285714,7,9
99,q20_80,20/80,legacy67,0.1,0.1,0.2,0.8,0.6057142857142859,0.6133333333333333,0.007619047619047414,0.9866666666666667,0.9466666666666667,-0.040000000000000036,0.6190476190476191,0.6666666666666666,0.04761904761904756,7,10
99,q25_75,25/75 (default),legacy67,0.1,0.1,0.25,0.75,0.6057142857142859,0.5657142857142858,-0.040000000000000036,0.9866666666666667,0.9466666666666667,-0.040000000000000036,0.6190476190476191,0.6190476190476191,0.0,7,11
99,q30_70,30/70,legacy67,0.1,0.1,0.3,0.7,0.6057142857142859,0.43047619047619046,-0.17523809523809541,0.9866666666666667,0.9066666666666666,-0.08000000000000007,0.6190476190476191,0.5238095238095238,-0.09523809523809523,7,11
99,q35_65,35/65,legacy67,0.1,0.1,0.35,0.65,0.6057142857142859,0.3380952380952382,-0.26761904761904765,0.9866666666666667,0.9333333333333333,-0.053333333333333344,0.6190476190476191,0.40476190476190477,-0.2142857142857143,7,16
2345,q10_90,10/90,legacy67,0.1,0.1,0.1,0.9,0.6057142857142859,0.74,0.13428571428571412,0.9866666666666667,0.9066666666666666,-0.08000000000000007,0.6190476190476191,0.8333333333333334,0.2142857142857143,9,9
2345,q20_80,20/80,legacy67,0.1,0.1,0.2,0.8,0.6057142857142859,0.7533333333333334,0.14761904761904754,0.9866666666666667,0.92,-0.06666666666666665,0.6190476190476191,0.8333333333333334,0.2142857142857143,9,11
2345,q25_75,25/75 (default),legacy67,0.1,0.1,0.25,0.75,0.6057142857142859,0.6704761904761904,0.06476190476190458,0.9866666666666667,0.8133333333333334,-0.17333333333333334,0.6190476190476191,0.8571428571428571,0.23809523809523803,9,12
2345,q30_70,30/70,legacy67,0.1,0.1,0.3,0.7,0.6057142857142859,0.6104761904761906,0.004761904761904745,0.9866666666666667,0.92,-0.06666666666666665,0.6190476190476191,0.6904761904761905,0.0714285714285714,9,12
2345,q35_65,35/65,legacy67,0.1,0.1,0.35,0.65,0.6057142857142859,0.26190476190476186,-0.343809523809524,0.9866666666666667,1.0,0.013333333333333308,0.6190476190476191,0.2619047619047619,-0.35714285714285715,9,11
