model,fpr,tpr,threshold
rule,0.0,0.0,inf
rule,0.0,0.00186219739292365,0.9999999999999343
rule,0.0,0.00558659217877095,0.9999999881689244
rule,0.0,0.01303538175046555,0.9999996424325985
rule,0.0,0.01675977653631285,0.9999986037125986
rule,0.0,0.040968342644320296,0.9999923636511123
rule,0.0,0.0446927374301676,0.9999909878598999
rule,0.0,0.0633147113594041,0.9999780214846188
rule,0.0,0.0670391061452514,0.9999776059699356
rule,0.0,0.07076350093109869,0.999972332539191
rule,0.0,0.074487895716946,0.9999717800929018
rule,0.0,0.07635009310986965,0.9999676758005297
rule,0.0,0.08007448789571694,0.99996715838832
rule,0.0,0.08379888268156424,0.9999664006082715
rule,0.0,0.08752327746741155,0.9999659331256036
rule,0.0,0.1005586592178771,0.9999562242975736
rule,0.0,0.1042830540037244,0.9999557558199283
rule,0.0,0.10800744878957169,0.9999552576943824
rule,0.0,0.1154562383612663,0.9999550967030129
rule,0.0,0.1191806331471136,0.9999545432920448
rule,0.0,0.12290502793296089,0.9999545012324738
rule,0.0,0.1378026070763501,0.9999536086754981
rule,0.0,0.14152700186219738,0.9999534577887457
rule,0.0,0.14338919925512103,0.9999533431049151
rule,0.0,0.962756052141527,0.9999531962669493
rule,0.0,0.9664804469273743,0.9999167684150115
rule,0.0,0.9702048417132216,0.9998915039436278
rule,0.0,0.9776536312849162,0.9996656418871576
rule,0.0,0.9813780260707635,0.9973457368976731
rule,0.0,0.9869646182495344,0.971814256597385
rule,0.000651890482398957,0.9869646182495344,0.901843104947692
rule,0.000651890482398957,0.9906890130353817,0.8940189974432166
rule,0.000651890482398957,0.9925512104283054,0.757300194499706
rule,0.001303780964797914,0.9925512104283054,0.0589768954079449
rule,0.016297262059973925,0.9981378026070763,0.05640866264474426
rule,0.017601043024771838,0.9981378026070763,0.0562384160169099
rule,0.02607561929595828,0.9981378026070763,0.004248867590006261
rule,0.027379400260756193,0.9981378026070763,0.004237819723565966
rule,0.029335071707953065,0.9981378026070763,0.0017451935650056297
rule,0.030638852672750978,0.9981378026070763,0.0014478110410389656
rule,0.03389830508474576,0.9981378026070763,0.0009878757110025642
rule,0.035202086049543675,0.9981378026070763,0.0009627304810810156
rule,0.03650586701434159,0.9981378026070763,0.000764986700395936
rule,0.03780964797913951,0.9981378026070763,0.0006551385866362156
rule,0.03911342894393742,0.9981378026070763,0.0005556029765617454
rule,0.046284224250325946,0.9981378026070763,0.00048282963355746316
rule,0.0469361147327249,0.9981378026070763,0.0004805477294264561
rule,0.052803129074315516,0.9981378026070763,0.00047855360463166944
rule,0.05541069100391134,0.9981378026070763,0.00035398810171588123
rule,0.056714471968709254,0.9981378026070763,0.0003530918982593919
rule,0.06584093872229466,0.9981378026070763,0.00010116080565951797
rule,0.0697522816166884,0.9981378026070763,9.820380220607556e-05
rule,0.0710560625814863,0.9981378026070763,8.931767057615519e-05
rule,0.07235984354628422,0.9981378026070763,8.675722757188951e-05
rule,0.07953063885267275,0.9981378026070763,3.878413429379392e-05
rule,0.08148631029986962,0.9981378026070763,3.829102293040368e-05
rule,0.08213820078226858,0.9981378026070763,3.745211358141607e-05
rule,0.08344198174706649,0.9981378026070763,3.650026943341504e-05
rule,0.09061277705345502,0.9981378026070763,2.256318186226654e-05
rule,0.09191655801825294,0.9981378026070763,2.2353220968449648e-05
rule,0.09256844850065189,0.9981378026070763,2.1945663494008613e-05
rule,0.0938722294654498,0.9981378026070763,2.1694754003061304e-05
rule,0.09517601043024772,0.9981378026070763,1.98065136759737e-05
rule,0.09647979139504563,0.9981378026070763,1.9749867116658445e-05
rule,0.09908735332464146,0.9981378026070763,1.788192746254818e-05
rule,0.10039113428943937,0.9981378026070763,1.4694456172081388e-05
rule,0.10104302477183832,0.9981378026070763,1.4454573182574418e-05
rule,0.10234680573663625,0.9981378026070763,1.3462166574266078e-05
rule,0.10299869621903521,0.9981378026070763,1.3277083969267391e-05
rule,0.10495436766623208,0.9981378026070763,1.1958414222578179e-05
rule,0.1075619295958279,0.9981378026070763,1.1044469962436705e-05
rule,0.10886571056062581,0.9981378026070763,1.0803287273597845e-05
rule,0.10951760104302477,0.9981378026070763,1.058420157032715e-05
rule,0.11082138200782268,0.9981378026070763,9.650244459816897e-06
rule,0.11147327249022164,0.9981378026070763,8.00168500341912e-06
rule,0.11473272490221642,0.9981378026070763,7.968692539467935e-06
rule,0.1166883963494133,0.9981378026070763,7.20350761947623e-06
rule,0.11799217731421122,0.9981378026070763,6.862023510257908e-06
rule,0.11864406779661017,0.9981378026070763,6.244294822550621e-06
rule,0.12190352020860495,1.0,5.733807568684445e-06
rule,0.1258148631029987,1.0,4.309134441448307e-06
rule,0.12972620599739243,1.0,4.107019261987592e-06
rule,0.13559322033898305,1.0,2.9765595917585337e-06
rule,0.14146023468057367,1.0,2.929842584490624e-06
rule,0.1453715775749674,1.0,2.4528207934927923e-06
rule,0.14667535853976532,1.0,2.3030947910006656e-06
rule,0.14732724902216426,1.0,2.068696125928075e-06
rule,0.15123859191655803,1.0,2.054266332512758e-06
rule,0.15319426336375488,1.0,1.7224197963877146e-06
rule,0.15710560625814862,1.0,1.4797279516909619e-06
rule,0.16101694915254236,1.0,1.0034350378138421e-06
rule,0.1636245110821382,1.0,8.384684904862137e-07
rule,0.16427640156453716,1.0,8.064926876774602e-07
rule,0.16688396349413298,1.0,8.023964091236161e-07
rule,0.17014341590612778,1.0,6.068763621322636e-07
rule,0.17209908735332463,1.0,4.6633337790093827e-07
rule,0.17535853976531943,1.0,3.9139509203170863e-07
rule,0.17666232073011734,1.0,3.8599632584701786e-07
rule,0.18122555410691005,1.0,3.0163262261402987e-07
rule,0.1864406779661017,1.0,2.54645070921673e-07
rule,0.1897001303780965,1.0,2.4792142258004783e-07
rule,0.1910039113428944,1.0,1.986802190686403e-07
rule,0.19426336375488917,1.0,1.9374422539200284e-07
rule,0.19491525423728814,1.0,1.881273498531236e-07
rule,0.1981747066492829,1.0,1.7914546123018982e-07
rule,0.2001303780964798,1.0,1.6860648366636773e-07
rule,0.2014341590612777,1.0,1.4830717725537528e-07
rule,0.20208604954367665,1.0,1.4439350245624764e-07
rule,0.2046936114732725,1.0,1.248894011301529e-07
rule,0.20860495436766624,1.0,9.659597650631224e-08
rule,0.2151238591916558,1.0,9.29391176993895e-08
rule,0.2196870925684485,1.0,6.288388136775604e-08
rule,0.22099087353324642,1.0,5.499261556183564e-08
rule,0.22359843546284225,1.0,4.164115883481374e-08
rule,0.2255541069100391,1.0,3.5626914731207244e-08
rule,0.22685788787483702,1.0,3.336393946353005e-08
rule,0.22816166883963493,1.0,3.2788202440348216e-08
rule,0.2301173402868318,1.0,3.209666065806518e-08
rule,0.23272490221642764,1.0,2.415249424248626e-08
rule,0.23402868318122555,1.0,2.224239994320699e-08
rule,0.23598435462842243,1.0,1.9694990229127225e-08
rule,0.23728813559322035,1.0,1.95710995029551e-08
rule,0.23989569752281617,1.0,1.773178062020722e-08
rule,0.24119947848761408,1.0,1.708027460206787e-08
rule,0.242503259452412,1.0,1.3781183178666997e-08
rule,0.24445893089960888,1.0,1.377207641749818e-08
rule,0.24902216427640156,1.0,1.0714294479479084e-08
rule,0.2516297262059974,1.0,1.0444525831124075e-08
rule,0.2561929595827901,1.0,5.899166285271814e-09
rule,0.25749674054758803,1.0,5.6452535827297816e-09
rule,0.25945241199478486,1.0,5.0305165306540035e-09
rule,0.2627118644067797,1.0,4.985651856651886e-09
rule,0.26401564537157757,1.0,4.670368807717901e-09
rule,0.26727509778357234,1.0,4.6345314984682685e-09
rule,0.2685788787483703,1.0,4.485264215107792e-09
rule,0.26988265971316816,1.0,4.438065088661089e-09
rule,0.27249022164276404,1.0,4.2816767367836434e-09
rule,0.27444589308996087,1.0,3.9002584778495945e-09
rule,0.2966101694915254,1.0,3.873972055405996e-09
rule,0.29791395045632335,1.0,3.5128542819224144e-09
rule,0.29986962190352023,1.0,3.419112531678876e-09
rule,0.3050847457627119,1.0,2.4499763271672106e-09
rule,0.30638852672750977,1.0,2.419558131929005e-09
rule,0.31421121251629724,1.0,1.3541464638407529e-09
rule,0.3155149934810952,1.0,1.3396802446370998e-09
rule,0.31681877444589307,1.0,1.2984803967341737e-09
rule,0.318122555410691,1.0,1.15801838194419e-09
rule,0.31877444589308995,1.0,1.0823278458981562e-09
rule,0.3200782268578879,1.0,1.0499602969337284e-09
rule,0.32333767926988266,1.0,8.014378138009208e-10
rule,0.32659713168187743,1.0,8.014378138009065e-10
rule,0.33116036505867014,1.0,7.156484797553199e-10
rule,0.33376792698826596,1.0,6.736239899780225e-10
rule,0.33572359843546284,1.0,5.394354831743597e-10
rule,0.33702737940026073,1.0,5.306507586561352e-10
rule,0.33833116036505867,1.0,5.273386830266727e-10
rule,0.3396349413298566,1.0,4.5416230748504623e-10
rule,0.34159061277705344,1.0,4.3311942054610774e-10
rule,0.34615384615384615,1.0,4.2539852015822127e-10
rule,0.3468057366362451,1.0,4.243772991026033e-10
rule,0.34810951760104303,1.0,4.0805925439146936e-10
rule,0.3494132985658409,1.0,3.3021593330253745e-10
rule,0.3513689700130378,1.0,2.967161178542173e-10
rule,0.3546284224250326,1.0,2.7481069675823086e-10
rule,0.35723598435462844,1.0,2.464620561676884e-10
rule,0.35984354628422427,1.0,2.373439742683279e-10
rule,0.3617992177314211,1.0,1.6150779972022106e-10
rule,0.3644067796610169,1.0,1.5102733921200413e-10
rule,0.3650586701434159,1.0,1.263962941985419e-10
rule,0.3663624511082138,1.0,1.2617421402990558e-10
rule,0.3670143415906128,1.0,1.187013372402673e-10
rule,0.37027379400260757,1.0,1.1716863671245447e-10
rule,0.3728813559322034,1.0,8.557207356294112e-11
rule,0.38396349413298564,1.0,8.557207356294081e-11
rule,0.3859191655801825,1.0,8.406255762622002e-11
rule,0.38722294654498046,1.0,8.362067092368203e-11
rule,0.3917861799217731,1.0,5.092384231319529e-11
rule,0.39374185136897,1.0,4.4360933757521166e-11
rule,0.3963494132985658,1.0,3.788536249996707e-11
rule,0.39895697522816165,1.0,3.7237891411288065e-11
rule,0.40221642764015647,1.0,2.521763418933656e-11
rule,0.409387222946545,1.0,2.519572569702689e-11
rule,0.41134289439374183,1.0,2.182073080348011e-11
rule,0.41460234680573665,1.0,2.176275394420985e-11
rule,0.4152542372881356,1.0,2.1070800744189896e-11
rule,0.4172099087353325,1.0,2.1070800744189447e-11
rule,0.4178617992177314,1.0,1.9200735312954017e-11
rule,0.4198174706649283,1.0,1.918528765935347e-11
rule,0.423728813559322,1.0,1.2815537780693627e-11
rule,0.42503259452411996,1.0,1.2425425010117454e-11
rule,0.42698826597131684,1.0,9.426271064878953e-12
rule,0.4322033898305085,1.0,8.919898313113846e-12
rule,0.4348109517601043,1.0,8.198006125153191e-12
rule,0.4367666232073012,1.0,7.445494196660973e-12
rule,0.439374185136897,1.0,6.5238730825860826e-12
rule,0.44198174706649285,1.0,4.350513061844831e-12
rule,0.44328552803129073,1.0,3.7300676040572885e-12
rule,0.4511082138200782,1.0,3.66388725090252e-12
rule,0.45371577574967403,1.0,3.3820040767762046e-12
rule,0.4556714471968709,1.0,2.7978188824622973e-12
rule,0.45697522816166886,1.0,2.6539553872184176e-12
rule,0.4576271186440678,1.0,2.6079156158631233e-12
rule,0.4595827900912647,1.0,2.2194623731135226e-12
rule,0.4621903520208605,1.0,2.0517793324794055e-12
rule,0.4661016949152542,1.0,2.0208545747348818e-12
rule,0.4667535853976532,1.0,1.92979654521245e-12
rule,0.46870925684485004,1.0,1.666857620245779e-12
rule,0.46936114732724904,1.0,1.6557295251345703e-12
rule,0.47131681877444587,1.0,1.6138593890804271e-12
rule,0.4726205997392438,1.0,1.5000510263214758e-12
rule,0.4765319426336376,1.0,1.4694437576009455e-12
rule,0.4784876140808344,1.0,1.287763962646524e-12
rule,0.47979139504563234,1.0,9.840086090989193e-13
rule,0.4804432855280313,1.0,7.644544673575121e-13
rule,0.48435462842242505,1.0,7.125216479298756e-13
rule,0.48565840938722293,1.0,7.111864166011747e-13
rule,0.4895697522816167,1.0,6.66038711939106e-13
rule,0.4941329856584094,1.0,4.2787836023387157e-13
rule,0.4954367666232073,1.0,4.2355867710505314e-13
rule,0.5013037809647979,1.0,1.7829646023289793e-13
rule,0.5032594524119948,1.0,1.5551497629765915e-13
rule,0.5149934810951761,1.0,3.898687599228827e-14
rule,0.516297262059974,1.0,3.853559853029204e-14
rule,0.5208604954367666,1.0,1.9747717684988603e-14
rule,0.5221642764015645,1.0,1.8789983821434223e-14
rule,0.529335071707953,1.0,7.325257595616782e-15
rule,0.530638852672751,1.0,6.802276720942725e-15
rule,0.5325945241199479,1.0,6.733614669228659e-15
rule,0.5345501955671447,1.0,5.8800803466890354e-15
rule,0.5365058670143416,1.0,5.75757843808502e-15
rule,0.5378096479791395,1.0,5.706563840683259e-15
rule,0.5410691003911343,1.0,3.0395682488467182e-15
rule,0.5423728813559322,1.0,2.93789017240932e-15
rule,0.5449804432855281,1.0,2.297804295109828e-15
rule,0.546284224250326,1.0,2.1752629273423785e-15
rule,0.5508474576271186,1.0,1.2505970544229914e-15
rule,0.5528031290743155,1.0,1.1646667035746659e-15
rule,0.5541069100391134,1.0,1.1417891476171874e-15
rule,0.5586701434159062,1.0,5.757709537516924e-16
rule,0.5612777053455019,1.0,5.637743459274862e-16
rule,0.5625814863102999,1.0,5.497238515293972e-16
rule,0.5638852672750978,1.0,5.257820674884101e-16
rule,0.5697522816166884,1.0,2.6517198875174177e-16
rule,0.5730117340286832,1.0,2.3943891444751594e-16
rule,0.5749674054758801,1.0,2.2468921342606463e-16
rule,0.576271186440678,1.0,2.2397035859223147e-16
rule,0.5840938722294654,1.0,1.0542606497890051e-16
rule,0.5867014341590613,1.0,9.534344699343621e-17
rule,0.5893089960886571,1.0,5.85063460685956e-17
rule,0.590612777053455,1.0,5.747204157858552e-17
rule,0.5919165580182529,1.0,5.216526530925339e-17
rule,0.5938722294654498,1.0,4.8951356236370155e-17
rule,0.5977835723598436,1.0,2.8112402760906556e-17
rule,0.5990873533246415,1.0,2.49587357181381e-17
rule,0.6010430247718384,1.0,2.0023799467840368e-17
rule,0.6023468057366362,1.0,1.9408849023633644e-17
rule,0.6043024771838331,1.0,1.7860998224950607e-17
rule,0.60625814863103,1.0,1.7636756773760907e-17
rule,0.6114732724902217,1.0,6.943379525498922e-18
rule,0.6134289439374185,1.0,6.390776529087145e-18
rule,0.6140808344198174,1.0,4.690463740226758e-18
rule,0.6153846153846154,1.0,4.541826386115004e-18
rule,0.6179921773142112,1.0,4.386253906015562e-18
rule,0.6192959582790091,1.0,4.3523990463472096e-18
rule,0.6199478487614081,1.0,4.342434806147369e-18
rule,1.0,1.0,4.248354255291589e-18
rectified_l1,0.0,0.0,inf
rectified_l1,0.0,0.00186219739292365,0.9999999999999343
rectified_l1,0.0,0.00558659217877095,0.9999999881689244
rectified_l1,0.0,0.01303538175046555,0.9999996424325985
rectified_l1,0.0,0.01675977653631285,0.9999986037125986
rectified_l1,0.0,0.040968342644320296,0.9999923636511123
rectified_l1,0.0,0.0446927374301676,0.9999909878598999
rectified_l1,0.0,0.0633147113594041,0.9999780214846188
rectified_l1,0.0,0.0670391061452514,0.9999776059699356
rectified_l1,0.0,0.07076350093109869,0.999972332539191
rectified_l1,0.0,0.074487895716946,0.9999717800929018
rectified_l1,0.0,0.07635009310986965,0.9999676758005297
rectified_l1,0.0,0.08007448789571694,0.99996715838832
rectified_l1,0.0,0.08379888268156424,0.9999664006082715
rectified_l1,0.0,0.08752327746741155,0.9999659331256036
rectified_l1,0.0,0.1005586592178771,0.9999562242975736
rectified_l1,0.0,0.1042830540037244,0.9999557558199283
rectified_l1,0.0,0.10800744878957169,0.9999552576943824
rectified_l1,0.0,0.1154562383612663,0.9999550967030129
rectified_l1,0.0,0.1191806331471136,0.9999545432920448
rectified_l1,0.0,0.12290502793296089,0.9999545012324738
rectified_l1,0.0,0.1378026070763501,0.9999536086754981
rectified_l1,0.0,0.14152700186219738,0.9999534577887457
rectified_l1,0.0,0.14338919925512103,0.9999533431049151
rectified_l1,0.0,0.962756052141527,0.9999531962669493
rectified_l1,0.0,0.9664804469273743,0.9999167684150115
rectified_l1,0.0,0.9702048417132216,0.9998915039436278
rectified_l1,0.0,0.9776536312849162,0.9996656418871576
rectified_l1,0.0,0.9813780260707635,0.9973457368976731
rectified_l1,0.0,0.9869646182495344,0.971814256597385
rectified_l1,0.000651890482398957,0.9869646182495344,0.901843104947692
rectified_l1,0.000651890482398957,0.9906890130353817,0.8940189974432166
rectified_l1,0.000651890482398957,0.9925512104283054,0.757300194499706
rectified_l1,0.001303780964797914,0.9925512104283054,0.0589768954079449
rectified_l1,0.016297262059973925,0.9981378026070763,0.05640866264474426
rectified_l1,0.017601043024771838,0.9981378026070763,0.0562384160169099
rectified_l1,0.02607561929595828,0.9981378026070763,0.004248867590006261
rectified_l1,0.027379400260756193,0.9981378026070763,0.004237819723565966
rectified_l1,0.029335071707953065,0.9981378026070763,0.0017451935650056297
rectified_l1,0.030638852672750978,0.9981378026070763,0.0014478110410389656
rectified_l1,0.03389830508474576,0.9981378026070763,0.0009878757110025642
rectified_l1,0.035202086049543675,0.9981378026070763,0.0009627304810810156
rectified_l1,0.03650586701434159,0.9981378026070763,0.000764986700395936
rectified_l1,0.03780964797913951,0.9981378026070763,0.0006551385866362156
rectified_l1,0.03911342894393742,0.9981378026070763,0.0005556029765617454
rectified_l1,0.046284224250325946,0.9981378026070763,0.00048282963355746316
rectified_l1,0.0469361147327249,0.9981378026070763,0.0004805477294264561
rectified_l1,0.052803129074315516,0.9981378026070763,0.00047855360463166944
rectified_l1,0.05541069100391134,0.9981378026070763,0.00035398810171588123
rectified_l1,0.056714471968709254,0.9981378026070763,0.0003530918982593919
rectified_l1,0.06584093872229466,0.9981378026070763,0.00010116080565951797
rectified_l1,0.0697522816166884,0.9981378026070763,9.820380220607556e-05
rectified_l1,0.0710560625814863,0.9981378026070763,8.931767057615519e-05
rectified_l1,0.07235984354628422,0.9981378026070763,8.675722757188951e-05
rectified_l1,0.07953063885267275,0.9981378026070763,3.878413429379392e-05
rectified_l1,0.08148631029986962,0.9981378026070763,3.829102293040368e-05
rectified_l1,0.08213820078226858,0.9981378026070763,3.745211358141607e-05
rectified_l1,0.08344198174706649,0.9981378026070763,3.650026943341504e-05
rectified_l1,0.09061277705345502,0.9981378026070763,2.256318186226654e-05
rectified_l1,0.09191655801825294,0.9981378026070763,2.2353220968449648e-05
rectified_l1,0.09256844850065189,0.9981378026070763,2.1945663494008613e-05
rectified_l1,0.0938722294654498,0.9981378026070763,2.1694754003061304e-05
rectified_l1,0.09517601043024772,0.9981378026070763,1.98065136759737e-05
rectified_l1,0.09647979139504563,0.9981378026070763,1.9749867116658445e-05
rectified_l1,0.09908735332464146,0.9981378026070763,1.788192746254818e-05
rectified_l1,0.10039113428943937,0.9981378026070763,1.4694456172081388e-05
rectified_l1,0.10104302477183832,0.9981378026070763,1.4454573182574418e-05
rectified_l1,0.10234680573663625,0.9981378026070763,1.3462166574266078e-05
rectified_l1,0.10299869621903521,0.9981378026070763,1.3277083969267391e-05
rectified_l1,0.10495436766623208,0.9981378026070763,1.1958414222578179e-05
rectified_l1,0.1075619295958279,0.9981378026070763,1.1044469962436705e-05
rectified_l1,0.10886571056062581,0.9981378026070763,1.0803287273597845e-05
rectified_l1,0.10951760104302477,0.9981378026070763,1.058420157032715e-05
rectified_l1,0.11082138200782268,0.9981378026070763,9.650244459816897e-06
rectified_l1,0.11147327249022164,0.9981378026070763,8.00168500341912e-06
rectified_l1,0.11473272490221642,0.9981378026070763,7.968692539467935e-06
rectified_l1,0.1166883963494133,0.9981378026070763,7.20350761947623e-06
rectified_l1,0.11799217731421122,0.9981378026070763,6.862023510257908e-06
rectified_l1,0.11864406779661017,0.9981378026070763,6.244294822550621e-06
rectified_l1,0.12190352020860495,1.0,5.733807568684445e-06
rectified_l1,0.1258148631029987,1.0,4.309134441448307e-06
rectified_l1,0.12972620599739243,1.0,4.107019261987592e-06
rectified_l1,0.13559322033898305,1.0,2.9765595917585337e-06
rectified_l1,0.14146023468057367,1.0,2.929842584490624e-06
rectified_l1,0.1453715775749674,1.0,2.4528207934927923e-06
rectified_l1,0.14667535853976532,1.0,2.3030947910006656e-06
rectified_l1,0.14732724902216426,1.0,2.068696125928075e-06
rectified_l1,0.15123859191655803,1.0,2.054266332512758e-06
rectified_l1,0.15319426336375488,1.0,1.7224197963877146e-06
rectified_l1,0.15710560625814862,1.0,1.4797279516909619e-06
rectified_l1,0.16101694915254236,1.0,1.0034350378138421e-06
rectified_l1,0.1636245110821382,1.0,8.384684904862137e-07
rectified_l1,0.16427640156453716,1.0,8.064926876774602e-07
rectified_l1,0.16688396349413298,1.0,8.023964091236161e-07
rectified_l1,0.17014341590612778,1.0,6.068763621322636e-07
rectified_l1,0.17209908735332463,1.0,4.6633337790093827e-07
rectified_l1,0.17535853976531943,1.0,3.9139509203170863e-07
rectified_l1,0.17666232073011734,1.0,3.8599632584701786e-07
rectified_l1,0.18122555410691005,1.0,3.0163262261402987e-07
rectified_l1,0.1864406779661017,1.0,2.54645070921673e-07
rectified_l1,0.1897001303780965,1.0,2.4792142258004783e-07
rectified_l1,0.1910039113428944,1.0,1.986802190686403e-07
rectified_l1,0.19426336375488917,1.0,1.9374422539200284e-07
rectified_l1,0.19491525423728814,1.0,1.881273498531236e-07
rectified_l1,0.1981747066492829,1.0,1.7914546123018982e-07
rectified_l1,0.2001303780964798,1.0,1.6860648366636773e-07
rectified_l1,0.2014341590612777,1.0,1.4830717725537528e-07
rectified_l1,0.20208604954367665,1.0,1.4439350245624764e-07
rectified_l1,0.2046936114732725,1.0,1.248894011301529e-07
rectified_l1,0.20860495436766624,1.0,9.659597650631224e-08
rectified_l1,0.2151238591916558,1.0,9.29391176993895e-08
rectified_l1,0.2196870925684485,1.0,6.288388136775604e-08
rectified_l1,0.22099087353324642,1.0,5.499261556183564e-08
rectified_l1,0.22359843546284225,1.0,4.164115883481374e-08
rectified_l1,0.2255541069100391,1.0,3.5626914731207244e-08
rectified_l1,0.22685788787483702,1.0,3.336393946353005e-08
rectified_l1,0.22816166883963493,1.0,3.2788202440348216e-08
rectified_l1,0.2301173402868318,1.0,3.209666065806518e-08
rectified_l1,0.23272490221642764,1.0,2.415249424248626e-08
rectified_l1,0.23402868318122555,1.0,2.224239994320699e-08
rectified_l1,0.23598435462842243,1.0,1.9694990229127225e-08
rectified_l1,0.23728813559322035,1.0,1.95710995029551e-08
rectified_l1,0.23989569752281617,1.0,1.773178062020722e-08
rectified_l1,0.24119947848761408,1.0,1.708027460206787e-08
rectified_l1,0.242503259452412,1.0,1.3781183178666997e-08
rectified_l1,0.24445893089960888,1.0,1.377207641749818e-08
rectified_l1,0.24902216427640156,1.0,1.0714294479479084e-08
rectified_l1,0.2516297262059974,1.0,1.0444525831124075e-08
rectified_l1,0.2561929595827901,1.0,5.899166285271814e-09
rectified_l1,0.25749674054758803,1.0,5.6452535827297816e-09
rectified_l1,0.25945241199478486,1.0,5.0305165306540035e-09
rectified_l1,0.2627118644067797,1.0,4.985651856651886e-09
rectified_l1,0.26401564537157757,1.0,4.670368807717901e-09
rectified_l1,0.26727509778357234,1.0,4.6345314984682685e-09
rectified_l1,0.2685788787483703,1.0,4.485264215107792e-09
rectified_l1,0.26988265971316816,1.0,4.438065088661089e-09
rectified_l1,0.27249022164276404,1.0,4.2816767367836434e-09
rectified_l1,0.27444589308996087,1.0,3.9002584778495945e-09
rectified_l1,0.2966101694915254,1.0,3.873972055405996e-09
rectified_l1,0.29791395045632335,1.0,3.5128542819224144e-09
rectified_l1,0.29986962190352023,1.0,3.419112531678876e-09
rectified_l1,0.3050847457627119,1.0,2.4499763271672106e-09
rectified_l1,0.30638852672750977,1.0,2.419558131929005e-09
rectified_l1,0.31421121251629724,1.0,1.3541464638407529e-09
rectified_l1,0.3155149934810952,1.0,1.3396802446370998e-09
rectified_l1,0.31681877444589307,1.0,1.2984803967341737e-09
rectified_l1,0.318122555410691,1.0,1.15801838194419e-09
rectified_l1,0.31877444589308995,1.0,1.0823278458981562e-09
rectified_l1,0.3200782268578879,1.0,1.0499602969337284e-09
rectified_l1,0.32333767926988266,1.0,8.014378138009208e-10
rectified_l1,0.32659713168187743,1.0,8.014378138009065e-10
rectified_l1,0.33116036505867014,1.0,7.156484797553199e-10
rectified_l1,0.33376792698826596,1.0,6.736239899780225e-10
rectified_l1,0.33572359843546284,1.0,5.394354831743597e-10
rectified_l1,0.33702737940026073,1.0,5.306507586561352e-10
rectified_l1,0.33833116036505867,1.0,5.273386830266727e-10
rectified_l1,0.3396349413298566,1.0,4.5416230748504623e-10
rectified_l1,0.34159061277705344,1.0,4.3311942054610774e-10
rectified_l1,0.34615384615384615,1.0,4.2539852015822127e-10
rectified_l1,0.3468057366362451,1.0,4.243772991026033e-10
rectified_l1,0.34810951760104303,1.0,4.0805925439146936e-10
rectified_l1,0.3494132985658409,1.0,3.3021593330253745e-10
rectified_l1,0.3513689700130378,1.0,2.967161178542173e-10
rectified_l1,0.3546284224250326,1.0,2.7481069675823086e-10
rectified_l1,0.35723598435462844,1.0,2.464620561676884e-10
rectified_l1,0.35984354628422427,1.0,2.373439742683279e-10
rectified_l1,0.3617992177314211,1.0,1.6150779972022106e-10
rectified_l1,0.3644067796610169,1.0,1.5102733921200413e-10
rectified_l1,0.3650586701434159,1.0,1.263962941985419e-10
rectified_l1,0.3663624511082138,1.0,1.2617421402990558e-10
rectified_l1,0.3670143415906128,1.0,1.187013372402673e-10
rectified_l1,0.37027379400260757,1.0,1.1716863671245447e-10
rectified_l1,0.3728813559322034,1.0,8.557207356294112e-11
rectified_l1,0.38396349413298564,1.0,8.557207356294081e-11
rectified_l1,0.3859191655801825,1.0,8.406255762622002e-11
rectified_l1,0.38722294654498046,1.0,8.362067092368203e-11
rectified_l1,0.3917861799217731,1.0,5.092384231319529e-11
rectified_l1,0.39374185136897,1.0,4.4360933757521166e-11
rectified_l1,0.3963494132985658,1.0,3.788536249996707e-11
rectified_l1,0.39895697522816165,1.0,3.7237891411288065e-11
rectified_l1,0.40221642764015647,1.0,2.521763418933656e-11
rectified_l1,0.409387222946545,1.0,2.519572569702689e-11
rectified_l1,0.41134289439374183,1.0,2.182073080348011e-11
rectified_l1,0.41460234680573665,1.0,2.176275394420985e-11
rectified_l1,0.4152542372881356,1.0,2.1070800744189896e-11
rectified_l1,0.4172099087353325,1.0,2.1070800744189447e-11
rectified_l1,0.4178617992177314,1.0,1.9200735312954017e-11
rectified_l1,0.4198174706649283,1.0,1.918528765935347e-11
rectified_l1,0.423728813559322,1.0,1.2815537780693627e-11
rectified_l1,0.42503259452411996,1.0,1.2425425010117454e-11
rectified_l1,0.42698826597131684,1.0,9.426271064878953e-12
rectified_l1,0.4322033898305085,1.0,8.919898313113846e-12
rectified_l1,0.4348109517601043,1.0,8.198006125153191e-12
rectified_l1,0.4367666232073012,1.0,7.445494196660973e-12
rectified_l1,0.439374185136897,1.0,6.5238730825860826e-12
rectified_l1,0.44198174706649285,1.0,4.350513061844831e-12
rectified_l1,0.44328552803129073,1.0,3.7300676040572885e-12
rectified_l1,0.4511082138200782,1.0,3.66388725090252e-12
rectified_l1,0.45371577574967403,1.0,3.3820040767762046e-12
rectified_l1,0.4556714471968709,1.0,2.7978188824622973e-12
rectified_l1,0.45697522816166886,1.0,2.6539553872184176e-12
rectified_l1,0.4576271186440678,1.0,2.6079156158631233e-12
rectified_l1,0.4595827900912647,1.0,2.2194623731135226e-12
rectified_l1,0.4621903520208605,1.0,2.0517793324794055e-12
rectified_l1,0.4661016949152542,1.0,2.0208545747348818e-12
rectified_l1,0.4667535853976532,1.0,1.92979654521245e-12
rectified_l1,0.46870925684485004,1.0,1.666857620245779e-12
rectified_l1,0.46936114732724904,1.0,1.6557295251345703e-12
rectified_l1,0.47131681877444587,1.0,1.6138593890804271e-12
rectified_l1,0.4726205997392438,1.0,1.5000510263214758e-12
rectified_l1,0.4765319426336376,1.0,1.4694437576009455e-12
rectified_l1,0.4784876140808344,1.0,1.287763962646524e-12
rectified_l1,0.47979139504563234,1.0,9.840086090989193e-13
rectified_l1,0.4804432855280313,1.0,7.644544673575121e-13
rectified_l1,0.48435462842242505,1.0,7.125216479298756e-13
rectified_l1,0.48565840938722293,1.0,7.111864166011747e-13
rectified_l1,0.4895697522816167,1.0,6.66038711939106e-13
rectified_l1,0.4941329856584094,1.0,4.2787836023387157e-13
rectified_l1,0.4954367666232073,1.0,4.2355867710505314e-13
rectified_l1,0.5013037809647979,1.0,1.7829646023289793e-13
rectified_l1,0.5032594524119948,1.0,1.5551497629765915e-13
rectified_l1,0.5149934810951761,1.0,3.898687599228827e-14
rectified_l1,0.516297262059974,1.0,3.853559853029204e-14
rectified_l1,0.5208604954367666,1.0,1.9747717684988603e-14
rectified_l1,0.5221642764015645,1.0,1.8789983821434223e-14
rectified_l1,0.529335071707953,1.0,7.325257595616782e-15
rectified_l1,0.530638852672751,1.0,6.802276720942725e-15
rectified_l1,0.5325945241199479,1.0,6.733614669228659e-15
rectified_l1,0.5345501955671447,1.0,5.8800803466890354e-15
rectified_l1,0.5365058670143416,1.0,5.75757843808502e-15
rectified_l1,0.5378096479791395,1.0,5.706563840683259e-15
rectified_l1,0.5410691003911343,1.0,3.0395682488467182e-15
rectified_l1,0.5423728813559322,1.0,2.93789017240932e-15
rectified_l1,0.5449804432855281,1.0,2.297804295109828e-15
rectified_l1,0.546284224250326,1.0,2.1752629273423785e-15
rectified_l1,0.5508474576271186,1.0,1.2505970544229914e-15
rectified_l1,0.5528031290743155,1.0,1.1646667035746659e-15
rectified_l1,0.5541069100391134,1.0,1.1417891476171874e-15
rectified_l1,0.5586701434159062,1.0,5.757709537516924e-16
rectified_l1,0.5612777053455019,1.0,5.637743459274862e-16
rectified_l1,0.5625814863102999,1.0,5.497238515293972e-16
rectified_l1,0.5638852672750978,1.0,5.257820674884101e-16
rectified_l1,0.5697522816166884,1.0,2.6517198875174177e-16
rectified_l1,0.5730117340286832,1.0,2.3943891444751594e-16
rectified_l1,0.5749674054758801,1.0,2.2468921342606463e-16
rectified_l1,0.576271186440678,1.0,2.2397035859223147e-16
rectified_l1,0.5840938722294654,1.0,1.0542606497890051e-16
rectified_l1,0.5867014341590613,1.0,9.534344699343621e-17
rectified_l1,0.5893089960886571,1.0,5.85063460685956e-17
rectified_l1,0.590612777053455,1.0,5.747204157858552e-17
rectified_l1,0.5919165580182529,1.0,5.216526530925339e-17
rectified_l1,0.5938722294654498,1.0,4.8951356236370155e-17
rectified_l1,0.5977835723598436,1.0,2.8112402760906556e-17
rectified_l1,0.5990873533246415,1.0,2.49587357181381e-17
rectified_l1,0.6010430247718384,1.0,2.0023799467840368e-17
rectified_l1,0.6023468057366362,1.0,1.9408849023633644e-17
rectified_l1,0.6043024771838331,1.0,1.7860998224950607e-17
rectified_l1,0.60625814863103,1.0,1.7636756773760907e-17
rectified_l1,0.6114732724902217,1.0,6.943379525498922e-18
rectified_l1,0.6134289439374185,1.0,6.390776529087145e-18
rectified_l1,0.6140808344198174,1.0,4.690463740226758e-18
rectified_l1,0.6153846153846154,1.0,4.541826386115004e-18
rectified_l1,0.6179921773142112,1.0,4.386253906015562e-18
rectified_l1,0.6192959582790091,1.0,4.3523990463472096e-18
rectified_l1,0.6199478487614081,1.0,4.342434806147369e-18
rectified_l1,1.0,1.0,4.248354255291589e-18
raw_l1,0.0,0.0,inf
raw_l1,0.0,0.00186219739292365,0.9906535266957646
raw_l1,0.0,0.10242085661080075,0.9329648065678133
raw_l1,0.001303780964797914,0.10242085661080075,0.9286140839339815
raw_l1,0.001303780964797914,0.1042830540037244,0.9285951968997994
raw_l1,0.001955671447196871,0.1042830540037244,0.9265323318750192
raw_l1,0.001955671447196871,0.10986964618249534,0.9232571940463546
raw_l1,0.002607561929595828,0.10986964618249534,0.9185508124685355
raw_l1,0.002607561929595828,0.11359404096834265,0.9155814269109602
raw_l1,0.003259452411994785,0.11359404096834265,0.9146189093304743
raw_l1,0.003259452411994785,0.1154562383612663,0.9145137288774013
raw_l1,0.005215123859191656,0.1154562383612663,0.9071024410551022
raw_l1,0.005215123859191656,0.11731843575418995,0.8992002768554123
raw_l1,0.005867014341590613,0.11731843575418995,0.8984250569230464
raw_l1,0.005867014341590613,0.1266294227188082,0.8945661125228602
raw_l1,0.007170795306388526,0.1266294227188082,0.8933256921975146
raw_l1,0.007170795306388526,0.13221601489757914,0.8897535618602844
raw_l1,0.007822685788787484,0.13221601489757914,0.8881451456045748
raw_l1,0.007822685788787484,0.14152700186219738,0.8848815714539678
raw_l1,0.009126466753585397,0.14152700186219738,0.883118472833051
raw_l1,0.009126466753585397,0.14338919925512103,0.8805908299927012
raw_l1,0.009778357235984355,0.14338919925512103,0.8805567462000343
raw_l1,0.009778357235984355,0.1452513966480447,0.8773974200735101
raw_l1,0.010430247718383311,0.1452513966480447,0.8763502992233527
raw_l1,0.010430247718383311,0.14711359404096835,0.8755796656195196
raw_l1,0.01108213820078227,0.14711359404096835,0.8742724789601547
raw_l1,0.01108213820078227,0.15456238361266295,0.8709853717918691
raw_l1,0.011734028683181226,0.15456238361266295,0.8705984239322501
raw_l1,0.011734028683181226,0.16201117318435754,0.8673915729813134
raw_l1,0.012385919165580182,0.16201117318435754,0.8669300993803746
raw_l1,0.012385919165580182,0.16387337057728119,0.8601529931000663
raw_l1,0.01303780964797914,0.16387337057728119,0.85968584158042
raw_l1,0.01303780964797914,0.16759776536312848,0.8578245226064904
raw_l1,0.014341590612777053,0.16759776536312848,0.8540865284827612
raw_l1,0.014341590612777053,0.1824953445065177,0.8457283812555644
raw_l1,0.01499348109517601,0.1824953445065177,0.845317943563562
raw_l1,0.01499348109517601,0.18808193668528864,0.8419848269456212
raw_l1,0.01564537157757497,0.18808193668528864,0.8410697463600708
raw_l1,0.01564537157757497,0.19366852886405958,0.8370323676320296
raw_l1,0.016297262059973925,0.19366852886405958,0.8361982844521916
raw_l1,0.016297262059973925,0.1973929236499069,0.8323202404711357
raw_l1,0.01694915254237288,0.1973929236499069,0.8322684992946783
raw_l1,0.01694915254237288,0.21787709497206703,0.8153031517839848
raw_l1,0.017601043024771838,0.21787709497206703,0.8152169903307704
raw_l1,0.017601043024771838,0.24208566108007448,0.7932088977454168
raw_l1,0.018252933507170794,0.24208566108007448,0.7922052091232039
raw_l1,0.018252933507170794,0.24581005586592178,0.7899353580881047
raw_l1,0.018904823989569754,0.24581005586592178,0.7895113639638669
raw_l1,0.018904823989569754,0.27001862197392923,0.7655321245996303
raw_l1,0.01955671447196871,0.27001862197392923,0.7651232940343458
raw_l1,0.01955671447196871,0.2718808193668529,0.7646358591391084
raw_l1,0.020208604954367666,0.2718808193668529,0.7632763430672008
raw_l1,0.020208604954367666,0.2774674115456238,0.7613765011214964
raw_l1,0.020860495436766623,0.2774674115456238,0.7559151532943382
raw_l1,0.020860495436766623,0.27932960893854747,0.753608919489254
raw_l1,0.02151238591916558,0.27932960893854747,0.7530754383289823
raw_l1,0.02151238591916558,0.28305400372439476,0.7521729369424657
raw_l1,0.02216427640156454,0.28305400372439476,0.7517390149220128
raw_l1,0.02216427640156454,0.2905027932960894,0.7457081163254565
raw_l1,0.02346805736636245,0.2905027932960894,0.744906361086751
raw_l1,0.02346805736636245,0.29236499068901306,0.7448197648903379
raw_l1,0.024119947848761408,0.29236499068901306,0.7444192856465992
raw_l1,0.024119947848761408,0.3054003724394786,0.7361229167100157
raw_l1,0.024771838331160364,0.3054003724394786,0.7359073784113552
raw_l1,0.024771838331160364,0.30726256983240224,0.7359073598957174
raw_l1,0.02607561929595828,0.30726256983240224,0.7338953469245386
raw_l1,0.02607561929595828,0.31471135940409684,0.730439754580771
raw_l1,0.026727509778357236,0.31471135940409684,0.7284867627011908
raw_l1,0.026727509778357236,0.33147113594040967,0.7184129423466413
raw_l1,0.02803129074315515,0.33147113594040967,0.7167239612407027
raw_l1,0.02803129074315515,0.3463687150837989,0.7129482747482676
raw_l1,0.02998696219035202,0.3463687150837989,0.7118761849700558
raw_l1,0.02998696219035202,0.34823091247672255,0.7111165641450866
raw_l1,0.030638852672750978,0.34823091247672255,0.7105818889172073
raw_l1,0.030638852672750978,0.3538175046554935,0.7084605698825018
raw_l1,0.03129074315514994,0.3538175046554935,0.7073023467456623
raw_l1,0.03129074315514994,0.35567970204841715,0.7067424982953623
raw_l1,0.031942633637548894,0.35567970204841715,0.7038020576762447
raw_l1,0.031942633637548894,0.3575418994413408,0.703408235729977
raw_l1,0.03259452411994785,0.3575418994413408,0.7033709506838495
raw_l1,0.03259452411994785,0.3612662942271881,0.7020166053078525
raw_l1,0.033246414602346806,0.3612662942271881,0.7015938382935144
raw_l1,0.033246414602346806,0.39664804469273746,0.6892614605100036
raw_l1,0.03455019556714472,0.39664804469273746,0.6862538772852875
raw_l1,0.03455019556714472,0.40782122905027934,0.679310365668624
raw_l1,0.035202086049543675,0.40782122905027934,0.6791191572262436
raw_l1,0.035202086049543675,0.409683426443203,0.679089435279836
raw_l1,0.03585397653194263,0.409683426443203,0.6773616543831039
raw_l1,0.03585397653194263,0.4171322160148976,0.6741753299063524
raw_l1,0.03650586701434159,0.4171322160148976,0.67263540461922
raw_l1,0.03650586701434159,0.4376163873370577,0.6613173417957573
raw_l1,0.037157757496740544,0.4376163873370577,0.6607984324968812
raw_l1,0.037157757496740544,0.43947858472998136,0.6575589121025174
raw_l1,0.03780964797913951,0.43947858472998136,0.6531034537008077
raw_l1,0.03780964797913951,0.441340782122905,0.6522356099315093
raw_l1,0.038461538461538464,0.441340782122905,0.6518287076042403
raw_l1,0.038461538461538464,0.4450651769087523,0.6509033585811812
raw_l1,0.03911342894393742,0.4450651769087523,0.6507590656304001
raw_l1,0.03911342894393742,0.4655493482309125,0.6335485343183545
raw_l1,0.039765319426336376,0.4655493482309125,0.6328627821080751
raw_l1,0.039765319426336376,0.47113594040968343,0.6309581727784717
raw_l1,0.04041720990873533,0.47113594040968343,0.6301903312890347
raw_l1,0.04041720990873533,0.4767225325884544,0.6282635476622693
raw_l1,0.041720990873533245,0.4767225325884544,0.6266942960393109
raw_l1,0.041720990873533245,0.48044692737430167,0.6262213406070356
raw_l1,0.0423728813559322,0.48044692737430167,0.6261603553408105
raw_l1,0.0423728813559322,0.4823091247672253,0.6260259653419352
raw_l1,0.043676662320730114,0.4823091247672253,0.6218374709514948
raw_l1,0.043676662320730114,0.48417132216014896,0.6216658524498924
raw_l1,0.04432855280312908,0.48417132216014896,0.6206673061357552
raw_l1,0.04432855280312908,0.49162011173184356,0.6188892973398064
raw_l1,0.04563233376792699,0.49162011173184356,0.6176529499568649
raw_l1,0.04563233376792699,0.49906890130353815,0.6111736858877844
raw_l1,0.046284224250325946,0.49906890130353815,0.609625086607032
raw_l1,0.046284224250325946,0.5065176908752328,0.6073093650381833
raw_l1,0.0469361147327249,0.5065176908752328,0.6055701575977573
raw_l1,0.0469361147327249,0.5083798882681564,0.60402547042409
raw_l1,0.048239895697522815,0.5083798882681564,0.6031230696927662
raw_l1,0.048239895697522815,0.5288640595903166,0.5792700899013583
raw_l1,0.04889178617992177,0.5288640595903166,0.5773216107707447
raw_l1,0.04889178617992177,0.5325884543761639,0.573407323950127
raw_l1,0.05084745762711865,0.5325884543761639,0.5700413491368967
raw_l1,0.05084745762711865,0.5381750465549349,0.5651055905800767
raw_l1,0.051499348109517604,0.5381750465549349,0.5632190853337457
raw_l1,0.051499348109517604,0.547486033519553,0.5551462849964494
raw_l1,0.05215123859191656,0.547486033519553,0.5524995937204625
raw_l1,0.05215123859191656,0.5512104283054003,0.5447165068651834
raw_l1,0.052803129074315516,0.5512104283054003,0.5427922789106046
raw_l1,0.052803129074315516,0.5567970204841713,0.538014652919309
raw_l1,0.05345501955671447,0.5567970204841713,0.5378646152786017
raw_l1,0.05345501955671447,0.5586592178770949,0.537558409405025
raw_l1,0.05410691003911343,0.5586592178770949,0.5365215291126807
raw_l1,0.05410691003911343,0.5642458100558659,0.535257654432083
raw_l1,0.0560625814863103,0.5642458100558659,0.5329121318350695
raw_l1,0.0560625814863103,0.5679702048417132,0.5293379312778332
raw_l1,0.05736636245110821,0.5679702048417132,0.5272211152302104
raw_l1,0.05736636245110821,0.5772811918063314,0.5123395903292979
raw_l1,0.058018252933507174,0.5772811918063314,0.5098203112808504
raw_l1,0.058018252933507174,0.5791433891992551,0.5094627942891857
raw_l1,0.05867014341590613,0.5791433891992551,0.5087645230551981
raw_l1,0.05867014341590613,0.5810055865921788,0.5083526468121888
raw_l1,0.059322033898305086,0.5810055865921788,0.5083403860631395
raw_l1,0.059322033898305086,0.5940409683426443,0.5006817257535164
raw_l1,0.05997392438070404,0.5940409683426443,0.49864581575077316
raw_l1,0.05997392438070404,0.5977653631284916,0.4974593589762655
raw_l1,0.06258148631029987,0.5977653631284916,0.4923705400593648
raw_l1,0.06258148631029987,0.6052141527001862,0.49053852862856484
raw_l1,0.06388526727509779,0.6052141527001862,0.48891540596663513
raw_l1,0.06388526727509779,0.6070763500931099,0.4887644075767924
raw_l1,0.0651890482398957,0.6070763500931099,0.48125657723841575
raw_l1,0.0651890482398957,0.6108007448789572,0.4803433135154617
raw_l1,0.06584093872229466,0.6108007448789572,0.47955253977057016
raw_l1,0.06584093872229466,0.6126629422718808,0.4780857653515773
raw_l1,0.06649282920469361,0.6126629422718808,0.47554406240567226
raw_l1,0.06649282920469361,0.6163873370577281,0.4716820598398194
raw_l1,0.06714471968709257,0.6163873370577281,0.46769165015774133
raw_l1,0.06714471968709257,0.6182495344506518,0.4671862505078487
raw_l1,0.06779661016949153,0.6182495344506518,0.46700856431468724
raw_l1,0.06779661016949153,0.6219739292364991,0.46468357533544347
raw_l1,0.06910039113428944,0.6219739292364991,0.46446288433633753
raw_l1,0.06910039113428944,0.6294227188081937,0.4600465069247567
raw_l1,0.0697522816166884,0.6294227188081937,0.45917233767662424
raw_l1,0.0697522816166884,0.633147113594041,0.45862547479205834
raw_l1,0.07040417209908735,0.633147113594041,0.4568196527883442
raw_l1,0.07040417209908735,0.6368715083798883,0.45584709644309984
raw_l1,0.0710560625814863,0.6368715083798883,0.45564935023902786
raw_l1,0.0710560625814863,0.638733705772812,0.4549370513326148
raw_l1,0.07366362451108213,0.638733705772812,0.45303318383802677
raw_l1,0.07366362451108213,0.6461824953445066,0.4507770134734471
raw_l1,0.07496740547588006,0.6461824953445066,0.44918248080344597
raw_l1,0.07496740547588006,0.6480446927374302,0.4488315570389302
raw_l1,0.07561929595827901,0.6480446927374302,0.4464427790935391
raw_l1,0.07561929595827901,0.6573556797020484,0.4397438755334605
raw_l1,0.07627118644067797,0.6573556797020484,0.4389744862779805
raw_l1,0.07627118644067797,0.6610800744878957,0.4367863044846847
raw_l1,0.07692307692307693,0.6610800744878957,0.43626746485358464
raw_l1,0.07692307692307693,0.6629422718808193,0.43375610511510904
raw_l1,0.07757496740547588,0.6629422718808193,0.4337530450132767
raw_l1,0.07757496740547588,0.664804469273743,0.43345257226589257
raw_l1,0.0788787483702738,0.664804469273743,0.43261323596234535
raw_l1,0.0788787483702738,0.6741154562383612,0.4284483820334615
raw_l1,0.08018252933507171,0.6741154562383612,0.4265341923251317
raw_l1,0.08018252933507171,0.6759776536312849,0.4264108338525835
raw_l1,0.08083441981747067,0.6759776536312849,0.42626722802640366
raw_l1,0.08083441981747067,0.6778398510242085,0.42419954469329924
raw_l1,0.08213820078226858,0.6778398510242085,0.42315803787059975
raw_l1,0.08213820078226858,0.6852886405959032,0.4209952924170799
raw_l1,0.08279009126466753,0.6852886405959032,0.4202146138785898
raw_l1,0.08279009126466753,0.6927374301675978,0.4179688764745832
raw_l1,0.08539765319426336,0.6927374301675978,0.4159363587131698
raw_l1,0.08539765319426336,0.6964618249534451,0.4154533614780806
raw_l1,0.08604954367666232,0.6964618249534451,0.4152785594687004
raw_l1,0.08604954367666232,0.7039106145251397,0.4116702440741469
raw_l1,0.08670143415906127,0.7039106145251397,0.41157812214175493
raw_l1,0.08670143415906127,0.7057728119180633,0.4114993520256334
raw_l1,0.08735332464146023,0.7057728119180633,0.41080470684113246
raw_l1,0.08735332464146023,0.7094972067039106,0.40862338824800637
raw_l1,0.08865710560625815,0.7094972067039106,0.4079102622740157
raw_l1,0.08865710560625815,0.7150837988826816,0.4025434659161358
raw_l1,0.08930899608865711,0.7150837988826816,0.4016755780274599
raw_l1,0.08930899608865711,0.7188081936685289,0.4011803436818716
raw_l1,0.09256844850065189,0.7188081936685289,0.3946309359316861
raw_l1,0.09256844850065189,0.7281191806331471,0.3893780270115663
raw_l1,0.09322033898305085,0.7281191806331471,0.3892831460417386
raw_l1,0.09322033898305085,0.7318435754189944,0.38824380548068954
raw_l1,0.09452411994784876,0.7318435754189944,0.3848012624633087
raw_l1,0.09452411994784876,0.7337057728119181,0.3844185889869459
raw_l1,0.09713168187744459,0.7337057728119181,0.38189670070282045
raw_l1,0.09713168187744459,0.7392923649906891,0.3777939134786581
raw_l1,0.09973924380704041,0.7392923649906891,0.3769635764734487
raw_l1,0.09973924380704041,0.7430167597765364,0.37392888127045454
raw_l1,0.10039113428943937,0.7430167597765364,0.3738650079218432
raw_l1,0.10039113428943937,0.74487895716946,0.373568440077072
raw_l1,0.10234680573663625,0.74487895716946,0.36989134249943856
raw_l1,0.10234680573663625,0.7467411545623837,0.36984763980552304
raw_l1,0.11082138200782268,0.7467411545623837,0.35933221609093635
raw_l1,0.11082138200782268,0.7523277467411545,0.3576819006753609
raw_l1,0.11408083441981746,0.7523277467411545,0.35275006655140234
raw_l1,0.11408083441981746,0.7541899441340782,0.3514041693975573
raw_l1,0.11603650586701435,0.7541899441340782,0.35010612983857226
raw_l1,0.11603650586701435,0.7560521415270018,0.3493445402786673
raw_l1,0.1166883963494133,0.7560521415270018,0.3490199567965329
raw_l1,0.1166883963494133,0.7579143389199255,0.3475823254253953
raw_l1,0.11929595827900913,0.7579143389199255,0.34495603327254787
raw_l1,0.11929595827900913,0.7635009310986964,0.34353856626797413
raw_l1,0.12320730117340287,0.7635009310986964,0.3375593584212435
raw_l1,0.12320730117340287,0.7653631284916201,0.33748707339851514
raw_l1,0.12516297262059975,0.7653631284916201,0.3330420031090562
raw_l1,0.12516297262059975,0.7690875232774674,0.3312090240195726
raw_l1,0.1258148631029987,0.7690875232774674,0.32954245163942153
raw_l1,0.1258148631029987,0.770949720670391,0.329442056518847
raw_l1,0.1271186440677966,0.770949720670391,0.32821180046350895
raw_l1,0.1271186440677966,0.7728119180633147,0.3244694210751212
raw_l1,0.12777053455019557,0.7728119180633147,0.32443265785103487
raw_l1,0.12777053455019557,0.7746741154562383,0.32436898874790643
raw_l1,0.12842242503259452,0.7746741154562383,0.3226398041350493
raw_l1,0.12842242503259452,0.776536312849162,0.3226005901767279
raw_l1,0.13102998696219034,0.776536312849162,0.318159413995329
raw_l1,0.13102998696219034,0.7783985102420856,0.31788656879673655
raw_l1,0.13428943937418514,0.7783985102420856,0.31404483500545605
raw_l1,0.13428943937418514,0.7802607076350093,0.31290459488933575
raw_l1,0.13494132985658408,0.7802607076350093,0.3126970579288014
raw_l1,0.13494132985658408,0.7839851024208566,0.31044522870874586
raw_l1,0.13559322033898305,0.7839851024208566,0.30984067716158414
raw_l1,0.13559322033898305,0.7858472998137802,0.30944199551712803
raw_l1,0.13754889178617993,0.7858472998137802,0.3060269088417179
raw_l1,0.13754889178617993,0.7877094972067039,0.30595299475178933
raw_l1,0.1395045632333768,0.7877094972067039,0.30557577923220786
raw_l1,0.1395045632333768,0.7932960893854749,0.30432941238389644
raw_l1,0.14015645371577576,0.7932960893854749,0.3042142487194857
raw_l1,0.14015645371577576,0.7951582867783985,0.303955716330803
raw_l1,0.1408083441981747,0.7951582867783985,0.30302609194503405
raw_l1,0.1408083441981747,0.7970204841713222,0.3023931476603143
raw_l1,0.14146023468057367,0.7970204841713222,0.30013550312338877
raw_l1,0.14146023468057367,0.7988826815642458,0.29908783587792404
raw_l1,0.14863102998696218,0.7988826815642458,0.292311404332596
raw_l1,0.14863102998696218,0.8007448789571695,0.29218989642359067
raw_l1,0.14993481095176012,0.8007448789571695,0.2907826445961225
raw_l1,0.14993481095176012,0.8026070763500931,0.29074644050933796
raw_l1,0.15189048239895697,0.8026070763500931,0.289062233447511
raw_l1,0.15189048239895697,0.8044692737430168,0.2889406678944213
raw_l1,0.15514993481095177,0.8044692737430168,0.2868926275069563
raw_l1,0.15514993481095177,0.8063314711359404,0.2861922312455556
raw_l1,0.16036505867014342,0.8063314711359404,0.28300314680715916
raw_l1,0.16036505867014342,0.8081936685288641,0.2825799881658397
raw_l1,0.16101694915254236,0.8081936685288641,0.2824086854504965
raw_l1,0.16101694915254236,0.8100558659217877,0.28238570084403203
raw_l1,0.1623207301173403,0.8100558659217877,0.28113233230217544
raw_l1,0.1623207301173403,0.8119180633147114,0.28037902982858065
raw_l1,0.16492829204693613,0.8119180633147114,0.27854118767420744
raw_l1,0.16492829204693613,0.813780260707635,0.278194359544543
raw_l1,0.1694915254237288,0.813780260707635,0.2754806930316799
raw_l1,0.1694915254237288,0.8175046554934823,0.27395686462855995
raw_l1,0.1727509778357236,0.8175046554934823,0.26887404429365186
raw_l1,0.1727509778357236,0.819366852886406,0.26867856489543135
raw_l1,0.17340286831812254,0.819366852886406,0.2684616042960734
raw_l1,0.17340286831812254,0.8212290502793296,0.2682827108319629
raw_l1,0.17405475880052151,0.8212290502793296,0.2680984894058153
raw_l1,0.17405475880052151,0.8230912476722533,0.26737516505155645
raw_l1,0.1831812255541069,0.8230912476722533,0.26170294379055203
raw_l1,0.1831812255541069,0.8249534450651769,0.26147769441727303
raw_l1,0.18513689700130379,0.8249534450651769,0.26006614194617517
raw_l1,0.18513689700130379,0.8268156424581006,0.259726554554332
raw_l1,0.1877444589308996,0.8268156424581006,0.2580699266215948
raw_l1,0.1877444589308996,0.8286778398510242,0.2577860774473923
raw_l1,0.19295958279009126,0.8286778398510242,0.25250682487076953
raw_l1,0.19295958279009126,0.8305400372439479,0.25169377802826104
raw_l1,0.19361147327249023,0.8305400372439479,0.25063770290481185
raw_l1,0.19361147327249023,0.8324022346368715,0.2506085583136102
raw_l1,0.19621903520208606,0.8324022346368715,0.24701358164657392
raw_l1,0.19621903520208606,0.8342644320297952,0.24660879847499292
raw_l1,0.21251629726205998,0.8342644320297952,0.23638435817459208
raw_l1,0.21251629726205998,0.8361266294227188,0.23616211292448921
raw_l1,0.2151238591916558,0.8361266294227188,0.23541212861366986
raw_l1,0.2151238591916558,0.8379888268156425,0.23521624478810005
raw_l1,0.21773142112125163,0.8379888268156425,0.23457890573608234
raw_l1,0.21773142112125163,0.839851024208566,0.23443939513235953
raw_l1,0.22099087353324642,0.839851024208566,0.23318603281576503
raw_l1,0.22099087353324642,0.8417132216014898,0.23284249154857553
raw_l1,0.22164276401564537,0.8417132216014898,0.232531652031179
raw_l1,0.22164276401564537,0.8435754189944135,0.23204570734673954
raw_l1,0.22359843546284225,0.8435754189944135,0.23038426036424153
raw_l1,0.22359843546284225,0.845437616387337,0.23037648701099261
raw_l1,0.22946544980443284,0.845437616387337,0.22651540184130725
raw_l1,0.22946544980443284,0.8491620111731844,0.22506349076043222
raw_l1,0.23598435462842243,0.8491620111731844,0.22130691592399473
raw_l1,0.23598435462842243,0.851024208566108,0.22127972416476613
raw_l1,0.23663624511082137,0.851024208566108,0.2205651908095037
raw_l1,0.23663624511082137,0.8547486033519553,0.2203430219054022
raw_l1,0.24641460234680573,0.8547486033519553,0.21230346339955586
raw_l1,0.24641460234680573,0.8566108007448789,0.21203957992469893
raw_l1,0.2503259452411995,0.8566108007448789,0.20858030550435944
raw_l1,0.2503259452411995,0.8584729981378026,0.20672398295057348
raw_l1,0.2542372881355932,0.8584729981378026,0.20466914240527764
raw_l1,0.2542372881355932,0.8603351955307262,0.20452212240016687
raw_l1,0.25684485006518903,0.8603351955307262,0.2021653432277914
raw_l1,0.25684485006518903,0.8621973929236499,0.20199165473915584
raw_l1,0.26010430247718386,0.8621973929236499,0.20024252182572483
raw_l1,0.26010430247718386,0.8640595903165735,0.19961745976326423
raw_l1,0.2607561929595828,0.8640595903165735,0.19945458067475888
raw_l1,0.2607561929595828,0.8659217877094972,0.19884755884621563
raw_l1,0.2627118644067797,0.8659217877094972,0.198206240660758
raw_l1,0.2627118644067797,0.8677839851024208,0.19794019626284948
raw_l1,0.2633637548891786,0.8677839851024208,0.1977607620438227
raw_l1,0.2633637548891786,0.8696461824953445,0.19743202320983166
raw_l1,0.2646675358539765,0.8696461824953445,0.19645075678076296
raw_l1,0.2646675358539765,0.8715083798882681,0.19638334954827397
raw_l1,0.27053455019556716,0.8715083798882681,0.19176803969817452
raw_l1,0.27053455019556716,0.8733705772811918,0.1902519560409199
raw_l1,0.2711864406779661,0.8733705772811918,0.1902518052837088
raw_l1,0.2711864406779661,0.8752327746741154,0.19001851391577568
raw_l1,0.27249022164276404,0.8752327746741154,0.18929980991112463
raw_l1,0.27249022164276404,0.8770949720670391,0.1890867589057866
raw_l1,0.27640156453715775,0.8770949720670391,0.18637176727807253
raw_l1,0.27640156453715775,0.8808193668528864,0.18541786724924142
raw_l1,0.28096479791395046,0.8808193668528864,0.18361533249281517
raw_l1,0.28096479791395046,0.8845437616387337,0.18335140031159106
raw_l1,0.2894393741851369,0.8845437616387337,0.1763463919307399
raw_l1,0.2894393741851369,0.8864059590316573,0.1760161659508799
raw_l1,0.29335071707953064,0.8864059590316573,0.17324933512777035
raw_l1,0.29335071707953064,0.888268156424581,0.1728321811820878
raw_l1,0.29465449804432853,0.888268156424581,0.17136356386058038
raw_l1,0.29465449804432853,0.8901303538175046,0.17127285832909603
raw_l1,0.29921773142112124,0.8901303538175046,0.16970579643445263
raw_l1,0.29921773142112124,0.8938547486033519,0.16877384840324755
raw_l1,0.3011734028683181,0.8938547486033519,0.16493340205634618
raw_l1,0.3011734028683181,0.8957169459962756,0.1644873932687411
raw_l1,0.3089960886571056,0.8957169459962756,0.15930769935339795
raw_l1,0.3089960886571056,0.8975791433891993,0.15929625534747227
raw_l1,0.31877444589308995,0.8975791433891993,0.15373677505840577
raw_l1,0.31877444589308995,0.9013035381750466,0.15334492856171578
raw_l1,0.333116036505867,0.9013035381750466,0.14434364552515502
raw_l1,0.333116036505867,0.9031657355679702,0.14408728267401208
raw_l1,0.3344198174706649,0.9031657355679702,0.14335479432102755
raw_l1,0.3344198174706649,0.9050279329608939,0.14308847332593055
raw_l1,0.3376792698826597,0.9050279329608939,0.14002516173774526
raw_l1,0.3376792698826597,0.9068901303538175,0.13936170329733288
raw_l1,0.34028683181225555,0.9068901303538175,0.13871131997142644
raw_l1,0.34028683181225555,0.9087523277467412,0.13812568032593378
raw_l1,0.34419817470664926,0.9087523277467412,0.136254531819085
raw_l1,0.34419817470664926,0.9106145251396648,0.1361309731001213
raw_l1,0.34485006518904826,0.9106145251396648,0.1348786267758489
raw_l1,0.34485006518904826,0.9124767225325885,0.13441137758072894
raw_l1,0.3494132985658409,0.9124767225325885,0.13107043689858963
raw_l1,0.3494132985658409,0.9143389199255121,0.13002831058057251
raw_l1,0.35071707953063885,0.9143389199255121,0.1295096290562939
raw_l1,0.35071707953063885,0.9162011173184358,0.12884932814542915
raw_l1,0.3604954367666232,0.9162011173184358,0.12465617391942245
raw_l1,0.3604954367666232,0.9180633147113594,0.1244527803848578
raw_l1,0.3650586701434159,0.9180633147113594,0.12139994611201252
raw_l1,0.3650586701434159,0.9199255121042831,0.12116368761562733
raw_l1,0.37353324641460234,0.9199255121042831,0.11679183272825934
raw_l1,0.37353324641460234,0.9217877094972067,0.11643687255918578
raw_l1,0.3741851368970013,0.9217877094972067,0.11611207144770842
raw_l1,0.3741851368970013,0.9236499068901304,0.1158877412984021
raw_l1,0.37614080834419816,0.9236499068901304,0.11466093800970042
raw_l1,0.37614080834419816,0.925512104283054,0.11447283936587058
raw_l1,0.3774445893089961,0.925512104283054,0.1135602807441519
raw_l1,0.3774445893089961,0.9273743016759777,0.11346662863904651
raw_l1,0.38722294654498046,0.9273743016759777,0.11046321536681639
raw_l1,0.38722294654498046,0.9292364990689013,0.11042072784855693
raw_l1,0.3878748370273794,0.9292364990689013,0.10994898317067077
raw_l1,0.3878748370273794,0.931098696461825,0.10948740172722482
raw_l1,0.38852672750977835,0.931098696461825,0.10938476008727213
raw_l1,0.38852672750977835,0.9329608938547486,0.10872301892951487
raw_l1,0.4002607561929596,0.9329608938547486,0.10272767130499989
raw_l1,0.4002607561929596,0.9348230912476723,0.10235347692151485
raw_l1,0.41199478487614083,0.9348230912476723,0.09824553264012142
raw_l1,0.41199478487614083,0.9366852886405959,0.09815174528184767
raw_l1,0.4132985658409387,0.9366852886405959,0.09813892206007627
raw_l1,0.4132985658409387,0.9404096834264432,0.09774335391398364
raw_l1,0.4315514993481095,0.9404096834264432,0.09186550821242308
raw_l1,0.4315514993481095,0.9422718808193669,0.09131321042670962
raw_l1,0.44198174706649285,0.9422718808193669,0.08567244654630587
raw_l1,0.44198174706649285,0.9441340782122905,0.08552698043481262
raw_l1,0.44589308996088656,0.9441340782122905,0.08374319637213548
raw_l1,0.44589308996088656,0.9459962756052142,0.08344073329498387
raw_l1,0.45241199478487615,0.9459962756052142,0.08139208014843823
raw_l1,0.45241199478487615,0.9478584729981379,0.08119795994352585
raw_l1,0.45371577574967403,0.9478584729981379,0.08094022762554459
raw_l1,0.45371577574967403,0.9497206703910615,0.08071117190805431
raw_l1,0.4589308996088657,0.9497206703910615,0.07954016851298507
raw_l1,0.4589308996088657,0.9515828677839852,0.07899484080675821
raw_l1,0.46153846153846156,0.9515828677839852,0.07862563261854734
raw_l1,0.46153846153846156,0.9534450651769087,0.07856964170780681
raw_l1,0.46479791395045633,0.9534450651769087,0.07748467859975623
raw_l1,0.46479791395045633,0.9553072625698324,0.07745366366374415
raw_l1,0.4869621903520209,0.9553072625698324,0.07175478077330011
raw_l1,0.4869621903520209,0.957169459962756,0.07135148444870051
raw_l1,0.4895697522816167,0.957169459962756,0.07089126745607688
raw_l1,0.4895697522816167,0.9590316573556797,0.07019847408492974
raw_l1,0.49282920469361147,0.9590316573556797,0.06919930010598745
raw_l1,0.49282920469361147,0.9608938547486033,0.06896035468189804
raw_l1,0.49608865710560623,0.9608938547486033,0.06855465331609022
raw_l1,0.49608865710560623,0.962756052141527,0.06847768809241164
raw_l1,0.49869621903520206,0.962756052141527,0.06779051952195783
raw_l1,0.49869621903520206,0.9646182495344506,0.06777464200463881
raw_l1,0.49934810951760106,0.9646182495344506,0.06764180201076364
raw_l1,0.49934810951760106,0.9664804469273743,0.06738231290023501
raw_l1,0.5110821382007823,0.9664804469273743,0.06499197527590085
raw_l1,0.5110821382007823,0.9702048417132216,0.06468641833293703
raw_l1,0.5671447196870926,0.9702048417132216,0.051687529466000554
raw_l1,0.5671447196870926,0.9720670391061452,0.05154996938704203
raw_l1,0.5684485006518905,0.9720670391061452,0.05122248777552498
raw_l1,0.5684485006518905,0.9739292364990689,0.05117942950200109
raw_l1,0.5788787483702738,0.9739292364990689,0.04924456208206266
raw_l1,0.5788787483702738,0.9757914338919925,0.049230859954421224
raw_l1,0.5801825293350718,0.9757914338919925,0.049009902530603305
raw_l1,0.5801825293350718,0.9776536312849162,0.04875351590827507
raw_l1,0.5880052151238592,0.9776536312849162,0.04756361778050662
raw_l1,0.5880052151238592,0.9795158286778398,0.04742957824523167
raw_l1,0.6375488917861799,0.9795158286778398,0.03805193435664643
raw_l1,0.6375488917861799,0.9813780260707635,0.037944435917282825
raw_l1,0.6571056062581486,0.9813780260707635,0.03473141293151302
raw_l1,0.6571056062581486,0.9832402234636871,0.034418793046364665
raw_l1,0.7444589308996089,0.9832402234636871,0.023855762203496077
raw_l1,0.7444589308996089,0.9851024208566108,0.02384387749904965
raw_l1,0.7861799217731421,0.9851024208566108,0.019480865783463117
raw_l1,0.7861799217731421,0.9888268156424581,0.019450018642453708
raw_l1,0.803129074315515,0.9888268156424581,0.017316310989980065
raw_l1,0.803129074315515,0.9906890130353817,0.017296062815916963
raw_l1,0.8324641460234681,0.9906890130353817,0.014074105498481702
raw_l1,0.8324641460234681,0.9925512104283054,0.013984875455427058
raw_l1,0.8389830508474576,0.9925512104283054,0.01305898722766275
raw_l1,0.8389830508474576,0.994413407821229,0.01293668706565158
raw_l1,0.8598435462842242,0.994413407821229,0.01109090731524332
raw_l1,0.8598435462842242,0.9962756052141527,0.011075471959126826
raw_l1,0.863102998696219,0.9962756052141527,0.01061701110951872
raw_l1,0.863102998696219,0.9981378026070763,0.010503322906030631
raw_l1,0.8885267275097783,0.9981378026070763,0.006650936320084851
raw_l1,0.8885267275097783,1.0,0.006616580442120933
raw_l1,1.0,1.0,8.431347241098859e-05
sklearn_rectified,0.0,0.0,inf
sklearn_rectified,0.0,0.00186219739292365,0.9997931790888657
sklearn_rectified,0.0,0.0037243947858473,0.9995081213721688
sklearn_rectified,0.0,0.0074487895716946,0.9992737487190861
sklearn_rectified,0.0,0.01303538175046555,0.9988967668298209
sklearn_rectified,0.0,0.020484171322160148,0.998351805680581
sklearn_rectified,0.0,0.035381750465549346,0.9978770367597775
sklearn_rectified,0.0,0.03910614525139665,0.9978650055047361
sklearn_rectified,0.0,0.040968342644320296,0.9977972954832754
sklearn_rectified,0.0,0.0446927374301676,0.9977808156044928
sklearn_rectified,0.0,0.048417132216014895,0.9977133157345707
sklearn_rectified,0.0,0.0521415270018622,0.9976761115122807
sklearn_rectified,0.0,0.054003724394785846,0.9976249442841227
sklearn_rectified,0.0,0.05772811918063315,0.9975764108509972
sklearn_rectified,0.0,0.09869646182495345,0.997002565971544
sklearn_rectified,0.0,0.10614525139664804,0.9969450688683206
sklearn_rectified,0.0,0.10800744878957169,0.9969141472236199
sklearn_rectified,0.0,0.11173184357541899,0.9968928339952499
sklearn_rectified,0.0,0.12476722532588454,0.996783368383714
sklearn_rectified,0.0,0.9199255121042831,0.9967655535696349
sklearn_rectified,0.0,0.9236499068901304,0.9967579476761963
sklearn_rectified,0.0,0.925512104283054,0.9967566548023127
sklearn_rectified,0.0,0.9292364990689013,0.9967427090038746
sklearn_rectified,0.0,0.931098696461825,0.9967320570413902
sklearn_rectified,0.0,0.9348230912476723,0.9967262466999527
sklearn_rectified,0.0,0.9608938547486033,0.9961190262579159
sklearn_rectified,0.0,0.9646182495344506,0.9960385496426365
sklearn_rectified,0.0,0.9925512104283054,0.9583692703832735
sklearn_rectified,0.009126466753585397,0.9925512104283054,0.032528177307868826
sklearn_rectified,0.011734028683181226,0.994413407821229,0.0308902117150472
sklearn_rectified,0.01564537157757497,0.994413407821229,0.024330518032268277
sklearn_rectified,0.029335071707953065,1.0,0.02415554210456094
sklearn_rectified,0.030638852672750978,1.0,0.023931829726964934
sklearn_rectified,0.033246414602346806,1.0,0.022935384417846406
sklearn_rectified,0.03455019556714472,1.0,0.02242727274720079
sklearn_rectified,0.039765319426336376,1.0,0.02098604150669204
sklearn_rectified,0.04106910039113429,1.0,0.020929242199779194
sklearn_rectified,0.04432855280312908,1.0,0.020919556517977226
sklearn_rectified,0.04563233376792699,1.0,0.020712932633560725
sklearn_rectified,0.056714471968709254,1.0,0.011179908849015145
sklearn_rectified,0.059322033898305086,1.0,0.01045244267908472
sklearn_rectified,0.061277705345501955,1.0,0.00931780476460202
sklearn_rectified,0.06453715775749674,1.0,0.008821166880219429
sklearn_rectified,0.06714471968709257,1.0,0.008638610056974989
sklearn_rectified,0.07366362451108213,1.0,0.006642482632317505
sklearn_rectified,0.07496740547588006,1.0,0.005737750660760344
sklearn_rectified,0.0788787483702738,1.0,0.005062291436125503
sklearn_rectified,0.08018252933507171,1.0,0.004946813378315121
sklearn_rectified,0.08148631029986962,1.0,0.004875838132220886
sklearn_rectified,0.08344198174706649,1.0,0.00477810676615899
sklearn_rectified,0.08604954367666232,1.0,0.00418303274118654
sklearn_rectified,0.0880052151238592,1.0,0.0037622220492109426
sklearn_rectified,0.08996088657105607,1.0,0.0037400168502348566
sklearn_rectified,0.09256844850065189,1.0,0.00365074626607877
sklearn_rectified,0.09778357235984354,1.0,0.003507745873992793
sklearn_rectified,0.1016949152542373,1.0,0.003497430723851405
sklearn_rectified,0.10299869621903521,1.0,0.0034120827383393765
sklearn_rectified,0.10430247718383312,1.0,0.0033562075616373893
sklearn_rectified,0.10495436766623208,1.0,0.0033028589884732135
sklearn_rectified,0.10625814863102999,1.0,0.0032143276077845713
sklearn_rectified,0.11277705345501955,1.0,0.0025772684717323344
sklearn_rectified,0.11473272490221642,1.0,0.0024786195849493785
sklearn_rectified,0.11929595827900913,1.0,0.002279850435396137
sklearn_rectified,0.12320730117340287,1.0,0.002275415126931208
sklearn_rectified,0.1271186440677966,1.0,0.002200945694846153
sklearn_rectified,0.12842242503259452,1.0,0.0021677457545190206
sklearn_rectified,0.1290743155149935,1.0,0.002112516338323602
sklearn_rectified,0.1316818774445893,1.0,0.002085145635711517
sklearn_rectified,0.13233376792698825,1.0,0.002017824870161534
sklearn_rectified,0.13363754889178617,1.0,0.0020158951157985766
sklearn_rectified,0.13428943937418514,1.0,0.0019896518151188195
sklearn_rectified,0.13820078226857888,1.0,0.0019475548692506597
sklearn_rectified,0.1395045632333768,1.0,0.001896616835181865
sklearn_rectified,0.14146023468057367,1.0,0.0018875502156667867
sklearn_rectified,0.1440677966101695,1.0,0.0017993760986737362
sklearn_rectified,0.15058670143415906,1.0,0.0017731488211423332
sklearn_rectified,0.15254237288135594,1.0,0.001717313002816069
sklearn_rectified,0.15971316818774445,1.0,0.001705896870876882
sklearn_rectified,0.16036505867014342,1.0,0.0016738644333588253
sklearn_rectified,0.16427640156453716,1.0,0.0016735479964193768
sklearn_rectified,0.16623207301173404,1.0,0.001635976706891821
sklearn_rectified,0.17014341590612778,1.0,0.0016234028646420282
sklearn_rectified,0.1714471968709257,1.0,0.0015980862721964788
sklearn_rectified,0.1727509778357236,1.0,0.0015882665801388153
sklearn_rectified,0.17470664928292046,1.0,0.0015773682116654601
sklearn_rectified,0.17666232073011734,1.0,0.0015755374753952218
sklearn_rectified,0.18122555410691005,1.0,0.0015660943042239395
sklearn_rectified,0.1897001303780965,1.0,0.0014166240756905669
sklearn_rectified,0.1910039113428944,1.0,0.0014111669214728582
sklearn_rectified,0.19165580182529335,1.0,0.0013846030219174927
sklearn_rectified,0.19295958279009126,1.0,0.0013644915681176551
sklearn_rectified,0.196870925684485,1.0,0.0012586675498805742
sklearn_rectified,0.1981747066492829,1.0,0.0012572841061169737
sklearn_rectified,0.2001303780964798,1.0,0.0012008867490837375
sklearn_rectified,0.20208604954367665,1.0,0.0011964991059439276
sklearn_rectified,0.20273794002607562,1.0,0.0011792638175703422
sklearn_rectified,0.20404172099087353,1.0,0.001176914772758508
sklearn_rectified,0.20730117340286833,1.0,0.0011072957212956635
sklearn_rectified,0.20990873533246415,1.0,0.0011025606875949413
sklearn_rectified,0.2151238591916558,1.0,0.0010151899757705504
sklearn_rectified,0.21642764015645372,1.0,0.0010075079255018457
sklearn_rectified,0.21903520208604954,1.0,0.0009649612313498618
sklearn_rectified,0.22099087353324642,1.0,0.0009422683913419157
sklearn_rectified,0.22685788787483702,1.0,0.0007989255138189957
sklearn_rectified,0.2288135593220339,1.0,0.0007805992589629596
sklearn_rectified,0.2320730117340287,1.0,0.0007448528564456373
sklearn_rectified,0.2333767926988266,1.0,0.0007279371349903734
sklearn_rectified,0.23859191655801826,1.0,0.000706063586641158
sklearn_rectified,0.2405475880052151,1.0,0.0006913962806519428
sklearn_rectified,0.24119947848761408,1.0,0.000689787286655908
sklearn_rectified,0.24445893089960888,1.0,0.0006788232675307357
sklearn_rectified,0.24641460234680573,1.0,0.0006511494983012227
sklearn_rectified,0.24837027379400262,1.0,0.0006507987799298483
sklearn_rectified,0.2529335071707953,1.0,0.0006056932780052343
sklearn_rectified,0.2561929595827901,1.0,0.0005888307027947212
sklearn_rectified,0.25749674054758803,1.0,0.000585903849846787
sklearn_rectified,0.25945241199478486,1.0,0.0005266583913821481
sklearn_rectified,0.26140808344198174,1.0,0.0005233913597067516
sklearn_rectified,0.2627118644067797,1.0,0.000519849450188612
sklearn_rectified,0.26792698826597133,1.0,0.0004764257297970787
sklearn_rectified,0.27183833116036504,1.0,0.0004695172556653164
sklearn_rectified,0.2777053455019557,1.0,0.00042426972222834745
sklearn_rectified,0.28292046936114734,1.0,0.0004138109337327305
sklearn_rectified,0.2842242503259452,1.0,0.00040781680696479856
sklearn_rectified,0.2894393741851369,1.0,0.000405069451860067
sklearn_rectified,0.2926988265971317,1.0,0.00040227816306894675
sklearn_rectified,0.2953063885267275,1.0,0.00038875089380894297
sklearn_rectified,0.29726205997392435,1.0,0.0003866414839348611
sklearn_rectified,0.2985658409387223,1.0,0.0003739298286292847
sklearn_rectified,0.29986962190352023,1.0,0.0003690416190224977
sklearn_rectified,0.303129074315515,1.0,0.0003642185648732843
sklearn_rectified,0.3044328552803129,1.0,0.00036350812666979603
sklearn_rectified,0.3057366362451108,1.0,0.00034342216500980006
sklearn_rectified,0.3076923076923077,1.0,0.00034162526276770817
sklearn_rectified,0.30834419817470665,1.0,0.0003386128139704303
sklearn_rectified,0.30964797913950454,1.0,0.00033739828968281694
sklearn_rectified,0.31029986962190353,1.0,0.00033574851442080063
sklearn_rectified,0.3122555410691004,1.0,0.00033541123068103296
sklearn_rectified,0.3161668839634941,1.0,0.0002973657096218778
sklearn_rectified,0.31747066492829207,1.0,0.00029660562718256746
sklearn_rectified,0.3246414602346806,1.0,0.000265097093004781
sklearn_rectified,0.3259452411994785,1.0,0.0002619206153331523
sklearn_rectified,0.3272490221642764,1.0,0.00025133037431856184
sklearn_rectified,0.3285528031290743,1.0,0.00025062990177333026
sklearn_rectified,0.3363754889178618,1.0,0.0002500187497287835
sklearn_rectified,0.3376792698826597,1.0,0.0002450914679826411
sklearn_rectified,0.3428943937418514,1.0,0.00024220164398577212
sklearn_rectified,0.34810951760104303,1.0,0.00022522122344779372
sklearn_rectified,0.3500651890482399,1.0,0.0002243009412428486
sklearn_rectified,0.35267275097783574,1.0,0.00022025492129421742
sklearn_rectified,0.3546284224250326,1.0,0.00021792392925268703
sklearn_rectified,0.35919165580182527,1.0,0.00020667504154748797
sklearn_rectified,0.3617992177314211,1.0,0.00020608473502137283
sklearn_rectified,0.3650586701434159,1.0,0.00019692658257381058
sklearn_rectified,0.3663624511082138,1.0,0.0001951757329794766
sklearn_rectified,0.3670143415906128,1.0,0.00019325337676797974
sklearn_rectified,0.3683181225554107,1.0,0.00019185147247302548
sklearn_rectified,0.3709256844850065,1.0,0.00018599933494586646
sklearn_rectified,0.3741851368970013,1.0,0.00018579373363168943
sklearn_rectified,0.3754889178617992,1.0,0.00018574494316039766
sklearn_rectified,0.38657105606258146,1.0,0.00018558072151752094
sklearn_rectified,0.3878748370273794,1.0,0.00018469244923348407
sklearn_rectified,0.3891786179921773,1.0,0.00018463932163962295
sklearn_rectified,0.3917861799217731,1.0,0.00018341923754613946
sklearn_rectified,0.39504563233376794,1.0,0.00018042690307116003
sklearn_rectified,0.39765319426336376,1.0,0.00017880087702000096
sklearn_rectified,0.40221642764015647,1.0,0.00017244973286569177
sklearn_rectified,0.408735332464146,1.0,0.0001719645421819672
sklearn_rectified,0.4132985658409387,1.0,0.00016503573249842932
sklearn_rectified,0.43546284224250326,1.0,0.00016455096170176395
sklearn_rectified,0.4380704041720991,1.0,0.0001643990865952418
sklearn_rectified,0.4406779661016949,1.0,0.00016283945599106315
sklearn_rectified,0.44328552803129073,1.0,0.00016268096518141473
sklearn_rectified,0.44654498044328556,1.0,0.00014856691217264627
sklearn_rectified,0.44784876140808344,1.0,0.00014285266685766247
sklearn_rectified,0.45241199478487615,1.0,0.00011809198565020581
sklearn_rectified,0.45371577574967403,1.0,0.00011522622729936496
sklearn_rectified,0.455019556714472,1.0,0.0001071783650741435
sklearn_rectified,0.46088657105606257,1.0,0.00010367490541998378
sklearn_rectified,0.4621903520208605,1.0,9.701826929701779e-05
sklearn_rectified,0.4661016949152542,1.0,2.5581964364259544e-06
sklearn_rectified,0.46740547588005216,1.0,2.2357198121781792e-06
sklearn_rectified,0.4680573663624511,1.0,9.74004259471096e-07
sklearn_rectified,0.46936114732724904,1.0,8.484453718888231e-07
sklearn_rectified,0.47522816166883963,1.0,2.576985980409507e-07
sklearn_rectified,0.4765319426336376,1.0,2.482674237976948e-07
sklearn_rectified,0.485006518904824,1.0,1.6051213665135475e-07
sklearn_rectified,0.48891786179921776,1.0,1.5673984070087467e-07
sklearn_rectified,0.49608865710560623,1.0,1.3103304019051223e-07
sklearn_rectified,0.4973924380704042,1.0,1.2762746288198967e-07
sklearn_rectified,0.5221642764015645,1.0,5.7813405785172255e-08
sklearn_rectified,0.5234680573663625,1.0,5.719149810489408e-08
sklearn_rectified,0.5254237288135594,1.0,5.6483009464554694e-08
sklearn_rectified,0.5273794002607562,1.0,5.532182160586099e-08
sklearn_rectified,0.5423728813559322,1.0,3.8146904483493355e-08
sklearn_rectified,0.5436766623207301,1.0,3.773102716533267e-08
sklearn_rectified,0.5443285528031291,1.0,3.762626452816038e-08
sklearn_rectified,0.545632333767927,1.0,3.700023012539027e-08
sklearn_rectified,0.5482398956975228,1.0,3.39181121891601e-08
sklearn_rectified,0.5495436766623207,1.0,3.3252540417085044e-08
sklearn_rectified,0.5514993481095176,1.0,3.285489387291251e-08
sklearn_rectified,0.5554106910039114,1.0,3.2549817898219765e-08
sklearn_rectified,0.5717079530638852,1.0,2.287142290705519e-08
sklearn_rectified,0.5730117340286832,1.0,2.2741090856065618e-08
sklearn_rectified,0.5736636245110821,1.0,2.2546072420051016e-08
sklearn_rectified,0.5749674054758801,1.0,2.2223577351989093e-08
sklearn_rectified,0.576271186440678,1.0,2.1205081334100625e-08
sklearn_rectified,0.5775749674054759,1.0,2.0136540781352463e-08
sklearn_rectified,0.5932203389830508,1.0,1.5008125828920165e-08
sklearn_rectified,0.5964797913950456,1.0,1.4909277102470476e-08
sklearn_rectified,0.6114732724902217,1.0,1.0582651504557286e-08
sklearn_rectified,0.6127770534550195,1.0,1.0406543319908826e-08
sklearn_rectified,0.621903520208605,1.0,8.360465898085747e-09
sklearn_rectified,0.6232073011734028,1.0,8.3284043439387e-09
sklearn_rectified,0.6251629726205997,1.0,7.39231357216782e-09
sklearn_rectified,0.6264667535853976,1.0,6.6111781323254285e-09
sklearn_rectified,0.6271186440677966,1.0,6.505720981068915e-09
sklearn_rectified,0.6284224250325945,1.0,6.395775718578041e-09
sklearn_rectified,0.6303780964797914,1.0,5.661401180055986e-09
sklearn_rectified,0.6316818774445893,1.0,5.5236242627905115e-09
sklearn_rectified,0.6375488917861799,1.0,4.616693422517446e-09
sklearn_rectified,0.6395045632333768,1.0,4.615120925996549e-09
sklearn_rectified,0.6414602346805737,1.0,4.3600154677647804e-09
sklearn_rectified,0.6427640156453716,1.0,4.197491046554757e-09
sklearn_rectified,0.6479791395045632,1.0,3.4783405017120632e-09
sklearn_rectified,0.6499348109517601,1.0,3.4608878956569264e-09
sklearn_rectified,0.6505867014341591,1.0,3.3229253413120745e-09
sklearn_rectified,0.651890482398957,1.0,3.310970723463113e-09
sklearn_rectified,0.6551499348109517,1.0,3.213949464312055e-09
sklearn_rectified,0.6564537157757496,1.0,3.2049317238214725e-09
sklearn_rectified,0.6584093872229465,1.0,2.909351279830373e-09
sklearn_rectified,0.6597131681877445,1.0,2.891720620263675e-09
sklearn_rectified,0.6603650586701434,1.0,2.8566905219333666e-09
sklearn_rectified,0.6616688396349413,1.0,2.7476112996089195e-09
sklearn_rectified,0.6675358539765319,1.0,2.5592007553487176e-09
sklearn_rectified,0.6688396349413298,1.0,2.5372265367083194e-09
sklearn_rectified,0.6727509778357236,1.0,2.3497774853668385e-09
sklearn_rectified,0.6740547588005215,1.0,2.349491150655669e-09
sklearn_rectified,0.6773142112125163,1.0,2.248515435458462e-09
sklearn_rectified,0.6792698826597132,1.0,2.2470185344787755e-09
sklearn_rectified,0.6831812255541069,1.0,2.2000225110283884e-09
sklearn_rectified,0.6844850065189049,1.0,2.1853756687177324e-09
sklearn_rectified,0.6851368970013038,1.0,2.171088907093802e-09
sklearn_rectified,0.6864406779661016,1.0,2.1708414972159863e-09
sklearn_rectified,0.6942633637548892,1.0,1.6440453757300827e-09
sklearn_rectified,0.6955671447196871,1.0,1.6436021552209922e-09
sklearn_rectified,0.7079530638852672,1.0,1.2750843198843065e-09
sklearn_rectified,0.7099087353324641,1.0,1.272059000447861e-09
sklearn_rectified,0.7105606258148631,1.0,1.2662246814935327e-09
sklearn_rectified,0.71251629726206,1.0,1.2585292397702174e-09
sklearn_rectified,0.7170795306388527,1.0,1.1699178830319899e-09
sklearn_rectified,0.7183833116036505,1.0,1.1671482992682412e-09
sklearn_rectified,0.7203389830508474,1.0,1.1183855778047382e-09
sklearn_rectified,0.7229465449804433,1.0,1.115890913960347e-09
sklearn_rectified,0.7262059973924381,1.0,1.0630019869818553e-09
sklearn_rectified,0.727509778357236,1.0,1.0563714142960912e-09
sklearn_rectified,0.7294654498044328,1.0,1.0445861412793812e-09
sklearn_rectified,0.7307692307692307,1.0,1.036991298663144e-09
sklearn_rectified,0.7333767926988266,1.0,1.0150456632557527e-09
sklearn_rectified,0.7346805736636245,1.0,1.0099453568747491e-09
sklearn_rectified,0.7359843546284224,1.0,1.0082734031780419e-09
sklearn_rectified,0.7372881355932204,1.0,9.95260821421346e-10
sklearn_rectified,0.7385919165580183,1.0,9.581513715333339e-10
sklearn_rectified,0.7398956975228161,1.0,9.53281351861001e-10
sklearn_rectified,0.7405475880052151,1.0,9.529175184290004e-10
sklearn_rectified,0.741851368970013,1.0,9.504601844665847e-10
sklearn_rectified,0.7438070404172099,1.0,9.447545528007993e-10
sklearn_rectified,0.7464146023468058,1.0,9.009093596778886e-10
sklearn_rectified,0.7496740547588006,1.0,8.952502049845855e-10
sklearn_rectified,0.7503259452411994,1.0,8.607600024015085e-10
sklearn_rectified,0.7516297262059974,1.0,8.552014778095209e-10
sklearn_rectified,0.7542372881355932,1.0,7.085791564619064e-10
sklearn_rectified,0.7555410691003911,1.0,6.829454205084833e-10
sklearn_rectified,0.7561929595827901,1.0,6.765570380035384e-10
sklearn_rectified,0.758800521512386,1.0,6.751830024682822e-10
sklearn_rectified,0.7620599739243807,1.0,6.220392917726413e-10
sklearn_rectified,0.7633637548891786,1.0,6.177005041348488e-10
sklearn_rectified,0.7672750977835724,1.0,5.868089660978306e-10
sklearn_rectified,0.7685788787483703,1.0,5.806752757356471e-10
sklearn_rectified,0.7705345501955672,1.0,5.790574048573171e-10
sklearn_rectified,0.771838331160365,1.0,5.785228661074871e-10
sklearn_rectified,0.7731421121251629,1.0,5.575281908583505e-10
sklearn_rectified,0.7744458930899609,1.0,5.475069123916164e-10
sklearn_rectified,0.7822685788787483,1.0,4.1985208417589266e-10
sklearn_rectified,0.7835723598435462,1.0,4.0996639825292353e-10
sklearn_rectified,0.78748370273794,1.0,3.7260601188562095e-10
sklearn_rectified,0.788787483702738,1.0,3.7137034453581123e-10
sklearn_rectified,0.7985658409387223,1.0,2.7196637301386214e-10
sklearn_rectified,0.7998696219035202,1.0,2.7129853191407474e-10
sklearn_rectified,0.8018252933507171,1.0,2.503551933295001e-10
sklearn_rectified,0.803129074315515,1.0,2.496320911180252e-10
sklearn_rectified,0.8037809647979139,1.0,2.450426455246031e-10
sklearn_rectified,0.8083441981747066,1.0,2.4407643526125914e-10
sklearn_rectified,0.8096479791395046,1.0,2.429445246562088e-10
sklearn_rectified,0.8116036505867015,1.0,2.4239385467629045e-10
sklearn_rectified,0.8142112125162972,1.0,2.2398795487921476e-10
sklearn_rectified,0.8161668839634941,1.0,2.2108564764880168e-10
sklearn_rectified,0.8213820078226858,1.0,1.7871941877645505e-10
sklearn_rectified,0.8226857887874837,1.0,1.7049121816746588e-10
sklearn_rectified,0.8259452411994785,1.0,1.5039137106630096e-10
sklearn_rectified,0.8272490221642764,1.0,1.3634244078727044e-10
sklearn_rectified,0.8279009126466753,1.0,1.3540254200697693e-10
sklearn_rectified,0.8298565840938722,1.0,1.3512911240765832e-10
sklearn_rectified,0.833116036505867,1.0,1.1640681589359967e-10
sklearn_rectified,0.8350717079530638,1.0,1.1192630414720035e-10
sklearn_rectified,0.8363754889178618,1.0,9.912707669155957e-11
sklearn_rectified,0.8552803129074316,1.0,3.0750335773702545e-13
sklearn_rectified,0.8565840938722294,1.0,2.9732339970036946e-13
sklearn_rectified,0.8820078226857888,1.0,6.553363512142694e-14
sklearn_rectified,0.8833116036505867,1.0,6.281235109454367e-14
sklearn_rectified,0.9022164276401564,1.0,1.6338528111236307e-14
sklearn_rectified,0.9035202086049544,1.0,1.6275247531396252e-14
sklearn_rectified,0.9139504563233377,1.0,9.887276902066011e-15
sklearn_rectified,0.9152542372881356,1.0,9.390767407434092e-15
sklearn_rectified,0.9165580182529335,1.0,8.477018008586567e-15
sklearn_rectified,0.9178617992177314,1.0,8.034874968537887e-15
sklearn_rectified,0.9348109517601043,1.0,2.7871321134864213e-15
sklearn_rectified,0.9361147327249022,1.0,2.7829268272017213e-15
sklearn_rectified,0.939374185136897,1.0,2.4584535704249918e-15
sklearn_rectified,0.940677966101695,1.0,2.4084827218059297e-15
sklearn_rectified,0.9589308996088657,1.0,7.214107757182586e-16
sklearn_rectified,0.9608865710560626,1.0,6.969835266002491e-16
sklearn_rectified,0.9628422425032594,1.0,5.91001549067834e-16
sklearn_rectified,0.9654498044328553,1.0,5.708395955414618e-16
sklearn_rectified,1.0,1.0,8.12221034963608e-25
sklearn_raw,0.0,0.0,inf
sklearn_raw,0.0,0.00186219739292365,0.9899704996834674
sklearn_raw,0.0,0.08379888268156424,0.9374027980787492
sklearn_raw,0.000651890482398957,0.08379888268156424,0.9357973626051054
sklearn_raw,0.000651890482398957,0.0856610800744879,0.9356863291385356
sklearn_raw,0.001303780964797914,0.0856610800744879,0.9349081406678371
sklearn_raw,0.001303780964797914,0.0893854748603352,0.9330644330951745
sklearn_raw,0.001955671447196871,0.0893854748603352,0.9325601303596169
sklearn_raw,0.001955671447196871,0.10614525139664804,0.9248473680180445
sklearn_raw,0.002607561929595828,0.10614525139664804,0.9242169294145044
sklearn_raw,0.002607561929595828,0.11173184357541899,0.9185955038960815
sklearn_raw,0.003259452411994785,0.11173184357541899,0.9176724623671666
sklearn_raw,0.003259452411994785,0.11359404096834265,0.9156982193165122
sklearn_raw,0.005215123859191656,0.11359404096834265,0.905006794808053
sklearn_raw,0.005215123859191656,0.12476722532588454,0.8963229823231565
sklearn_raw,0.005867014341590613,0.12476722532588454,0.8956214079112703
sklearn_raw,0.005867014341590613,0.1266294227188082,0.895280950896926
sklearn_raw,0.007170795306388526,0.1266294227188082,0.8932268827155231
sklearn_raw,0.007170795306388526,0.1378026070763501,0.887395946954524
sklearn_raw,0.007822685788787484,0.1378026070763501,0.8869478516194452
sklearn_raw,0.007822685788787484,0.14152700186219738,0.8847490673022361
sklearn_raw,0.00847457627118644,0.14152700186219738,0.8837085687432532
sklearn_raw,0.00847457627118644,0.148975791433892,0.8800609364461962
sklearn_raw,0.009126466753585397,0.148975791433892,0.8791847156806348
sklearn_raw,0.009126466753585397,0.1527001862197393,0.8781668191224814
sklearn_raw,0.010430247718383311,0.1527001862197393,0.8747703469310403
sklearn_raw,0.010430247718383311,0.15456238361266295,0.8743848636456438
sklearn_raw,0.01108213820078227,0.15456238361266295,0.8725081712783278
sklearn_raw,0.01108213820078227,0.16201117318435754,0.8681608690689747
sklearn_raw,0.012385919165580182,0.16201117318435754,0.8622257048055998
sklearn_raw,0.012385919165580182,0.16759776536312848,0.856969866283927
sklearn_raw,0.014341590612777053,0.16759776536312848,0.8507880317606638
sklearn_raw,0.014341590612777053,0.17318435754189945,0.8484308114333488
sklearn_raw,0.01499348109517601,0.17318435754189945,0.8468247964344857
sklearn_raw,0.01499348109517601,0.1824953445065177,0.8405632025363393
sklearn_raw,0.01564537157757497,0.1824953445065177,0.8397680654845541
sklearn_raw,0.01564537157757497,0.18435754189944134,0.8382769367834327
sklearn_raw,0.016297262059973925,0.18435754189944134,0.8369597189552357
sklearn_raw,0.016297262059973925,0.1973929236499069,0.828407578535099
sklearn_raw,0.01694915254237288,0.1973929236499069,0.8259685114901436
sklearn_raw,0.01694915254237288,0.2011173184357542,0.8238585212568071
sklearn_raw,0.017601043024771838,0.2011173184357542,0.8234919475005955
sklearn_raw,0.017601043024771838,0.22905027932960895,0.804902012030789
sklearn_raw,0.018252933507170794,0.22905027932960895,0.8015988301916537
sklearn_raw,0.018252933507170794,0.24022346368715083,0.7889357494665624
sklearn_raw,0.018904823989569754,0.24022346368715083,0.7874054084989057
sklearn_raw,0.018904823989569754,0.24953445065176907,0.7800478600755686
sklearn_raw,0.01955671447196871,0.24953445065176907,0.7779614310899091
sklearn_raw,0.01955671447196871,0.2718808193668529,0.7548841741522164
sklearn_raw,0.020860495436766623,0.2718808193668529,0.7532148446574272
sklearn_raw,0.020860495436766623,0.2756052141527002,0.7497228787775776
sklearn_raw,0.02151238591916558,0.2756052141527002,0.7496981215192713
sklearn_raw,0.02151238591916558,0.2811918063314711,0.7466215987119822
sklearn_raw,0.02216427640156454,0.2811918063314711,0.746022524302391
sklearn_raw,0.02216427640156454,0.2849162011173184,0.7441658888729015
sklearn_raw,0.022816166883963495,0.2849162011173184,0.7428519546402014
sklearn_raw,0.022816166883963495,0.30353817504655495,0.7337296982970983
sklearn_raw,0.02346805736636245,0.30353817504655495,0.7332617886450127
sklearn_raw,0.02346805736636245,0.3091247672253259,0.7305209725284212
sklearn_raw,0.024119947848761408,0.3091247672253259,0.7296627057400675
sklearn_raw,0.024119947848761408,0.31098696461824954,0.7291561882738824
sklearn_raw,0.024771838331160364,0.31098696461824954,0.7291373008246074
sklearn_raw,0.024771838331160364,0.3165735567970205,0.7228297037038979
sklearn_raw,0.025423728813559324,0.3165735567970205,0.7227038991823276
sklearn_raw,0.025423728813559324,0.3240223463687151,0.7196240488348139
sklearn_raw,0.02607561929595828,0.3240223463687151,0.7194532512913846
sklearn_raw,0.02607561929595828,0.329608938547486,0.7185781268030248
sklearn_raw,0.026727509778357236,0.329608938547486,0.7168633401230402
sklearn_raw,0.026727509778357236,0.33147113594040967,0.7166217474932728
sklearn_raw,0.027379400260756193,0.33147113594040967,0.7142324036155153
sklearn_raw,0.027379400260756193,0.3333333333333333,0.7130875941581841
sklearn_raw,0.02803129074315515,0.3333333333333333,0.7121499957748942
sklearn_raw,0.02803129074315515,0.33891992551210426,0.7095773831090882
sklearn_raw,0.028683181225554105,0.33891992551210426,0.705204445499409
sklearn_raw,0.028683181225554105,0.3538175046554935,0.7010658821467733
sklearn_raw,0.029335071707953065,0.3538175046554935,0.7010488204726183
sklearn_raw,0.029335071707953065,0.37243947858473,0.6936179257436335
sklearn_raw,0.02998696219035202,0.37243947858473,0.6933257337308304
sklearn_raw,0.02998696219035202,0.3780260707635009,0.6920831390712352
sklearn_raw,0.030638852672750978,0.3780260707635009,0.6912834795113781
sklearn_raw,0.030638852672750978,0.37988826815642457,0.6911656119042662
sklearn_raw,0.03129074315514994,0.37988826815642457,0.6906160376763475
sklearn_raw,0.03129074315514994,0.38733705772811916,0.6881939542913382
sklearn_raw,0.031942633637548894,0.38733705772811916,0.6875590625532738
sklearn_raw,0.031942633637548894,0.3891992551210428,0.6862089013105724
sklearn_raw,0.033246414602346806,0.3891992551210428,0.6855041705637849
sklearn_raw,0.033246414602346806,0.3985102420856611,0.6802057001841985
sklearn_raw,0.03389830508474576,0.3985102420856611,0.6791437902335453
sklearn_raw,0.03389830508474576,0.4134078212290503,0.6667029048627171
sklearn_raw,0.03455019556714472,0.4134078212290503,0.6661704687187243
sklearn_raw,0.03455019556714472,0.4208566108007449,0.6626717155634438
sklearn_raw,0.03585397653194263,0.4208566108007449,0.6613177049077987
sklearn_raw,0.03585397653194263,0.4227188081936685,0.661032415500028
sklearn_raw,0.03650586701434159,0.4227188081936685,0.6601932602037889
sklearn_raw,0.03650586701434159,0.4245810055865922,0.6593298782851522
sklearn_raw,0.037157757496740544,0.4245810055865922,0.6586992296307653
sklearn_raw,0.037157757496740544,0.43575418994413406,0.6498673859035288
sklearn_raw,0.03780964797913951,0.43575418994413406,0.6478996619239892
sklearn_raw,0.03780964797913951,0.43947858472998136,0.647337517542617
sklearn_raw,0.038461538461538464,0.43947858472998136,0.6461468520956217
sklearn_raw,0.038461538461538464,0.4450651769087523,0.643886956939118
sklearn_raw,0.03911342894393742,0.4450651769087523,0.6429845438192605
sklearn_raw,0.03911342894393742,0.46368715083798884,0.6364202562914519
sklearn_raw,0.039765319426336376,0.46368715083798884,0.6350604361455467
sklearn_raw,0.039765319426336376,0.4767225325884544,0.624119794684062
sklearn_raw,0.04041720990873533,0.4767225325884544,0.6241140746922831
sklearn_raw,0.04041720990873533,0.48044692737430167,0.6214901280039592
sklearn_raw,0.04106910039113429,0.48044692737430167,0.6205961464058362
sklearn_raw,0.04106910039113429,0.48789571694599626,0.6155693581225875
sklearn_raw,0.041720990873533245,0.48789571694599626,0.615328644864538
sklearn_raw,0.041720990873533245,0.4897579143389199,0.6137936567047168
sklearn_raw,0.0423728813559322,0.4897579143389199,0.6136691032431764
sklearn_raw,0.0423728813559322,0.49162011173184356,0.613120019561533
sklearn_raw,0.043676662320730114,0.49162011173184356,0.6118627845993708
sklearn_raw,0.043676662320730114,0.49534450651769085,0.6109204973682935
sklearn_raw,0.044980443285528034,0.49534450651769085,0.6089778686775199
sklearn_raw,0.044980443285528034,0.5027932960893855,0.6080131521247868
sklearn_raw,0.04563233376792699,0.5027932960893855,0.6066892266741681
sklearn_raw,0.04563233376792699,0.5121042830540037,0.5975672453848094
sklearn_raw,0.046284224250325946,0.5121042830540037,0.5962389188831302
sklearn_raw,0.046284224250325946,0.515828677839851,0.5920514364683291
sklearn_raw,0.0469361147327249,0.515828677839851,0.5908862320659674
sklearn_raw,0.0469361147327249,0.521415270018622,0.5892435756535264
sklearn_raw,0.04758800521512386,0.521415270018622,0.5883041663559131
sklearn_raw,0.04758800521512386,0.5288640595903166,0.5854121403968912
sklearn_raw,0.048239895697522815,0.5288640595903166,0.5821933189049141
sklearn_raw,0.048239895697522815,0.5307262569832403,0.5806096398770016
sklearn_raw,0.04889178617992177,0.5307262569832403,0.5734498145811677
sklearn_raw,0.04889178617992177,0.5363128491620112,0.5640295980889182
sklearn_raw,0.05084745762711865,0.5363128491620112,0.5606954630412916
sklearn_raw,0.05084745762711865,0.5437616387337058,0.5565535588826662
sklearn_raw,0.05215123859191656,0.5437616387337058,0.5544177713329116
sklearn_raw,0.05215123859191656,0.553072625698324,0.5488944076247269
sklearn_raw,0.052803129074315516,0.553072625698324,0.5488939195954277
sklearn_raw,0.052803129074315516,0.5586592178770949,0.5433695780495348
sklearn_raw,0.05410691003911343,0.5586592178770949,0.5364650651687582
sklearn_raw,0.05410691003911343,0.5623836126629422,0.5352564545189541
sklearn_raw,0.05541069100391134,0.5623836126629422,0.5345800872577594
sklearn_raw,0.05541069100391134,0.5661080074487895,0.5249887095471146
sklearn_raw,0.0560625814863103,0.5661080074487895,0.5248717264870758
sklearn_raw,0.0560625814863103,0.5698324022346368,0.5226308972142634
sklearn_raw,0.056714471968709254,0.5698324022346368,0.5220436468936709
sklearn_raw,0.056714471968709254,0.5754189944134078,0.5150234160163856
sklearn_raw,0.05736636245110821,0.5754189944134078,0.5148970072361578
sklearn_raw,0.05736636245110821,0.5884543761638734,0.505670332115851
sklearn_raw,0.05997392438070404,0.5884543761638734,0.503362295127746
sklearn_raw,0.05997392438070404,0.590316573556797,0.503008618606156
sklearn_raw,0.060625814863103,0.590316573556797,0.5029103024086017
sklearn_raw,0.060625814863103,0.5977653631284916,0.5005775546595786
sklearn_raw,0.061277705345501955,0.5977653631284916,0.49634897556100094
sklearn_raw,0.061277705345501955,0.5996275605214153,0.496260852666133
sklearn_raw,0.06388526727509779,0.5996275605214153,0.4935784488785059
sklearn_raw,0.06388526727509779,0.6014897579143389,0.49180507264732687
sklearn_raw,0.06453715775749674,0.6014897579143389,0.49127265751298677
sklearn_raw,0.06453715775749674,0.6033519553072626,0.490541432812207
sklearn_raw,0.06584093872229466,0.6033519553072626,0.4874317724933432
sklearn_raw,0.06584093872229466,0.6089385474860335,0.483277554515842
sklearn_raw,0.06649282920469361,0.6089385474860335,0.48143764399912625
sklearn_raw,0.06649282920469361,0.6108007448789572,0.47949224040803073
sklearn_raw,0.06844850065189048,0.6108007448789572,0.4778953510410317
sklearn_raw,0.06844850065189048,0.6145251396648045,0.47448464816534597
sklearn_raw,0.06910039113428944,0.6145251396648045,0.4741181609113733
sklearn_raw,0.06910039113428944,0.6163873370577281,0.4733695999079693
sklearn_raw,0.0697522816166884,0.6163873370577281,0.47243771193282713
sklearn_raw,0.0697522816166884,0.6201117318435754,0.471323266286298
sklearn_raw,0.07040417209908735,0.6201117318435754,0.47081184011329014
sklearn_raw,0.07040417209908735,0.6256983240223464,0.46986645525875587
sklearn_raw,0.0710560625814863,0.6256983240223464,0.46838944326408805
sklearn_raw,0.0710560625814863,0.6294227188081937,0.4669737973240263
sklearn_raw,0.07301173402868318,0.6294227188081937,0.46533463524780716
sklearn_raw,0.07301173402868318,0.6312849162011173,0.4616408608463176
sklearn_raw,0.07431551499348109,0.6312849162011173,0.46123848787892874
sklearn_raw,0.07431551499348109,0.6405959031657356,0.4528917710490864
sklearn_raw,0.07496740547588006,0.6405959031657356,0.4524139922298886
sklearn_raw,0.07496740547588006,0.6499068901303539,0.44788900951957017
sklearn_raw,0.07561929595827901,0.6499068901303539,0.4478701261591817
sklearn_raw,0.07561929595827901,0.6573556797020484,0.4445202902213469
sklearn_raw,0.07627118644067797,0.6573556797020484,0.44373223768064973
sklearn_raw,0.07627118644067797,0.659217877094972,0.4422062963373099
sklearn_raw,0.07757496740547588,0.659217877094972,0.43921189134066896
sklearn_raw,0.07757496740547588,0.6610800744878957,0.4368044124941262
sklearn_raw,0.07822685788787484,0.6610800744878957,0.43596262923283363
sklearn_raw,0.07822685788787484,0.6629422718808193,0.4344376494339317
sklearn_raw,0.0788787483702738,0.6629422718808193,0.4339548319232552
sklearn_raw,0.0788787483702738,0.664804469273743,0.4336444639174312
sklearn_raw,0.08018252933507171,0.664804469273743,0.432876219428565
sklearn_raw,0.08018252933507171,0.6666666666666666,0.4300535173730026
sklearn_raw,0.08148631029986962,0.6666666666666666,0.4280580856547628
sklearn_raw,0.08148631029986962,0.6685288640595903,0.4276788149557551
sklearn_raw,0.08213820078226858,0.6685288640595903,0.42628664965676843
sklearn_raw,0.08213820078226858,0.6741154562383612,0.4234393067126674
sklearn_raw,0.08279009126466753,0.6741154562383612,0.42269396239902296
sklearn_raw,0.08279009126466753,0.6759776536312849,0.42051109987244106
sklearn_raw,0.08539765319426336,0.6759776536312849,0.41571545801921383
sklearn_raw,0.08539765319426336,0.6852886405959032,0.40973349463454767
sklearn_raw,0.08670143415906127,0.6852886405959032,0.40899992278102937
sklearn_raw,0.08670143415906127,0.6871508379888268,0.4087447432340461
sklearn_raw,0.08735332464146023,0.6871508379888268,0.4080998368983644
sklearn_raw,0.08735332464146023,0.6890130353817505,0.40807134462715533
sklearn_raw,0.08865710560625815,0.6890130353817505,0.40727993731154855
sklearn_raw,0.08865710560625815,0.6927374301675978,0.40672325529685743
sklearn_raw,0.08930899608865711,0.6927374301675978,0.4062376699884243
sklearn_raw,0.08930899608865711,0.6964618249534451,0.4060382207255478
sklearn_raw,0.08996088657105607,0.6964618249534451,0.4049433439831292
sklearn_raw,0.08996088657105607,0.7001862197392924,0.40400350205767704
sklearn_raw,0.09061277705345502,0.7001862197392924,0.4004266593783346
sklearn_raw,0.09061277705345502,0.7039106145251397,0.3987502707603703
sklearn_raw,0.09126466753585398,0.7039106145251397,0.3981925345219913
sklearn_raw,0.09126466753585398,0.7094972067039106,0.39694374393058895
sklearn_raw,0.09191655801825294,0.7094972067039106,0.3958517371984379
sklearn_raw,0.09191655801825294,0.7150837988826816,0.3929900581289678
sklearn_raw,0.09322033898305085,0.7150837988826816,0.3915366412185661
sklearn_raw,0.09322033898305085,0.7188081936685289,0.39014678677339065
sklearn_raw,0.0938722294654498,0.7188081936685289,0.38955757069298336
sklearn_raw,0.0938722294654498,0.7206703910614525,0.38815608243191796
sklearn_raw,0.09452411994784876,0.7206703910614525,0.3879060280806758
sklearn_raw,0.09452411994784876,0.7243947858472998,0.386999585203546
sklearn_raw,0.09517601043024772,0.7243947858472998,0.38555573802655907
sklearn_raw,0.09517601043024772,0.7262569832402235,0.38365862603162754
sklearn_raw,0.09582790091264667,0.7262569832402235,0.3831383994673576
sklearn_raw,0.09582790091264667,0.7281191806331471,0.38175745859209165
sklearn_raw,0.0984354628422425,0.7281191806331471,0.37846799024336825
sklearn_raw,0.0984354628422425,0.7337057728119181,0.3774119692997534
sklearn_raw,0.09908735332464146,0.7337057728119181,0.3770576989944686
sklearn_raw,0.09908735332464146,0.7392923649906891,0.3749930868110011
sklearn_raw,0.09973924380704041,0.7392923649906891,0.3737085401339213
sklearn_raw,0.09973924380704041,0.7411545623836127,0.3732088836925576
sklearn_raw,0.10560625814863103,0.7411545623836127,0.36734751908538676
sklearn_raw,0.10560625814863103,0.74487895716946,0.3665884817624106
sklearn_raw,0.10625814863102999,0.74487895716946,0.365146058223159
sklearn_raw,0.10625814863102999,0.7467411545623837,0.3648392871497654
sklearn_raw,0.10886571056062581,0.7467411545623837,0.35975995046685816
sklearn_raw,0.10886571056062581,0.7486033519553073,0.35951849733488395
sklearn_raw,0.1121251629726206,0.7486033519553073,0.3578170276250769
sklearn_raw,0.1121251629726206,0.750465549348231,0.35702436123079845
sklearn_raw,0.11408083441981746,0.750465549348231,0.35409127357130543
sklearn_raw,0.11408083441981746,0.7523277467411545,0.3536939815131104
sklearn_raw,0.11603650586701435,0.7523277467411545,0.35195805253377577
sklearn_raw,0.11603650586701435,0.7541899441340782,0.3518115132398651
sklearn_raw,0.11929595827900913,0.7541899441340782,0.34326218679920484
sklearn_raw,0.11929595827900913,0.7579143389199255,0.34291585756987625
sklearn_raw,0.121251629726206,0.7579143389199255,0.3411924185921927
sklearn_raw,0.121251629726206,0.7597765363128491,0.33959692414426795
sklearn_raw,0.12320730117340287,0.7597765363128491,0.3364254228771276
sklearn_raw,0.12320730117340287,0.7616387337057728,0.3363138215565532
sklearn_raw,0.12385919165580182,0.7616387337057728,0.33389568469156244
sklearn_raw,0.12385919165580182,0.7653631284916201,0.33161303918762347
sklearn_raw,0.12451108213820078,0.7653631284916201,0.3313829899525777
sklearn_raw,0.12451108213820078,0.7672253258845437,0.33132689720493647
sklearn_raw,0.12516297262059975,0.7672253258845437,0.3312713053367917
sklearn_raw,0.12516297262059975,0.7690875232774674,0.3310501030214599
sklearn_raw,0.1258148631029987,0.7690875232774674,0.33089324202607034
sklearn_raw,0.1258148631029987,0.770949720670391,0.3288368176584382
sklearn_raw,0.1271186440677966,0.770949720670391,0.3284750409451077
sklearn_raw,0.1271186440677966,0.7728119180633147,0.32628186140184473
sklearn_raw,0.12842242503259452,0.7728119180633147,0.3258887003437837
sklearn_raw,0.12842242503259452,0.776536312849162,0.325276637261287
sklearn_raw,0.12972620599739243,0.776536312849162,0.3250222350966653
sklearn_raw,0.12972620599739243,0.7802607076350093,0.32348712593106727
sklearn_raw,0.13102998696219034,0.7802607076350093,0.3226177627810476
sklearn_raw,0.13102998696219034,0.7821229050279329,0.3216469128936634
sklearn_raw,0.13298565840938723,0.7821229050279329,0.31937119987756835
sklearn_raw,0.13298565840938723,0.7839851024208566,0.31899923550068354
sklearn_raw,0.13494132985658408,0.7839851024208566,0.3177994720903855
sklearn_raw,0.13494132985658408,0.7858472998137802,0.3159311085631688
sklearn_raw,0.1408083441981747,0.7858472998137802,0.30708233823873393
sklearn_raw,0.1408083441981747,0.7877094972067039,0.30576740236021227
sklearn_raw,0.1440677966101695,0.7877094972067039,0.30346961611331363
sklearn_raw,0.1440677966101695,0.7895716945996276,0.30322594162642236
sklearn_raw,0.14797913950456323,0.7895716945996276,0.29810501442078985
sklearn_raw,0.14797913950456323,0.7914338919925512,0.2980789421963827
sklearn_raw,0.14863102998696218,0.7914338919925512,0.2968935380565096
sklearn_raw,0.14863102998696218,0.7932960893854749,0.296673863269961
sklearn_raw,0.15254237288135594,0.7932960893854749,0.29590050499543064
sklearn_raw,0.15254237288135594,0.7951582867783985,0.29567389345225364
sklearn_raw,0.15319426336375488,0.7951582867783985,0.2952576777555115
sklearn_raw,0.15319426336375488,0.7970204841713222,0.2947586933734021
sklearn_raw,0.15384615384615385,0.7970204841713222,0.2947309283860158
sklearn_raw,0.15384615384615385,0.7988826815642458,0.29458636784472314
sklearn_raw,0.1558018252933507,0.7988826815642458,0.293129134153345
sklearn_raw,0.1558018252933507,0.8026070763500931,0.2904416019779306
sklearn_raw,0.15645371577574968,0.8026070763500931,0.29028846672984987
sklearn_raw,0.15645371577574968,0.8063314711359404,0.28906985364502763
sklearn_raw,0.15710560625814862,0.8063314711359404,0.28851147568686014
sklearn_raw,0.15710560625814862,0.8081936685288641,0.28850102017509277
sklearn_raw,0.1590612777053455,0.8081936685288641,0.28830277919164904
sklearn_raw,0.1590612777053455,0.8100558659217877,0.28817476821376825
sklearn_raw,0.1681877444589309,0.8100558659217877,0.27803127864779653
sklearn_raw,0.1681877444589309,0.8119180633147114,0.2778478174331805
sklearn_raw,0.1694915254237288,0.8119180633147114,0.27683574015343343
sklearn_raw,0.1694915254237288,0.8156424581005587,0.27496328330675773
sklearn_raw,0.17470664928292046,0.8156424581005587,0.27131584939800185
sklearn_raw,0.17470664928292046,0.8175046554934823,0.27056310171172776
sklearn_raw,0.17535853976531943,0.8175046554934823,0.27016790884890973
sklearn_raw,0.17535853976531943,0.819366852886406,0.26977015073166194
sklearn_raw,0.17926988265971316,0.819366852886406,0.2646456567814927
sklearn_raw,0.17926988265971316,0.8230912476722533,0.26333878818410467
sklearn_raw,0.1897001303780965,0.8230912476722533,0.25662357723170615
sklearn_raw,0.1897001303780965,0.8268156424581006,0.25517974864674575
sklearn_raw,0.19361147327249023,0.8268156424581006,0.2532745739034153
sklearn_raw,0.19361147327249023,0.8305400372439479,0.25110661685337254
sklearn_raw,0.1981747066492829,0.8305400372439479,0.24675927000948011
sklearn_raw,0.1981747066492829,0.8324022346368715,0.24659830885496842
sklearn_raw,0.19882659713168188,0.8324022346368715,0.2463349861612964
sklearn_raw,0.19882659713168188,0.8342644320297952,0.24621750622642558
sklearn_raw,0.19947848761408082,0.8342644320297952,0.2449955381002266
sklearn_raw,0.19947848761408082,0.8361266294227188,0.24495339491258272
sklearn_raw,0.2138200782268579,0.8361266294227188,0.2395504716346478
sklearn_raw,0.2138200782268579,0.8379888268156425,0.23942986943028388
sklearn_raw,0.21903520208604954,0.8379888268156425,0.2366537592174067
sklearn_raw,0.21903520208604954,0.839851024208566,0.23639318273529536
sklearn_raw,0.2196870925684485,0.839851024208566,0.23505390268859472
sklearn_raw,0.2196870925684485,0.8417132216014898,0.23491120311972072
sklearn_raw,0.227509778357236,0.8417132216014898,0.2298038909889206
sklearn_raw,0.227509778357236,0.845437616387337,0.2293793004916786
sklearn_raw,0.2288135593220339,0.845437616387337,0.22843393954502156
sklearn_raw,0.2288135593220339,0.8472998137802608,0.22811241173115018
sklearn_raw,0.23402868318122555,0.8472998137802608,0.2237523139867806
sklearn_raw,0.23402868318122555,0.8491620111731844,0.2236935542016049
sklearn_raw,0.23663624511082137,0.8491620111731844,0.22278193424263454
sklearn_raw,0.23663624511082137,0.851024208566108,0.22272645406280955
sklearn_raw,0.23859191655801826,0.851024208566108,0.22109937737173993
sklearn_raw,0.23859191655801826,0.8547486033519553,0.21797068610003648
sklearn_raw,0.242503259452412,0.8547486033519553,0.21466052632811736
sklearn_raw,0.242503259452412,0.8566108007448789,0.214466500531522
sklearn_raw,0.24837027379400262,0.8566108007448789,0.21038801881533534
sklearn_raw,0.24837027379400262,0.8584729981378026,0.21032153566259387
sklearn_raw,0.2503259452411995,0.8584729981378026,0.20912993361230783
sklearn_raw,0.2503259452411995,0.8621973929236499,0.20721431801703366
sklearn_raw,0.2542372881355932,0.8621973929236499,0.20579444074397377
sklearn_raw,0.2542372881355932,0.8659217877094972,0.20494549935969178
sklearn_raw,0.25684485006518903,0.8659217877094972,0.20452931978966735
sklearn_raw,0.25684485006518903,0.8677839851024208,0.20413658754927252
sklearn_raw,0.26010430247718386,0.8677839851024208,0.20292784498985517
sklearn_raw,0.26010430247718386,0.8696461824953445,0.20205964812730717
sklearn_raw,0.2666232073011734,0.8696461824953445,0.19860906704974193
sklearn_raw,0.2666232073011734,0.8715083798882681,0.19825087073963124
sklearn_raw,0.26792698826597133,0.8715083798882681,0.19777347791300529
sklearn_raw,0.26792698826597133,0.8752327746741154,0.1968016372659773
sklearn_raw,0.27053455019556716,0.8752327746741154,0.1926677994759774
sklearn_raw,0.27053455019556716,0.8770949720670391,0.19208480516448967
sklearn_raw,0.2757496740547588,0.8770949720670391,0.18886461080689346
sklearn_raw,0.2757496740547588,0.8789571694599627,0.18871714987856725
sklearn_raw,0.28096479791395046,0.8789571694599627,0.1856964771173586
sklearn_raw,0.28096479791395046,0.8808193668528864,0.18503193845221483
sklearn_raw,0.2894393741851369,0.8808193668528864,0.17996497023437827
sklearn_raw,0.2894393741851369,0.88268156424581,0.17682614155046775
sklearn_raw,0.2907431551499348,0.88268156424581,0.17579757063289306
sklearn_raw,0.2907431551499348,0.8845437616387337,0.1750829612651721
sklearn_raw,0.2920469361147327,0.8845437616387337,0.17396191327565474
sklearn_raw,0.2920469361147327,0.8864059590316573,0.17342326349817277
sklearn_raw,0.29335071707953064,0.8864059590316573,0.17303921208322207
sklearn_raw,0.29335071707953064,0.888268156424581,0.17294318727468697
sklearn_raw,0.29595827900912647,0.888268156424581,0.17098781299738608
sklearn_raw,0.29595827900912647,0.8901303538175046,0.1698874057344296
sklearn_raw,0.3050847457627119,0.8901303538175046,0.1634094530406328
sklearn_raw,0.3050847457627119,0.8919925512104283,0.16325040276039984
sklearn_raw,0.3057366362451108,0.8919925512104283,0.1631322347754337
sklearn_raw,0.3057366362451108,0.8938547486033519,0.162920598037731
sklearn_raw,0.30834419817470665,0.8938547486033519,0.16154149051124095
sklearn_raw,0.30834419817470665,0.8957169459962756,0.16116011594941299
sklearn_raw,0.32529335071707954,0.8957169459962756,0.15168422314816363
sklearn_raw,0.32529335071707954,0.8994413407821229,0.15157380502128678
sklearn_raw,0.32790091264667537,0.8994413407821229,0.1496619903720202
sklearn_raw,0.32790091264667537,0.9013035381750466,0.14951468093053147
sklearn_raw,0.33116036505867014,0.9013035381750466,0.14765735835858143
sklearn_raw,0.33116036505867014,0.9031657355679702,0.14743400901874654
sklearn_raw,0.3396349413298566,0.9031657355679702,0.1375328656873362
sklearn_raw,0.3396349413298566,0.9050279329608939,0.13615260822863076
sklearn_raw,0.34028683181225555,0.9050279329608939,0.13603395964799045
sklearn_raw,0.34028683181225555,0.9068901303538175,0.1359180551969731
sklearn_raw,0.34419817470664926,0.9068901303538175,0.13357446137701412
sklearn_raw,0.34419817470664926,0.9087523277467412,0.13342396017192965
sklearn_raw,0.3513689700130378,0.9087523277467412,0.13026100376831717
sklearn_raw,0.3513689700130378,0.9106145251396648,0.12985544479937233
sklearn_raw,0.3520208604954368,0.9106145251396648,0.1298531135798359
sklearn_raw,0.3520208604954368,0.9124767225325885,0.1291808843799584
sklearn_raw,0.3663624511082138,0.9124767225325885,0.1231635035280373
sklearn_raw,0.3663624511082138,0.9162011173184358,0.12259352574527714
sklearn_raw,0.36962190352020863,0.9162011173184358,0.12197277603469409
sklearn_raw,0.36962190352020863,0.9180633147113594,0.12189495375518816
sklearn_raw,0.3709256844850065,0.9180633147113594,0.12100692022975347
sklearn_raw,0.3709256844850065,0.9217877094972067,0.12042720008016723
sklearn_raw,0.37157757496740546,0.9217877094972067,0.12035211346994762
sklearn_raw,0.37157757496740546,0.9236499068901304,0.11996201756718716
sklearn_raw,0.38396349413298564,0.9236499068901304,0.11223855649200026
sklearn_raw,0.38396349413298564,0.925512104283054,0.11182672194250463
sklearn_raw,0.38461538461538464,0.925512104283054,0.1112155607716893
sklearn_raw,0.38461538461538464,0.9273743016759777,0.11117259931765584
sklearn_raw,0.3852672750977836,0.9273743016759777,0.11106312126177363
sklearn_raw,0.3852672750977836,0.9292364990689013,0.11080725531149538
sklearn_raw,0.39960886571056065,0.9292364990689013,0.10439143354779412
sklearn_raw,0.39960886571056065,0.931098696461825,0.10419660212813178
sklearn_raw,0.4048239895697523,0.931098696461825,0.10193465861038603
sklearn_raw,0.4048239895697523,0.9329608938547486,0.10190152175946518
sklearn_raw,0.41003911342894395,0.9329608938547486,0.10067705618994598
sklearn_raw,0.41003911342894395,0.9348230912476723,0.100667941271616
sklearn_raw,0.41460234680573665,0.9348230912476723,0.10015535328427667
sklearn_raw,0.41460234680573665,0.9366852886405959,0.09988743462455416
sklearn_raw,0.4256844850065189,0.9366852886405959,0.09557768563957289
sklearn_raw,0.4256844850065189,0.9385474860335196,0.09534977261425906
sklearn_raw,0.4348109517601043,0.9385474860335196,0.09094210080865908
sklearn_raw,0.4348109517601043,0.9404096834264432,0.09082904936304902
sklearn_raw,0.44002607561929596,0.9404096834264432,0.08944264958270608
sklearn_raw,0.44002607561929596,0.9422718808193669,0.08932991993948307
sklearn_raw,0.455019556714472,0.9422718808193669,0.0850635052753627
sklearn_raw,0.455019556714472,0.9441340782122905,0.08446669387276928
sklearn_raw,0.46936114732724904,0.9441340782122905,0.07966550545987419
sklearn_raw,0.46936114732724904,0.9478584729981379,0.07911272740354668
sklearn_raw,0.470013037809648,0.9478584729981379,0.07813348223027029
sklearn_raw,0.470013037809648,0.9497206703910615,0.07732792233802312
sklearn_raw,0.4726205997392438,0.9497206703910615,0.07658353495358394
sklearn_raw,0.4726205997392438,0.9515828677839852,0.07632467771838664
sklearn_raw,0.48565840938722293,0.9515828677839852,0.07201283834165445
sklearn_raw,0.48565840938722293,0.9534450651769087,0.07189116359742126
sklearn_raw,0.4980443285528031,0.9534450651769087,0.0688689535462451
sklearn_raw,0.4980443285528031,0.957169459962756,0.06865194223690317
sklearn_raw,0.5019556714471969,0.957169459962756,0.06739339707924213
sklearn_raw,0.5019556714471969,0.9590316573556797,0.06736626856546286
sklearn_raw,0.5143415906127771,0.9590316573556797,0.06482208202472893
sklearn_raw,0.5143415906127771,0.9608938547486033,0.06479842875935696
sklearn_raw,0.515645371577575,0.9608938547486033,0.06456738256228575
sklearn_raw,0.515645371577575,0.9646182495344506,0.06415282568479498
sklearn_raw,0.5273794002607562,0.9646182495344506,0.06240043293701994
sklearn_raw,0.5273794002607562,0.9664804469273743,0.062246730174481645
sklearn_raw,0.5404172099087353,0.9664804469273743,0.05954664219169917
sklearn_raw,0.5404172099087353,0.9683426443202979,0.05950568013553987
sklearn_raw,0.5514993481095176,0.9683426443202979,0.0573438005546093
sklearn_raw,0.5514993481095176,0.9702048417132216,0.05734058371811804
sklearn_raw,0.5645371577574967,0.9702048417132216,0.053477794288854685
sklearn_raw,0.5645371577574967,0.9720670391061452,0.05336191580905429
sklearn_raw,0.5743155149934811,0.9720670391061452,0.05110235019258738
sklearn_raw,0.5743155149934811,0.9739292364990689,0.05092105460525582
sklearn_raw,0.5860495436766623,0.9739292364990689,0.048543929429522494
sklearn_raw,0.5860495436766623,0.9757914338919925,0.04831002170338025
sklearn_raw,0.6036505867014341,0.9757914338919925,0.044783917329223336
sklearn_raw,0.6036505867014341,0.9776536312849162,0.04441587215911993
sklearn_raw,0.6388526727509778,0.9776536312849162,0.03767647578102629
sklearn_raw,0.6388526727509778,0.9795158286778398,0.03761140822602453
sklearn_raw,0.6401564537157758,0.9795158286778398,0.037443436943922895
sklearn_raw,0.6401564537157758,0.9813780260707635,0.037257091705939716
sklearn_raw,0.6623207301173403,0.9813780260707635,0.033864708248427564
sklearn_raw,0.6623207301173403,0.9832402234636871,0.033719296436452224
sklearn_raw,0.758148631029987,0.9832402234636871,0.02300536897450483
sklearn_raw,0.758148631029987,0.9851024208566108,0.02299944356303194
sklearn_raw,0.7913950456323338,0.9851024208566108,0.01881446186011353
sklearn_raw,0.7913950456323338,0.9869646182495344,0.018786231856875654
sklearn_raw,0.7946544980443285,0.9869646182495344,0.018434924062334452
sklearn_raw,0.7946544980443285,0.9888268156424581,0.018423195110029395
sklearn_raw,0.8076923076923077,0.9888268156424581,0.01686023087392378
sklearn_raw,0.8076923076923077,0.9906890130353817,0.01680148240251137
sklearn_raw,0.848109517601043,0.9906890130353817,0.012562480401678499
sklearn_raw,0.848109517601043,0.9925512104283054,0.012548436920063133
sklearn_raw,0.8494132985658409,0.9925512104283054,0.012515563377230345
sklearn_raw,0.8494132985658409,0.994413407821229,0.012348636212551119
sklearn_raw,0.8526727509778357,0.994413407821229,0.011519023445850766
sklearn_raw,0.8526727509778357,0.9962756052141527,0.01128606517331803
sklearn_raw,0.863102998696219,0.9962756052141527,0.009946308284989176
sklearn_raw,0.863102998696219,0.9981378026070763,0.009897383837178657
sklearn_raw,0.8917861799217731,0.9981378026070763,0.006372494906518964
sklearn_raw,0.8917861799217731,1.0,0.0063107293470555
sklearn_raw,1.0,1.0,8.240431971584155e-05
